boundary_loss,boundary_loss_epoch,boundary_loss_step,epoch,integrat_loss,integrat_loss_epoch,integrat_loss_step,population_loss,population_loss_epoch,population_loss_step,residual loss,residual loss_epoch,residual loss_step,step,total_loss,total_loss_epoch,total_loss_step,val_loss
,,33.327938079833984,0,,,304.625732421875,,,2084.00830078125,,,0.015947416424751282,49,,,663.3726806640625,
,,33.08407211303711,0,,,304.0520324707031,,,2102.361083984375,,,0.009498529136180878,49,,,661.809814453125,
32.175289154052734,,,0,290.1256103515625,,,3670.752197265625,,,0.009469541721045971,,,62,635.789306640625,,,635.789306640625
27.21995735168457,,,0,281.9793395996094,,,11496.76171875,,,0.005359816364943981,,,62,615.4189453125,,,615.4189453125
,56.16661071777344,,0,,258.5704040527344,,,22682.796875,,,0.0382842943072319,,62,,618.7012329101562,,
,51.107513427734375,,0,,238.36154174804688,,,73906.203125,,,0.04321476072072983,,62,,569.3985595703125,,
,,21.42786407470703,1,,,305.8943786621094,,,2008.3082275390625,,,0.0011011615861207247,99,,,644.7453002929688,
,,59.80474090576172,1,,,218.1431884765625,,,44062.8671875,,,0.003028914798051119,99,,,540.0279541015625,
34.88732147216797,,,1,268.27288818359375,,,13669.267578125,,,0.1428106725215912,,,125,592.2310791015625,,,592.2310791015625
,33.39048385620117,,1,,269.9776916503906,,,16381.78125,,,0.0535614900290966,,125,,597.3251342773438,,
31.970943450927734,,,1,267.4147644042969,,,7651.43212890625,,,0.07284069806337357,,,125,589.1268920898438,,,589.1268920898438
,41.096256256103516,,1,,257.8198547363281,,,14570.4775390625,,,0.06207898259162903,,125,,587.2620849609375,,
,,31.797992706298828,2,,,252.80679321289062,,,9700.3759765625,,,7.348411600105464e-05,149,,,555.156494140625,
,,87.6734619140625,2,,,199.6684112548828,,,4946.38916015625,,,0.5062668323516846,149,,,538.3666381835938,
23.97329330444336,,,2,268.49847412109375,,,9381.296875,,,0.3834315240383148,,,188,573.3090209960938,,,573.3090209960938
,31.253236770629883,,2,,261.7057189941406,,,10870.4619140625,,,0.27260810136795044,,188,,572.8287353515625,,
51.58884048461914,,,2,244.49526977539062,,,3243.86474609375,,,0.31232863664627075,,,188,567.5211791992188,,,567.5211791992188
,30.94243621826172,,2,,262.6145324707031,,,12616.5361328125,,,0.08311576396226883,,188,,576.3062133789062,,
,,22.37075424194336,3,,,256.61480712890625,,,3634.07958984375,,,1.4972860299167223e-05,199,,,546.874755859375,
,,42.314510345458984,3,,,218.29029846191406,,,31917.513671875,,,0.005871059373021126,199,,,505.49908447265625,
,,19.562952041625977,3,,,257.39599609375,,,6151.4013671875,,,2.8727999961120076e-05,249,,,543.322021484375,
,,76.81861877441406,3,,,203.4540557861328,,,11977.2197265625,,,6.14627742767334,249,,,511.7635498046875,
30.365476608276367,,,3,261.06494140625,,,4626.06494140625,,,0.15432274341583252,,,251,565.6666259765625,,,565.6666259765625
,21.598581314086914,,3,,260.328857421875,,,10963.14453125,,,0.0583004429936409,,251,,555.14990234375,,
11.733793258666992,,,3,269.0469970703125,,,632.0547485351562,,,7.515020843129605e-05,,,251,557.2600708007812,,,557.2600708007812
,27.225255966186523,,3,,259.75933837890625,,,4898.111328125,,,0.8265498876571655,,251,,559.3264770507812,,
,,13.875120162963867,4,,,254.6475830078125,,,423.4764099121094,,,1.3478045275405748e-06,299,,,528.6194458007812,
,,1.0387380123138428,4,,,319.7054443359375,,,3003.2841796875,,,1.634533873584587e-05,299,,,640.9498901367188,
11.179597854614258,,,4,288.7149658203125,,,2358.084228515625,,,3.018848419189453,,,314,592.5253295898438,,,592.5253295898438
,20.872098922729492,,4,,260.8171691894531,,,3572.99365234375,,,2.028022289276123,,314,,551.0625610351562,,
8.933963775634766,,,4,278.4858093261719,,,1431.7144775390625,,,0.0011700368486344814,,,314,571.0154418945312,,,571.0154418945312
,20.84507942199707,,4,,264.1332092285156,,,7793.328125,,,0.10386025160551071,,314,,559.146484375,,
,,20.8310489654541,5,,,217.91238403320312,,,168.09954833984375,,,0.0001569162996020168,349,,,467.7137451171875,
,,3.4224140644073486,5,,,304.30352783203125,,,808.3216552734375,,,6.503426448034588e-06,349,,,612.8250732421875,
2.466874599456787,,,5,281.8140563964844,,,317.7259216308594,,,1.387284669362998e-06,,,377,567.2522583007812,,,567.2522583007812
,13.982610702514648,,5,,262.9550476074219,,,1644.238525390625,,,3.779609441757202,,377,,545.4010620117188,,
25.482851028442383,,,5,249.3648681640625,,,3936.553955078125,,,0.2710876762866974,,,377,534.3699340820312,,,534.3699340820312
,14.70129108428955,,5,,267.0627136230469,,,3536.04248046875,,,0.11294442415237427,,377,,555.2764892578125,,
,,0.3964534103870392,6,,,282.45751953125,,,-417.47601318359375,,,1.6340186448360328e-06,399,,,565.7967529296875,
,,57.54461669921875,6,,,204.16192626953125,,,8031.3525390625,,,0.9195444583892822,399,,,485.4844055175781,
10.44546127319336,,,6,274.6449890136719,,,2645.698974609375,,,14.424704551696777,,,440,562.585205078125,,,562.585205078125
,15.513043403625488,,6,,256.9580383300781,,,2716.52392578125,,,12.599715232849121,,440,,534.5391235351562,,
20.74342155456543,,,6,250.7640380859375,,,4458.34375,,,0.4438336193561554,,,440,529.5414428710938,,,529.5414428710938
,13.109440803527832,,6,,262.73187255859375,,,2595.756103515625,,,0.16998495161533356,,440,,543.6210327148438,,
,,1.382007122039795,7,,,262.7306213378906,,,544.4911499023438,,,3.184817103374371e-07,449,,,527.597412109375,
,,16.302959442138672,7,,,220.6720733642578,,,321.3656311035156,,,0.0037072289269417524,449,,,465.32598876953125,
,,0.8715375661849976,7,,,263.717041015625,,,254.0183868408203,,,1.8094041820404527e-07,499,,,528.7217407226562,
,,0.8402079343795776,7,,,282.7967834472656,,,-246.0260467529297,,,1.097609583666781e-06,499,,,566.8087158203125,
11.885873794555664,,,7,257.02728271484375,,,6056.11376953125,,,18.020187377929688,,,503,529.0033569335938,,,529.0033569335938
,13.297911643981934,,7,,256.79779052734375,,,4267.4267578125,,,20.2546443939209,,503,,530.8394165039062,,
0.9711115956306458,,,7,288.2111511230469,,,546.4835815429688,,,9.569504300088738e-07,,,503,578.133056640625,,,578.133056640625
,12.73495864868164,,7,,266.8360900878906,,,3217.832275390625,,,0.37343156337738037,,503,,550.9228515625,,
,,1.8014352321624756,8,,,283.305419921875,,,-71.11731719970703,,,3.548717302237492e-07,549,,,568.6546020507812,
,,14.225151062011719,8,,,218.47500610351562,,,133.80323791503906,,,0.0028174608014523983,549,,,456.9956970214844,
4.544022560119629,,,8,258.4122009277344,,,-4.675405502319336,,,4.000879926024936e-06,,,566,522.518310546875,,,522.518310546875
,6.877366542816162,,8,,263.99493408203125,,,3563.067626953125,,,11.513246536254883,,566,,536.8524780273438,,
3.2013204097747803,,,8,281.8839416503906,,,38.400367736816406,,,0.00037312755011953413,,,566,568.313720703125,,,568.313720703125
,8.999443054199219,,8,,267.9552917480469,,,2649.24169921875,,,0.44119709730148315,,566,,548.0564575195312,,
,,7.58113956451416,9,,,222.38668823242188,,,5.88659143447876,,,1.3757247870671563e-05,599,,,455.32861328125,
,,0.7977510690689087,9,,,263.64361572265625,,,616.4589233398438,,,4.371002546577074e-07,599,,,528.4463500976562,
1.6046416759490967,,,9,276.85009765625,,,72.30140686035156,,,9.93940716398356e-08,,,629,556.4561767578125,,,556.4561767578125
,9.381706237792969,,9,,264.078369140625,,,6932.1396484375,,,20.528308868408203,,629,,540.2694702148438,,
8.002917289733887,,,9,266.50250244140625,,,1868.4449462890625,,,0.6053680181503296,,,629,543.6228637695312,,,543.6228637695312
,7.397522926330566,,9,,266.0832824707031,,,2338.479248046875,,,0.4187207818031311,,629,,542.2626342773438,,
,,1.5395843982696533,10,,,317.0355224609375,,,70.7286376953125,,,1.7247330674763361e-07,649,,,638.0160522460938,
,,1.0117340087890625,10,,,316.2470397949219,,,138.0718994140625,,,3.7098823213455034e-07,649,,,635.2196044921875,
1.8856827020645142,,,10,273.79754638671875,,,35.66642761230469,,,2.947052962554153e-06,,,692,550.7385864257812,,,550.7385864257812
,8.281614303588867,,10,,268.5041198730469,,,8969.2841796875,,,26.35816764831543,,692,,548.0708618164062,,
12.088616371154785,,,10,261.11865234375,,,6700.2236328125,,,2.0517258644104004,,,692,538.0194702148438,,,538.0194702148438
,9.802196502685547,,10,,263.52716064453125,,,3059.50927734375,,,0.9933592677116394,,692,,540.0783081054688,,
,,37.291526794433594,11,,,202.6459197998047,,,55053.6796875,,,183.03001403808594,699,,,450.78448486328125,
,,1.2948081493377686,11,,,317.06341552734375,,,101.03865814208984,,,2.817775452967908e-07,699,,,637.5782470703125,
,,2.49643611907959,11,,,255.93624877929688,,,8.008752822875977,,,2.045793223715009e-08,749,,,514.752197265625,
,,1.656308889389038,11,,,318.3336181640625,,,79.26863098144531,,,2.2359743923061615e-07,749,,,640.9529418945312,
2.9694342613220215,,,11,279.7507629394531,,,11.488019943237305,,,1.858497626017197e-06,,,755,563.961181640625,,,563.961181640625
,7.375194072723389,,11,,261.6371765136719,,,7853.66748046875,,,25.433687210083008,,755,,532.84130859375,,
2.997345209121704,,,11,283.1201477050781,,,67.4779281616211,,,2.3504217097070068e-05,,,755,571.0665283203125,,,571.0665283203125
,7.1852264404296875,,11,,264.83624267578125,,,2909.350830078125,,,1.0285284519195557,,755,,539.4607543945312,,
,,0.4578378200531006,12,,,262.7736511230469,,,82.87052154541016,,,4.8895103077484237e-08,799,,,526.2540283203125,
,,1.7169609069824219,12,,,315.8531494140625,,,89.40657806396484,,,2.0630545805033762e-07,799,,,635.9292602539062,
12.48996353149414,,,12,251.667236328125,,,16071.3515625,,,70.19183349609375,,,818,519.8629150390625,,,519.8629150390625
,7.652256488800049,,12,,256.88421630859375,,,8074.6611328125,,,33.212032318115234,,818,,524.0397338867188,,
12.778820037841797,,,12,247.48928833007812,,,6735.1455078125,,,3.039565324783325,,,818,512.3074951171875,,,512.3074951171875
,3.91544771194458,,12,,273.8463134765625,,,926.2528076171875,,,0.44158071279525757,,818,,553.4296875,,
,,31.02951431274414,13,,,200.25341796875,,,57754.60546875,,,257.668212890625,849,,,438.6241149902344,
,,1.7370253801345825,13,,,315.7660217285156,,,72.91222381591797,,,1.8444947613716067e-07,849,,,636.04833984375,
2.542273998260498,,,13,267.5273742675781,,,13.64273738861084,,,4.856441364609054e-07,,,881,538.7329711914062,,,538.7329711914062
,5.264460563659668,,13,,266.0472412109375,,,5105.91796875,,,21.731821060180664,,881,,539.5633544921875,,
6.393125534057617,,,13,256.9512023925781,,,2474.553466796875,,,1.6859337091445923,,,881,522.2359619140625,,,522.2359619140625
,7.23802375793457,,13,,263.540283203125,,,3550.369873046875,,,1.7524532079696655,,881,,536.940673828125,,
,,26.809186935424805,14,,,205.63059997558594,,,45505.75,,,265.9576416015625,899,,,443.3612976074219,
,,7.842532157897949,14,,,218.93675231933594,,,14.802711486816406,,,4.061510844621807e-05,899,,,448.3411560058594,
12.205577850341797,,,14,233.16207885742188,,,6356.18798828125,,,4.772627830505371,,,944,481.64727783203125,,,481.64727783203125
,5.920333385467529,,14,,258.3622741699219,,,2278.501220703125,,,1.6456342935562134,,944,,524.6436157226562,,
4.744210243225098,,,14,270.540283203125,,,7738.16943359375,,,46.22140121459961,,,944,548.0224609375,,,548.0224609375
,7.5806050300598145,,14,,259.46588134765625,,,10553.478515625,,,63.219730377197266,,944,,529.1751098632812,,
,,2.381709098815918,15,,,254.11102294921875,,,23.805259704589844,,,8.893660208286747e-08,949,,,511.0203857421875,
,,24.13297462463379,15,,,205.7937774658203,,,49682.47265625,,,276.78668212890625,949,,,440.39117431640625,
,,3.621370315551758,15,,,284.24749755859375,,,-21.828102111816406,,,1.354108576379076e-07,999,,,573.0961303710938,
,,4.166295051574707,15,,,283.06011962890625,,,-11.445206642150879,,,8.144080254623987e-08,999,,,571.4061279296875,
6.200400352478027,,,15,253.00006103515625,,,2039.197021484375,,,2.8506975173950195,,,1007,514.4906616210938,,,514.4906616210938
,6.830487251281738,,15,,260.5785217285156,,,3059.027587890625,,,2.995563507080078,,1007,,530.404296875,,
6.172571659088135,,,15,285.4469299316406,,,7904.14208984375,,,67.43374633789062,,,1007,580.0142211914062,,,580.0142211914062
,6.1178107261657715,,15,,266.0137634277344,,,8721.9697265625,,,64.5039291381836,,1007,,540.7081909179688,,
,,25.808483123779297,16,,,199.1879119873047,,,39772.6875,,,37.529632568359375,1049,,,431.8555603027344,
,,5.326638221740723,16,,,219.27218627929688,,,1.5132287740707397,,,1.598926701262826e-06,1049,,,445.4969177246094,
5.344906330108643,,,16,273.2204895019531,,,7830.060546875,,,7.423290252685547,,,1070,554.886962890625,,,554.886962890625
,5.969841957092285,,16,,266.4322509765625,,,4286.43994140625,,,5.11393404006958,,1070,,541.2176513671875,,
8.189322471618652,,,16,252.33209228515625,,,16378.7802734375,,,185.26641845703125,,,1070,515.3182373046875,,,515.3182373046875
,6.130635738372803,,16,,256.13330078125,,,8876.4892578125,,,84.08436584472656,,1070,,520.7073364257812,,
,,1.9437471628189087,17,,,256.4901428222656,,,17.780559539794922,,,6.676550867723563e-08,1099,,,515.4021606445312,
,,0.3927677273750305,17,,,0.2964760959148407,,,0.25025883316993713,,,2.2069635008392652e-08,1099,,,4.13836669921875,
5.167530536651611,,,17,255.70274353027344,,,8706.4326171875,,,9.625386238098145,,,1133,518.5299072265625,,,518.5299072265625
,5.995205402374268,,17,,267.5689392089844,,,6063.845703125,,,7.78583288192749,,1133,,543.9432373046875,,
,,0.20878909528255463,18,,,306.6249084472656,,,19.800315856933594,,,1.0128824357025223e-07,1149,,,616.0693359375,
2.80597186088562,,,17,4.53606653213501,,,33.553955078125,,,5.874726412002929e-07,,,1133,14.142041206359863,,,14.142041206359863
,4.905630111694336,,17,,102.61627197265625,,,7094.90966796875,,,74.25363159179688,,1133,,212.8234100341797,,
,,0.8268970251083374,18,,,3.9562556743621826,,,87.60311889648438,,,7.355384923357633e-08,1149,,,9.589021682739258,
12.564586639404297,,,18,244.96961975097656,,,22624.888671875,,,30.97479820251465,,,1196,506.86151123046875,,,506.86151123046875
,4.997945308685303,,18,,266.8009338378906,,,3262.9375,,,5.969484329223633,,1196,,541.0086669921875,,
,,2.26806378364563,19,,,254.3252410888672,,,20.61737823486328,,,7.559221160136076e-08,1199,,,511.3621826171875,
3.37544584274292,,,18,1.933740258216858,,,5.98446798324585,,,1.5025800337298278e-07,,,1196,9.826725959777832,,,9.826725959777832
,6.219107627868652,,18,,6.09064245223999,,,11437.5517578125,,,3.357447624206543,,1196,,22.09121322631836,,
,,3.5590903759002686,19,,,2.0306687355041504,,,1.03882896900177,,,6.043349003448384e-07,1199,,,9.653182983398438,
,,0.3775935173034668,19,,,263.42938232421875,,,125.06786346435547,,,8.5574995978277e-08,1249,,,527.5579833984375,
3.827773094177246,,,19,258.6480407714844,,,14.931779861450195,,,3.3382016226823907e-06,,,1259,523.5867309570312,,,523.5867309570312
,5.001805305480957,,19,,260.64434814453125,,,4828.0068359375,,,9.593701362609863,,1259,,528.294921875,,
,,1.0266592502593994,19,,,0.32088136672973633,,,0.7335063815116882,,,1.5752477100505757e-09,1249,,,2.8008947372436523,
,,5.854068756103516,20,,,219.27052307128906,,,8.329187393188477,,,4.158124284003861e-06,1299,,,446.3684387207031,
5.30989408493042,,,19,4.096725940704346,,,8125.5322265625,,,26.678152084350586,,,1259,16.920236587524414,,,16.920236587524414
,5.839486598968506,,19,,4.654667377471924,,,9673.62890625,,,29.04747772216797,,1259,,18.927818298339844,,
2.61171555519104,,,20,280.74371337890625,,,41.3006706237793,,,7.29796340692701e-07,,,1322,566.1537475585938,,,566.1537475585938
,4.386211395263672,,20,,266.69842529296875,,,5273.50439453125,,,9.457939147949219,,1322,,539.8908081054688,,
,,0.402851402759552,21,,,263.92327880859375,,,129.0687255859375,,,8.765690751033617e-08,1349,,,528.4605102539062,
,,5.132208824157715,20,,,0.23135006427764893,,,0.6837608218193054,,,4.3455156140126405e-11,1299,,,12.484331130981445,
5.161222457885742,,,20,3.20588755607605,,,7660.09130859375,,,137.02914428710938,,,1322,14.898635864257812,,,14.898635864257812
,4.944669246673584,,20,,5.673373699188232,,,7073.78173828125,,,85.85943603515625,,1322,,19.356338500976562,,
5.479650497436523,,,21,263.00079345703125,,,6647.693359375,,,15.184492111206055,,,1385,533.8905029296875,,,533.8905029296875
,4.118802547454834,,21,,263.10601806640625,,,3608.739013671875,,,9.066652297973633,,1385,,532.385009765625,,
,,2.0503926277160645,22,,,253.31689453125,,,17.879240036010742,,,6.469614532988999e-08,1399,,,509.1029968261719,
,,15.987220764160156,21,,,17.48764419555664,,,53694.80078125,,,3052.67431640625,1349,,,55.17258071899414,
3.946134090423584,,,22,252.8754425048828,,,2992.485107421875,,,12.432445526123047,,,1448,511.34527587890625,,,511.34527587890625
,4.735743045806885,,22,,267.1551513671875,,,4129.0859375,,,11.202010154724121,,1448,,541.3709716796875,,
,,0.3605731725692749,23,,,262.5050048828125,,,121.41852569580078,,,8.914661719927608e-08,1449,,,525.6467895507812,
6.127275466918945,,,21,2.818307638168335,,,8046.7919921875,,,69.03471374511719,,,1385,14.864044189453125,,,14.864044189453125
,5.404881477355957,,21,,4.561045169830322,,,24064.89453125,,,453.6740417480469,,1385,,17.42606544494629,,
,,15.056556701660156,22,,,15.223432540893555,,,54496.30078125,,,9.881586074829102,1399,,,51.04203796386719,
,,2.8539178371429443,23,,,318.3174133300781,,,40.69071960449219,,,9.713652815435125e-08,1499,,,643.7589721679688,
4.985445976257324,,,23,255.57017517089844,,,9611.1044921875,,,26.37082290649414,,,1511,518.7735595703125,,,518.7735595703125
,5.756922245025635,,23,,261.5526428222656,,,9681.95703125,,,28.763933181762695,,1511,,531.5643920898438,,
6.39102840423584,,,22,5.09999942779541,,,15725.482421875,,,8.984818458557129,,,1448,20.061704635620117,,,20.061704635620117
,4.428180694580078,,22,,2.6576035022735596,,,7019.33349609375,,,2.649876832962036,,1448,,13.349090576171875,,
,,0.7199482917785645,23,,,0.4439811408519745,,,2.6832761764526367,,,4.824755706067663e-09,1449,,,2.292819023132324,
,,0.2634356617927551,24,,,304.55303955078125,,,17.003570556640625,,,7.949287805786298e-08,1549,,,612.2437133789062,
5.275747299194336,,,24,249.44696044921875,,,14202.82421875,,,31.1607608795166,,,1574,506.845703125,,,506.845703125
,4.3821187019348145,,24,,263.9168701171875,,,7894.35986328125,,,22.104169845581055,,1574,,534.4116821289062,,
,,0.9571597576141357,23,,,0.38454920053482056,,,0.030393071472644806,,,8.202728274397941e-09,1499,,,2.392655372619629,
,,0.2040960192680359,25,,,303.5360107421875,,,20.196683883666992,,,9.931330424706175e-08,1599,,,609.767578125,
1.5837843418121338,,,23,0.4761992394924164,,,0.8176414966583252,,,7.99877220014622e-10,,,1511,6.513463497161865,,,6.513463497161865
,3.915804862976074,,23,,2.5467333793640137,,,6133.5322265625,,,1.9637541770935059,,1511,,11.901874542236328,,
4.159449100494385,,,25,273.81695556640625,,,12499.607421875,,,28.95122718811035,,,1637,554.2550048828125,,,554.2550048828125
,4.399677276611328,,25,,268.5749206542969,,,7779.94677734375,,,23.05828285217285,,1637,,543.6171875,,
,,14.135543823242188,24,,,22.920257568359375,,,57515.37109375,,,7.822054862976074,1549,,,66.09893798828125,
,,2.1244733333587646,26,,,256.00262451171875,,,18.818391799926758,,,7.2427667419106e-08,1649,,,514.5780029296875,
6.322953224182129,,,24,4.931035041809082,,,15419.435546875,,,4.711731433868408,,,1574,20.89769744873047,,,20.89769744873047
,3.5256459712982178,,24,,3.1211659908294678,,,4466.2529296875,,,1.0178309679031372,,1574,,12.190807342529297,,
,,0.4511151909828186,26,,,262.660888671875,,,167.4820556640625,,,1.0378804660149399e-07,1699,,,525.9658813476562,
2.373080015182495,,,26,286.9363098144531,,,25.402122497558594,,,1.0457424082233047e-07,,,1700,578.0652465820312,,,578.0652465820312
,3.64597225189209,,26,,266.4815979003906,,,4771.3056640625,,,14.324950218200684,,1700,,538.5099487304688,,
,,11.954052925109863,25,,,18.2104549407959,,,53124.94921875,,,16.46038818359375,1599,,,52.919071197509766,
,,3.458930492401123,27,,,283.1559753417969,,,-23.907115936279297,,,1.3622920391753723e-07,1749,,,570.5676879882812,
6.131485939025879,,,25,5.639058589935303,,,16425.673828125,,,5.505157947540283,,,1637,21.682846069335938,,,21.682846069335938
,4.477836608886719,,25,,3.8641109466552734,,,8882.4921875,,,2.154971122741699,,1637,,15.35399341583252,,
2.5632293224334717,,,27,275.45257568359375,,,26.114171981811523,,,1.980415191837892e-07,,,1763,554.9003295898438,,,554.9003295898438
,4.013606071472168,,27,,267.14825439453125,,,5096.23974609375,,,16.818626403808594,,1763,,540.4222412109375,,
,,1.0078173875808716,26,,,0.23597684502601624,,,0.10796022415161133,,,1.0373049086354058e-08,1649,,,2.140624761581421,
,,2.2284560203552246,28,,,317.67889404296875,,,48.24037170410156,,,1.273569694149046e-07,1799,,,641.1105346679688,
,,14.506349563598633,26,,,14.197355270385742,,,51969.9453125,,,18.437938690185547,1699,,,47.39934539794922,
1.5188038349151611,,,26,0.263530969619751,,,1.0754265785217285,,,1.762307100250382e-08,,,1700,3.8950746059417725,,,3.8950746059417725
,3.5453479290008545,,26,,2.1907005310058594,,,5103.73828125,,,1.418088436126709,,1700,,10.40104866027832,,
5.378608226776123,,,28,251.73268127441406,,,12590.5966796875,,,29.738563537597656,,,1826,510.98956298828125,,,510.98956298828125
,3.238537549972534,,28,,268.43499755859375,,,4297.92626953125,,,12.45983600616455,,1826,,541.9691162109375,,
,,4.166426658630371,29,,,222.1622314453125,,,7.2230119705200195,,,1.2353814327070722e-07,1849,,,450.3629455566406,
,,1.3104599714279175,27,,,0.3216264843940735,,,0.024458905681967735,,,1.202050370352481e-08,1749,,,2.5298914909362793,
3.942514181137085,,,29,266.3734130859375,,,4110.22021484375,,,21.580163955688477,,,1889,538.9547119140625,,,538.9547119140625
,4.198519706726074,,29,,262.9896545410156,,,6937.45458984375,,,23.715246200561523,,1889,,532.1036987304688,,
4.666196823120117,,,27,2.345648765563965,,,7515.29833984375,,,10.24616813659668,,,1763,11.472098350524902,,,11.472098350524902
,4.1656575202941895,,27,,2.7738730907440186,,,6863.0615234375,,,7.760244369506836,,1763,,12.106743812561035,,
,,0.17731444537639618,30,,,303.59765625,,,22.454689025878906,,,1.118769930030794e-07,1899,,,609.6461791992188,
,,1.405668020248413,28,,,0.1746889352798462,,,0.034634534269571304,,,1.1297057511683306e-08,1799,,,2.2510950565338135,
,,3.7289299964904785,30,,,284.6866149902344,,,-20.58355140686035,,,1.247591683295468e-07,1949,,,573.95556640625,
4.808238983154297,,,30,282.2934265136719,,,11395.046875,,,32.66843032836914,,,1952,572.6759643554688,,,572.6759643554688
,4.216933250427246,,30,,265.0041198730469,,,12278.0302734375,,,29.945396423339844,,1952,,536.2664794921875,,
2.2454590797424316,,,28,0.20072989165782928,,,0.6780689358711243,,,3.838385254084642e-08,,,1826,3.941148042678833,,,3.941148042678833
,4.117168426513672,,28,,2.684065818786621,,,7148.36865234375,,,9.843242645263672,,1826,,11.69499397277832,,
,,0.4641125798225403,29,,,0.4385051131248474,,,5.527706623077393,,,1.1682475431484818e-08,1849,,,1.6307376623153687,
,,2.756289005279541,31,,,315.8638610839844,,,38.6673469543457,,,8.930508954563265e-08,1999,,,638.43310546875,
3.7432773113250732,,,31,278.66339111328125,,,14966.33984375,,,39.72145462036133,,,2015,563.5335083007812,,,563.5335083007812
,4.633238792419434,,31,,256.178466796875,,,15881.6494140625,,,42.32157897949219,,2015,,519.1712646484375,,
3.8580758571624756,,,29,2.758697271347046,,,7781.65869140625,,,29.130775451660156,,,1889,11.174070358276367,,,11.174070358276367
,3.6347944736480713,,29,,2.864880084991455,,,6974.6298828125,,,19.723562240600586,,1889,,11.725223541259766,,
,,4.016855239868164,32,,,283.556884765625,,,-16.432701110839844,,,1.0707236697271583e-07,2049,,,572.0767822265625,
,,0.28803184628486633,30,,,0.30731475353240967,,,0.24906988441944122,,,7.147257896633619e-09,1899,,,3.7345166206359863,
4.780015468597412,,,32,243.99021911621094,,,6653.45703125,,,27.271568298339844,,,2078,494.888427734375,,,494.888427734375
,3.448651075363159,,32,,265.89801025390625,,,4982.10400390625,,,15.198504447937012,,2078,,537.2007446289062,,
,,2.295290946960449,33,,,316.6465759277344,,,46.43815994262695,,,1.1803483346284338e-07,2099,,,639.1394653320312,
,,1.7706023454666138,30,,,0.18567733466625214,,,0.09754153341054916,,,1.733346621790588e-08,1949,,,2.5926806926727295,
3.9308643341064453,,,30,3.3014886379241943,,,8296.4814453125,,,35.25999450683594,,,1952,12.684345245361328,,,12.684345245361328
,3.939009428024292,,30,,2.989866018295288,,,7151.3876953125,,,32.9903450012207,,1952,,12.03830337524414,,
5.41312837600708,,,33,268.5373229980469,,,30375.365234375,,,75.21589660644531,,,2141,545.2611083984375,,,545.2611083984375
,2.6348564624786377,,33,,277.6281433105469,,,6964.58203125,,,17.454994201660156,,2141,,559.7669067382812,,
,,0.45056289434432983,34,,,262.9991760253906,,,163.00408935546875,,,1.3329984938081907e-07,2149,,,526.6649780273438,
,,1.6035057306289673,31,,,0.21397455036640167,,,0.3489646315574646,,,2.0167359338074675e-08,1999,,,2.425421714782715,
2.071253776550293,,,31,0.3680923581123352,,,-0.21383041143417358,,,2.1426590279816082e-08,,,2015,4.656766891479492,,,4.656766891479492
,4.155656337738037,,31,,3.828416347503662,,,9697.1494140625,,,45.010921478271484,,2015,,14.125436782836914,,
,,0.4850783348083496,34,,,261.33721923828125,,,209.46615600585938,,,1.5269398545569857e-07,2199,,,523.2963256835938,
2.583904504776001,,,34,274.9389953613281,,,12.983099937438965,,,1.7520713413432532e-07,,,2204,553.6810913085938,,,553.6810913085938
,3.486459970474243,,34,,268.97381591796875,,,12660.12109375,,,34.8946647644043,,2204,,543.25244140625,,
,,13.905534744262695,32,,,13.98790168762207,,,53961.6328125,,,1135.453857421875,2049,,,46.08199691772461,
,,2.2714905738830566,35,,,283.787109375,,,-58.581180572509766,,,2.7017964043807297e-07,2249,,,570.1953125,
4.007131576538086,,,32,3.4685704708099365,,,8130.5751953125,,,176.79090881347656,,,2078,14.483748435974121,,,14.483748435974121
,3.8769710063934326,,32,,2.97078537940979,,,7006.3681640625,,,140.28843688964844,,2078,,11.894353866577148,,
6.025970935821533,,,35,247.460205078125,,,37343.8359375,,,89.4402084350586,,,2267,503.1824645996094,,,503.1824645996094
,3.4221010208129883,,35,,272.3001403808594,,,16127.3076171875,,,37.69620132446289,,2267,,549.7562866210938,,
,,1.0141775608062744,33,,,0.1899777054786682,,,0.077234648168087,,,1.2739414856355324e-08,2099,,,1.7548249959945679,
,,1.4313554763793945,36,,,317.1092834472656,,,97.91181182861328,,,2.604527651328681e-07,2299,,,637.9423217773438,
7.200560092926025,,,36,233.3409881591797,,,20175.673828125,,,338.307373046875,,,2330,476.5601806640625,,,476.5601806640625
,3.3640854358673096,,36,,268.37408447265625,,,7516.65087890625,,,43.92959976196289,,2330,,541.7030029296875,,
2.1888813972473145,,,33,0.3776927888393402,,,0.7807673811912537,,,1.6374141154074096e-08,,,2141,4.544969081878662,,,4.544969081878662
,4.351603031158447,,33,,3.8100228309631348,,,9711.3515625,,,178.70132446289062,,2141,,14.009998321533203,,
,,2.5649795532226562,34,,,0.24749112129211426,,,0.07627921551465988,,,3.6990268625913814e-09,2149,,,6.805294513702393,
,,2.691680431365967,37,,,283.4304504394531,,,-28.799285888671875,,,1.5178656553871406e-07,2349,,,570.0177001953125,
,,0.17144839465618134,34,,,0.4315418004989624,,,0.3186267912387848,,,7.777587462953761e-09,2199,,,3.430561065673828,
5.184976100921631,,,37,249.08322143554688,,,16417.27734375,,,367.9422607421875,,,2393,505.6108093261719,,,505.6108093261719
,4.14518928527832,,37,,255.4392852783203,,,10535.23046875,,,182.3354034423828,,2393,,516.8662109375,,
2.086416482925415,,,34,0.425850510597229,,,0.3922903835773468,,,2.519229624908803e-08,,,2204,4.283854007720947,,,4.283854007720947
,3.236294746398926,,34,,2.9839701652526855,,,7837.5478515625,,,113.46196746826172,,2204,,11.186955451965332,,
,,2.883580207824707,38,,,283.79046630859375,,,-24.873167037963867,,,1.2528398940503394e-07,2399,,,571.082763671875,
,,2.686131715774536,35,,,1.5246667861938477,,,-3.793915271759033,,,6.471787106221427e-09,2249,,,6.3573527336120605,
,,0.510162889957428,38,,,262.50433349609375,,,165.01290893554688,,,7.091013287663372e-08,2449,,,525.628662109375,
4.808040142059326,,,38,248.40655517578125,,,16117.548828125,,,372.48150634765625,,,2456,503.58062744140625,,,503.58062744140625
,3.0490667819976807,,38,,267.79547119140625,,,6117.751953125,,,115.01619720458984,,2456,,540.054931640625,,
2.8883514404296875,,,35,1.0789991617202759,,,-0.6122097969055176,,,2.320357772589432e-08,,,2267,6.2544965744018555,,,6.2544965744018555
,2.891832113265991,,35,,2.681431293487549,,,6920.82177734375,,,59.88132095336914,,2267,,10.014100074768066,,
,,0.15361224114894867,36,,,0.3801928162574768,,,0.3194747269153595,,,5.6370739187627805e-09,2299,,,2.9238240718841553,
,,0.5929844975471497,39,,,261.0471496582031,,,146.19972229003906,,,7.188136663671685e-08,2499,,,522.896728515625,
2.546149492263794,,,39,287.3168640136719,,,8062.68408203125,,,183.93031311035156,,,2519,579.376220703125,,,579.376220703125
,2.836536169052124,,39,,264.82025146484375,,,5372.29150390625,,,109.16738891601562,,2519,,533.79541015625,,
1.982223629951477,,,36,2.2132720947265625,,,7.536683082580566,,,5.137074055028279e-08,,,2330,7.3515424728393555,,,7.3515424728393555
,3.1879241466522217,,36,,2.7146995067596436,,,7823.05419921875,,,32.10654067993164,,2330,,10.448505401611328,,
,,11.865913391113281,37,,,18.193262100219727,,,56905.8828125,,,746.7625732421875,2349,,,52.30002212524414,
,,0.4116639792919159,40,,,262.7896728515625,,,169.13900756835938,,,7.663598466933763e-08,2549,,,526.1009521484375,
3.882944345474243,,,40,248.80799865722656,,,15902.9912109375,,,418.9669494628906,,,2582,503.1771545410156,,,503.1771545410156
,3.8781657218933105,,40,,264.5502014160156,,,12127.77734375,,,291.2810974121094,,2582,,534.8837890625,,
4.670263767242432,,,37,5.085192680358887,,,15553.8125,,,383.7324523925781,,,2393,17.451486587524414,,,17.451486587524414
,3.1770787239074707,,37,,4.597936630249023,,,8884.611328125,,,126.55976104736328,,2393,,14.617172241210938,,
,,4.933441162109375,38,,,4.200267791748047,,,-19.871183395385742,,,5.336795538823935e-08,2399,,,14.685611724853516,
,,1.4362380504608154,41,,,257.9312744140625,,,13.369050025939941,,,2.3081543787384362e-08,2599,,,517.6357421875,
,,0.8462627530097961,38,,,1.0189156532287598,,,0.5575171709060669,,,1.6416919379480532e-08,2449,,,3.535693883895874,
3.2549805641174316,,,41,253.00949096679688,,,8350.68359375,,,218.4397735595703,,,2645,510.83843994140625,,,510.83843994140625
,2.449946403503418,,41,,271.4992980957031,,,6333.625,,,158.7060546875,,2645,,547.1212768554688,,
,,2.6114003658294678,42,,,283.0113525390625,,,-30.235912322998047,,,1.5803279040937923e-07,2649,,,569.1478881835938,
2.7719509601593018,,,38,1.229677438735962,,,-0.581413209438324,,,2.510845220626834e-08,,,2456,7.029149055480957,,,7.029149055480957
,2.750220775604248,,38,,2.6652042865753174,,,4395.71728515625,,,135.89703369140625,,2456,,9.823261260986328,,
,,3.469724655151367,42,,,32.46509552001953,,,2.0574042797088623,,,6.251239881294168e-08,2699,,,69.57833099365234,
,,0.9573091864585876,39,,,1.0106565952301025,,,0.47780370712280273,,,1.5108200912550274e-08,2499,,,3.447000741958618,
2.8460402488708496,,,42,9.208014488220215,,,8041.07666015625,,,7.076203346252441,,,2708,23.134540557861328,,,23.134540557861328
,2.983995199203491,,42,,133.26075744628906,,,6092.78173828125,,,77.23924255371094,,2708,,271.1380920410156,,
2.977473497390747,,,39,2.712454080581665,,,7817.88916015625,,,143.88070678710938,,,2519,10.567460060119629,,,10.567460060119629
,2.802408218383789,,39,,3.479116201400757,,,10339.953125,,,267.9386901855469,,2519,,11.514967918395996,,
,,4.858048439025879,43,,,2.5399205684661865,,,-6.411470413208008,,,7.174336680293436e-09,2749,,,11.555244445800781,
,,0.27383819222450256,40,,,0.7630113363265991,,,0.15272973477840424,,,1.4485824095800126e-08,2549,,,4.701511859893799,
2.731203317642212,,,43,13.727949142456055,,,-0.07757221907377243,,,2.6399049612990666e-09,,,2771,32.81101989746094,,,32.81101989746094
,3.2271416187286377,,43,,9.123983383178711,,,11405.576171875,,,7.6739888191223145,,2771,,23.830455780029297,,
3.938400983810425,,,40,4.409544467926025,,,15622.173828125,,,139.87913513183594,,,2582,14.366437911987305,,,14.366437911987305
,2.6949708461761475,,40,,2.9455368518829346,,,7985.87060546875,,,107.99762725830078,,2582,,10.359790802001953,,
,,2.6192102432250977,44,,,25.152759552001953,,,0.3525886535644531,,,1.561823737006307e-08,2799,,,53.90378952026367,
,,2.144226551055908,41,,,0.15075048804283142,,,0.0005904759746044874,,,1.0143634376902355e-08,2599,,,5.66752290725708,
1.9624433517456055,,,44,9.188923835754395,,,0.4682421386241913,,,3.972403739282981e-09,,,2834,22.206823348999023,,,22.206823348999023
,2.7306573390960693,,44,,9.860698699951172,,,6147.96630859375,,,2.5163607597351074,,2834,,24.21211814880371,,
,,3.7800402641296387,45,,,1.0226725339889526,,,-1.5079091787338257,,,1.0032853714481149e-10,2849,,,6.833277702331543,
2.2661192417144775,,,41,2.8183298110961914,,,8209.5439453125,,,34.28215026855469,,,2645,9.344754219055176,,,9.344754219055176
,2.591508626937866,,41,,2.763819456100464,,,7882.50048828125,,,52.218753814697266,,2645,,9.428308486938477,,
,,1.9985275268554688,42,,,0.1418038010597229,,,0.09355273842811584,,,1.0679105599820105e-08,2649,,,5.289218425750732,
2.1714024543762207,,,45,5.846183776855469,,,8124.02490234375,,,6.631941318511963,,,2897,15.736089706420898,,,15.736089706420898
,2.5570762157440186,,45,,8.727286338806152,,,6078.55322265625,,,4.040727615356445,,2897,,21.649133682250977,,
,,0.6926634311676025,46,,,0.5653001070022583,,,3.7398571968078613,,,4.705542178129463e-09,2899,,,2.1580917835235596,
,,1.7871943712234497,42,,,0.3434795141220093,,,0.09688469022512436,,,6.264179841508621e-09,2699,,,5.2178826332092285,
4.191832065582275,,,42,6.837803363800049,,,24072.037109375,,,61.71182632446289,,,2708,20.056303024291992,,,20.056303024291992
,2.4891042709350586,,42,,2.2824435234069824,,,5252.66748046875,,,17.018823623657227,,2708,,8.360660552978516,,
,,0.8815990686416626,46,,,0.5177674293518066,,,0.13250064849853516,,,4.7037977957131716e-09,2949,,,2.5703284740448,
2.616584539413452,,,46,4.675502777099609,,,15803.419921875,,,20.04055404663086,,,2960,13.85747241973877,,,13.85747241973877
,2.8223071098327637,,46,,5.826227188110352,,,11531.7802734375,,,11.157431602478027,,2960,,16.21893310546875,,
,,1.5954668521881104,43,,,0.7750834822654724,,,0.0388457216322422,,,8.401099371724285e-09,2749,,,5.709619522094727,
2.5684924125671387,,,43,2.6008150577545166,,,7804.927734375,,,12.016805648803711,,,2771,8.633995056152344,,,8.633995056152344
,2.331120491027832,,43,,2.5387370586395264,,,6243.69482421875,,,13.870627403259277,,2771,,8.812292098999023,,
,,1.5575675964355469,47,,,2.974489688873291,,,76.978271484375,,,4.56282620575621e-08,2999,,,8.473207473754883,
,,0.48750245571136475,44,,,0.2727466821670532,,,4.700013160705566,,,1.4311671847622165e-08,2799,,,1.1276265382766724,
2.6570913791656494,,,47,1.6032226085662842,,,0.1761089265346527,,,5.617003395741449e-08,,,3023,9.978636741638184,,,9.978636741638184
,2.6920325756073,,47,,4.124757289886475,,,7029.390625,,,6.103292465209961,,3023,,12.914175033569336,,
,,1.9024953842163086,48,,,2.8951213359832764,,,0.6010662317276001,,,1.6048895545850428e-08,3049,,,8.369921684265137,
3.1185462474823,,,44,4.762988090515137,,,16251.9423828125,,,12.58365535736084,,,2834,14.318100929260254,,,14.318100929260254
,2.2733571529388428,,44,,2.842055320739746,,,7771.78369140625,,,13.991786003112793,,2834,,9.194238662719727,,
,,3.248706817626953,45,,,1.3988693952560425,,,0.33548399806022644,,,1.2370023227958882e-08,2849,,,7.272475719451904,
2.190852165222168,,,48,3.2637863159179688,,,8361.9345703125,,,20.120819091796875,,,3086,10.79825496673584,,,10.79825496673584
,2.889885187149048,,48,,4.261969089508057,,,9449.1171875,,,17.24403953552246,,3086,,14.079764366149902,,
,,5.071123123168945,49,,,16.221073150634766,,,55178.05859375,,,128.826171875,3099,,,39.49543380737305,
2.8166074752807617,,,45,2.3869102001190186,,,7921.40869140625,,,6.408689975738525,,,2897,8.79865550994873,,,8.79865550994873
,2.707101583480835,,45,,2.9549901485443115,,,8506.4072265625,,,6.1176981925964355,,2897,,10.082704544067383,,
,,2.485140085220337,46,,,1.2364546060562134,,,0.36298078298568726,,,1.3256026498709161e-08,2899,,,5.775673866271973,
,,1.1712782382965088,49,,,0.5351533889770508,,,11.747844696044922,,,2.793287912083997e-08,3149,,,2.979017734527588,
3.077225923538208,,,49,2.97114634513855,,,8003.44140625,,,36.116729736328125,,,3149,11.796340942382812,,,11.796340942382812
,2.526658296585083,,49,,3.553945541381836,,,9987.4423828125,,,29.475812911987305,,3149,,11.384278297424316,,
,,3.466407299041748,46,,,0.6907840967178345,,,6.4693989753723145,,,4.304538947508263e-08,2949,,,9.513592720031738,
3.4765422344207764,,,46,5.7187347412109375,,,23861.451171875,,,26.368183135986328,,,2960,16.162973403930664,,,16.162973403930664
,2.539405345916748,,46,,3.8287477493286133,,,6200.90673828125,,,4.606030464172363,,2960,,11.748282432556152,,
,,5.483407974243164,50,,,14.370500564575195,,,33326.34375,,,102.285888671875,3199,,,35.98286437988281,
2.5026941299438477,,,50,2.116933822631836,,,4662.04345703125,,,12.550665855407715,,,3212,8.544163703918457,,,8.544163703918457
,2.6644628047943115,,50,,3.127190351486206,,,8750.6884765625,,,26.683849334716797,,3212,,11.109966278076172,,
,,4.611013412475586,47,,,3.573746681213379,,,-13.163824081420898,,,2.2752098871592352e-08,2999,,,13.055329322814941,
2.394324541091919,,,47,2.2062251567840576,,,7750.2119140625,,,8.660326957702637,,,3023,9.544318199157715,,,9.544318199157715
,2.6168434619903564,,47,,3.144944906234741,,,8778.705078125,,,8.918106079101562,,3023,,10.456544876098633,,
,,2.911834239959717,51,,,0.12054946273565292,,,0.08170580863952637,,,7.367341403607952e-09,3249,,,7.484805107116699,
,,0.28633949160575867,48,,,0.24790754914283752,,,0.0652182474732399,,,1.0275904571699357e-08,3049,,,3.398374080657959,
2.601107597351074,,,51,2.0198488235473633,,,193.71055603027344,,,10.981358528137207,,,3275,7.861583232879639,,,7.861583232879639
,1.8148308992385864,,51,,1.196103811264038,,,780.718505859375,,,4.73872184753418,,3275,,5.750343322753906,,
,,0.4194944500923157,52,,,2.687891960144043,,,47.6923942565918,,,4.983831303206898e-08,3299,,,6.568114757537842,
1.9161304235458374,,,48,0.5561370253562927,,,-0.16953226923942566,,,5.183542928222096e-09,,,3086,4.309776782989502,,,4.309776782989502
,2.207073450088501,,48,,2.414022922515869,,,7015.97900390625,,,7.718167304992676,,3086,,8.570206642150879,,
,,0.29785701632499695,49,,,0.0982857495546341,,,3.5631606578826904,,,6.833045240739466e-09,3099,,,0.6354596018791199,
2.224296808242798,,,52,3.004042625427246,,,11.698567390441895,,,5.161692229194159e-08,,,3338,9.520833969116211,,,9.520833969116211
,2.0383212566375732,,52,,3.3356480598449707,,,2343.15185546875,,,11.094955444335938,,3338,,10.37602424621582,,
,,4.838772773742676,53,,,4.641949653625488,,,-23.97739601135254,,,5.6663786551780504e-08,3349,,,15.785709381103516,
,,6.774333953857422,49,,,15.69182014465332,,,55732.109375,,,42.034584045410156,3149,,,40.52778625488281,
1.879634976387024,,,49,1.0772979259490967,,,-1.8675669431686401,,,7.296069970408325e-09,,,3149,5.034128189086914,,,5.034128189086914
,2.4381141662597656,,49,,3.4381959438323975,,,11402.4267578125,,,9.760565757751465,,3149,,10.670546531677246,,
,,0.43231329321861267,53,,,0.36657124757766724,,,0.2831162214279175,,,5.2368713809869405e-09,3399,,,1.9182994365692139,
1.5269243717193604,,,53,0.8056814074516296,,,0.9027203321456909,,,8.863769274114475e-09,,,3401,3.8582558631896973,,,3.8582558631896973
,2.1452534198760986,,53,,2.79915189743042,,,1522.7154541015625,,,20.825185775756836,,3401,,9.417268753051758,,
,,5.882814407348633,50,,,15.078259468078613,,,57552.015625,,,51.63692855834961,3199,,,38.61542510986328,
0.9337508678436279,,,50,0.40467607975006104,,,0.1652323454618454,,,2.6176181222581363e-09,,,3212,2.5365922451019287,,,2.5365922451019287
,1.5956045389175415,,50,,1.5818411111831665,,,4462.7119140625,,,3.6549980640411377,,3212,,5.723618984222412,,
,,3.2079758644104004,54,,,0.1261671632528305,,,0.04333801195025444,,,1.0212856338398524e-08,3449,,,8.033502578735352,
2.779547929763794,,,54,4.957856178283691,,,458.92138671875,,,79.2847900390625,,,3464,14.698139190673828,,,14.698139190673828
,2.3742828369140625,,54,,2.6754837036132812,,,495.9173889160156,,,42.092926025390625,,3464,,9.629648208618164,,
,,6.158112525939941,51,,,12.986554145812988,,,49286.8359375,,,17.14085578918457,3249,,,33.98067092895508,
,,2.4007344245910645,55,,,0.13716936111450195,,,0.16369542479515076,,,1.2971421270435712e-08,3499,,,6.183017253875732,
2.0297560691833496,,,51,2.1525259017944336,,,7602.73876953125,,,5.230734348297119,,,3275,7.828551292419434,,,7.828551292419434
,2.13242506980896,,51,,3.002465009689331,,,10354.8994140625,,,7.596219539642334,,3275,,9.318455696105957,,
2.2355611324310303,,,55,3.8549060821533203,,,50.54801940917969,,,41.403316497802734,,,3527,11.787643432617188,,,11.787643432617188
,2.230833053588867,,55,,2.2286746501922607,,,64.31983947753906,,,21.37921714782715,,3527,,8.162628173828125,,
,,0.11208391934633255,52,,,0.24645885825157166,,,0.16924609243869781,,,5.519837920076043e-09,3299,,,2.0942583084106445,
,,2.1693553924560547,56,,,0.22520878911018372,,,0.12419607490301132,,,7.59594165344879e-09,3549,,,3.293821334838867,
0.8949541449546814,,,52,0.5502383708953857,,,-0.939255952835083,,,4.658613494967767e-09,,,3338,3.148756980895996,,,3.148756980895996
,1.3813906908035278,,52,,1.236281156539917,,,3483.716552734375,,,2.6525027751922607,,3338,,4.884679317474365,,
,,1.8847094774246216,53,,,0.21903985738754272,,,0.016340317204594612,,,3.8115759437573615e-09,3349,,,2.9059884548187256,
0.599291980266571,,,56,0.2950509786605835,,,1.758116602897644,,,9.935589240228637e-09,,,3590,2.4441170692443848,,,2.4441170692443848
,2.071835994720459,,56,,2.5595314502716064,,,34.613826751708984,,,29.263484954833984,,3590,,8.451972007751465,,
,,0.12289358675479889,57,,,0.7664661407470703,,,0.1997431516647339,,,1.075820144080808e-08,3599,,,3.639014959335327,
,,0.6535465717315674,53,,,0.3294086456298828,,,0.09362399578094482,,,1.103017122083827e-09,3399,,,1.5050333738327026,
1.6949198246002197,,,53,2.579500913619995,,,8082.53271484375,,,5.553289413452148,,,3401,7.751739501953125,,,7.751739501953125
,1.4356229305267334,,53,,1.5862962007522583,,,4396.4541015625,,,3.083374261856079,,3401,,5.560421466827393,,
,,0.07308313250541687,57,,,1.426116704940796,,,0.3800138235092163,,,1.05329807098542e-08,3649,,,4.727031230926514,
2.169173240661621,,,57,2.459125518798828,,,2.5163278579711914,,,21.278038024902344,,,3653,8.562328338623047,,,8.562328338623047
,2.2602379322052,,57,,2.500370502471924,,,1.439394474029541,,,21.799837112426758,,3653,,8.556373596191406,,
,,2.3607044219970703,54,,,0.10747260600328445,,,0.00014738184108864516,,,2.2890023210209165e-09,3449,,,3.202526569366455,
,,0.28861290216445923,58,,,0.1888013780117035,,,5.349175930023193,,,1.048088460464669e-08,3699,,,0.7494751811027527,
1.135023832321167,,,54,0.24651630222797394,,,0.9702000021934509,,,2.220626571514117e-09,,,3464,2.1881661415100098,,,2.1881661415100098
,2.076946973800659,,54,,3.1112632751464844,,,11336.9853515625,,,8.712494850158691,,3464,,9.455056190490723,,
2.4749915599823,,,58,1.981535792350769,,,8.273880958557129,,,20.418903350830078,,,3716,7.405788898468018,,,7.405788898468018
,1.678773045539856,,58,,1.7109954357147217,,,7.939506530761719,,,13.475786209106445,,3716,,6.118781089782715,,
,,1.2189271450042725,55,,,0.20828497409820557,,,0.19955316185951233,,,6.465851742909479e-10,3499,,,3.569469451904297,
,,2.025611639022827,59,,,0.18330463767051697,,,0.12671872973442078,,,9.21179932333871e-09,3749,,,3.075683832168579,
1.4336957931518555,,,55,5.237160682678223,,,8036.154296875,,,6.024461269378662,,,3527,12.688326835632324,,,12.688326835632324
,1.7230356931686401,,55,,2.489440679550171,,,8657.353515625,,,3.6494481563568115,,3527,,7.643239498138428,,
2.415778875350952,,,59,2.3947081565856934,,,30.228967666625977,,,17.50833511352539,,,3779,8.038190841674805,,,8.038190841674805
,1.9412001371383667,,59,,2.6764018535614014,,,21.209379196166992,,,22.595626831054688,,3779,,8.426145553588867,,
,,1.0542197227478027,56,,,0.1140000969171524,,,0.05241063982248306,,,1.2393062132076693e-09,3549,,,2.962963581085205,
,,0.25853267312049866,60,,,0.06953658163547516,,,2.9688339233398438,,,7.668939261407104e-09,3799,,,0.5180433392524719,
2.4616241455078125,,,56,6.159127235412598,,,15688.4130859375,,,10.668676376342773,,,3590,15.9972505569458,,,15.9972505569458
,1.5712889432907104,,56,,2.0851216316223145,,,6956.638671875,,,3.952315330505371,,3590,,6.621624946594238,,
2.508192777633667,,,60,4.212244033813477,,,93.28433990478516,,,40.877437591552734,,,3842,12.077105522155762,,,12.077105522155762
,1.5691652297973633,,60,,2.109128713607788,,,46.33292007446289,,,17.10711097717285,,3842,,6.62546443939209,,
,,1.5473816394805908,57,,,0.041582003235816956,,,0.001340108341537416,,,2.341123295224179e-09,3599,,,2.0270931720733643,
,,0.2468792349100113,61,,,0.10926736891269684,,,4.164084434509277,,,8.125331518726853e-09,3849,,,0.538677990436554,
,,2.7253572940826416,61,,,0.16324526071548462,,,0.08337504416704178,,,7.980634819659826e-09,3899,,,3.8659281730651855,
,,0.8809109330177307,57,,,0.15078285336494446,,,0.2832376956939697,,,5.967749072688378e-10,3649,,,2.6316449642181396,
1.3316093683242798,,,57,3.9538168907165527,,,8297.830078125,,,5.017953872680664,,,3653,10.13696002960205,,,10.13696002960205
,1.3581461906433105,,57,,2.401047706604004,,,6117.49951171875,,,3.4598805904388428,,3653,,6.96748161315918,,
1.0249111652374268,,,61,0.9308791756629944,,,-2.9260945320129395,,,2.0146980972413076e-08,,,3905,3.4076826572418213,,,3.4076826572418213
,1.1008801460266113,,61,,0.5983722805976868,,,11.263238906860352,,,2.327126979827881,,3905,,3.1488728523254395,,
,,0.5771071314811707,58,,,0.927073061466217,,,0.7824233770370483,,,3.2591889187472134e-09,3699,,,2.6239235401153564,
,,0.5220972299575806,62,,,0.15048736333847046,,,0.1413496732711792,,,3.8399861068683094e-09,3949,,,1.152327537536621,
2.7906394004821777,,,58,5.498321533203125,,,15430.9033203125,,,7.2029709815979,,,3716,15.192418098449707,,,15.192418098449707
,1.0921335220336914,,58,,2.200920343399048,,,2645.066650390625,,,1.443138599395752,,3716,,6.1207427978515625,,
3.5453624725341797,,,62,6.994972229003906,,,2608.426025390625,,,63.81816864013672,,,3968,19.06355094909668,,,19.06355094909668
,1.6832082271575928,,62,,3.1557347774505615,,,190.7803955078125,,,22.38210105895996,,3968,,8.906510353088379,,
,,0.21130165457725525,59,,,0.0854586735367775,,,0.020254114642739296,,,1.1389552412310877e-08,3749,,,2.0683233737945557,
,,0.44920071959495544,63,,,0.5804784893989563,,,0.7030961513519287,,,1.0988888021756793e-08,3999,,,2.178427219390869,
0.6808602213859558,,,59,0.2742230296134949,,,0.7465465664863586,,,3.963657846384194e-09,,,3779,2.246257781982422,,,2.246257781982422
,1.6702243089675903,,59,,2.8070554733276367,,,6169.27490234375,,,2.7043938636779785,,3779,,8.243227005004883,,
2.2278149127960205,,,63,3.635586977005005,,,267.19927978515625,,,83.00183868408203,,,4031,10.6251220703125,,,10.6251220703125
,1.7674009799957275,,63,,2.987175464630127,,,294.7660827636719,,,39.07658386230469,,4031,,8.807865142822266,,
,,1.2845288515090942,60,,,1.258118748664856,,,17.455503463745117,,,8.064870371526922e-08,3799,,,5.897658824920654,
,,4.430145263671875,64,,,16.30813980102539,,,2716.3935546875,,,367.4677429199219,4049,,,39.21734619140625,
1.4120591878890991,,,60,2.077570676803589,,,8127.384765625,,,13.796540260314941,,,3842,7.022830486297607,,,7.022830486297607
,1.4461002349853516,,60,,2.845301628112793,,,7851.7265625,,,7.353909969329834,,3842,,8.067922592163086,,
1.0386078357696533,,,64,4.002558708190918,,,24.75943374633789,,,10.4144868850708,,,4094,10.349780082702637,,,10.349780082702637
,1.4058983325958252,,64,,3.152566909790039,,,213.65887451171875,,,40.89021682739258,,4094,,8.659876823425293,,
,,4.123249053955078,61,,,8.705967903137207,,,53736.203125,,,69.55491638183594,3849,,,22.856914520263672,
,,4.267912864685059,65,,,13.72242546081543,,,244.48110961914062,,,64.77788543701172,4099,,,34.13670349121094,
,,1.8286426067352295,61,,,0.21123036742210388,,,0.0015764867421239614,,,1.7792959328133406e-09,3899,,,2.7544636726379395,
,,0.5078973770141602,65,,,1.3214101791381836,,,6.950073719024658,,,1.1387343334945399e-07,4149,,,6.269049167633057,
1.035709023475647,,,61,0.6483263373374939,,,-0.5855574011802673,,,1.1114737574757783e-08,,,3905,3.1270015239715576,,,3.1270015239715576
,1.709873080253601,,61,,2.88801646232605,,,9697.8994140625,,,20.566370010375977,,3905,,8.642688751220703,,
2.6854770183563232,,,65,3.961991548538208,,,77.06159973144531,,,7.044594764709473,,,4157,12.379014015197754,,,12.379014015197754
,1.8458000421524048,,65,,5.577090263366699,,,322.6486511230469,,,14.31910228729248,,4157,,14.487310409545898,,
,,0.08862420171499252,62,,,0.33825987577438354,,,0.009489088319242,,,1.308735519955917e-08,3949,,,1.7214897871017456,
,,2.7758243083953857,66,,,8.561904907226562,,,1519.3944091796875,,,64.4229736328125,4199,,,21.42551612854004,
2.0461833477020264,,,62,4.113533020019531,,,16214.484375,,,14.801250457763672,,,3968,11.522120475769043,,,11.522120475769043
,1.3467012643814087,,62,,2.6044692993164062,,,8665.955078125,,,13.815217018127441,,3968,,7.358693599700928,,
1.2242858409881592,,,66,2.7022740840911865,,,312.7913818359375,,,14.319992065429688,,,4220,9.3150634765625,,,9.3150634765625
,2.5292413234710693,,66,,5.116322040557861,,,330.39593505859375,,,19.166048049926758,,4220,,14.381044387817383,,
,,1.4448554515838623,63,,,1.5551577806472778,,,-3.8788466453552246,,,5.76612224634232e-09,3999,,,4.717972755432129,
,,0.7649402022361755,67,,,0.7795896530151367,,,0.6397609710693359,,,4.7779149525695175e-09,4249,,,3.7078020572662354,
1.2005327939987183,,,63,2.860544443130493,,,8143.4462890625,,,6.789198398590088,,,4031,7.4481730461120605,,,7.4481730461120605
,1.2306342124938965,,63,,2.2215921878814697,,,8684.669921875,,,5.791011333465576,,4031,,6.4455885887146,,
1.3335391283035278,,,67,1.578545093536377,,,1.7514253854751587,,,3.199461673375481e-08,,,4283,6.069752216339111,,,6.069752216339111
,2.00998854637146,,67,,3.0880401134490967,,,197.40963745117188,,,12.37275218963623,,4283,,10.213912010192871,,
,,4.098459243774414,64,,,12.599534034729004,,,50247.54296875,,,40.774898529052734,4049,,,30.65188217163086,
,,2.9197375774383545,68,,,1.1431961059570312,,,15.537349700927734,,,7.169859372879728e-08,4299,,,9.202887535095215,
0.6246410012245178,,,64,0.25757625699043274,,,-0.087765634059906,,,1.0672965844449323e-09,,,4094,1.4530714750289917,,,1.4530714750289917
,1.2709132432937622,,64,,2.5223093032836914,,,8613.23828125,,,6.625206470489502,,4094,,6.9286675453186035,,
2.5281083583831787,,,68,4.250452041625977,,,156.86727905273438,,,23.10474395751953,,,4346,12.234521865844727,,,12.234521865844727
,2.1591179370880127,,68,,3.403367042541504,,,133.64988708496094,,,16.228107452392578,,4346,,10.821209907531738,,
,,0.12226476520299911,65,,,0.17034220695495605,,,1.5790759325027466,,,7.255678280415623e-10,4099,,,0.6509479284286499,
,,3.3614025115966797,69,,,10.289223670959473,,,175.0034942626953,,,88.2073974609375,4349,,,25.025632858276367,
,,1.2472550868988037,65,,,0.19566147029399872,,,0.014299571514129639,,,1.475057187505513e-09,4149,,,2.203329563140869,
,,3.497664451599121,69,,,11.200628280639648,,,194.04037475585938,,,120.49134826660156,4399,,,27.130115509033203,
1.2182482481002808,,,65,1.1953930854797363,,,2.075857400894165,,,2.3694306960919675e-08,,,4157,4.781026840209961,,,4.781026840209961
,1.2723252773284912,,65,,2.876244306564331,,,6077.96240234375,,,2.005763530731201,,4157,,7.77900505065918,,
1.360731840133667,,,69,2.253822088241577,,,47.21746826171875,,,22.858774185180664,,,4409,7.118905544281006,,,7.118905544281006
,1.965854287147522,,69,,4.039070129394531,,,105.81048583984375,,,31.618568420410156,,4409,,11.441774368286133,,
,,0.4256441295146942,66,,,0.7432123422622681,,,11.407273292541504,,,6.7981771323388784e-09,4199,,,2.013495683670044,
,,0.4101441502571106,70,,,0.8479271531105042,,,7.160068035125732,,,6.306962063717947e-09,4449,,,2.2267963886260986,
0.8390493988990784,,,66,0.1698770523071289,,,0.08099539577960968,,,8.067232215580589e-09,,,4220,2.005628824234009,,,2.005628824234009
,1.5214132070541382,,66,,3.075018882751465,,,9827.11328125,,,4.078829288482666,,4220,,8.623878479003906,,
1.7030353546142578,,,70,5.515456199645996,,,4.010540008544922,,,68.29335021972656,,,4472,13.854076385498047,,,13.854076385498047
,1.5711253881454468,,70,,2.2467501163482666,,,9.511652946472168,,,17.672313690185547,,4472,,7.194556713104248,,
,,1.6769180297851562,67,,,1.3513071537017822,,,-4.1602396965026855,,,1.0308797371294531e-08,4249,,,4.504199504852295,
,,0.28088486194610596,71,,,0.4444602131843567,,,5.539085388183594,,,4.4237182805773045e-09,4499,,,1.1913007497787476,
0.7831871509552002,,,67,2.640732526779175,,,-0.3594932556152344,,,1.006400829339782e-08,,,4283,6.4549455642700195,,,6.4549455642700195
,1.1910861730575562,,67,,2.5914571285247803,,,9674.755859375,,,4.131166934967041,,4283,,7.0919318199157715,,
1.3594728708267212,,,71,1.977713942527771,,,10.916884422302246,,,25.037912368774414,,,4535,5.8426737785339355,,,5.8426737785339355
,1.2503294944763184,,71,,2.0705907344818115,,,4.072328567504883,,,18.229999542236328,,4535,,6.099747180938721,,
,,0.09132199734449387,68,,,1.1977237462997437,,,22.8839111328125,,,1.5879667358831284e-08,4299,,,2.6058216094970703,
,,1.3697195053100586,72,,,0.8457179069519043,,,-2.9166271686553955,,,5.575031991611468e-09,4549,,,3.1699514389038086,
1.3318145275115967,,,68,2.7354235649108887,,,15450.2568359375,,,7.263010501861572,,,4346,7.602189064025879,,,7.602189064025879
,1.128955602645874,,68,,2.205585241317749,,,7865.58740234375,,,3.14082932472229,,4346,,6.07407808303833,,
,,0.11397306621074677,69,,,0.17457488179206848,,,3.2901060581207275,,,6.280100883770956e-09,4349,,,0.6183340549468994,
1.7153372764587402,,,72,3.330634832382202,,,23.150585174560547,,,33.46735382080078,,,4598,9.119976997375488,,,9.119976997375488
,1.2224276065826416,,72,,2.626267910003662,,,16.904943466186523,,,26.75937843322754,,4598,,7.114558696746826,,
,,1.217094898223877,73,,,0.27413949370384216,,,0.011504078283905983,,,2.2150721257219175e-09,4599,,,2.0821096897125244,
,,0.33386972546577454,73,,,1.2654964923858643,,,18.454730987548828,,,9.43458910995787e-09,4649,,,2.9879658222198486,
,,2.820709705352783,69,,,12.389019012451172,,,54352.07421875,,,17.612850189208984,4399,,,28.856040954589844,
2.495171308517456,,,69,6.14401388168335,,,7977.07666015625,,,2.5886616706848145,,,4409,16.37557601928711,,,16.37557601928711
,1.213796854019165,,69,,3.5157196521759033,,,6090.32177734375,,,2.1793529987335205,,4409,,9.662018775939941,,
1.7138007879257202,,,73,4.5165791511535645,,,69.12886810302734,,,44.249019622802734,,,4661,11.746183395385742,,,11.746183395385742
,0.8358843922615051,,73,,1.4617983102798462,,,19.91018295288086,,,7.75075626373291,,4661,,4.349705696105957,,
,,0.25399741530418396,74,,,2.3004908561706543,,,18.578834533691406,,,2.399730476554396e-07,4699,,,6.391951084136963,
,,2.225949287414551,70,,,12.139228820800781,,,55196.78125,,,27.768829345703125,4449,,,27.842710494995117,
0.7426882386207581,,,74,4.472727298736572,,,14.183106422424316,,,1.9438833476215223e-07,,,4724,11.155445098876953,,,11.155445098876953
,0.9797660112380981,,74,,3.8300440311431885,,,137.8824462890625,,,8.7837495803833,,4724,,10.373188018798828,,
1.7077664136886597,,,70,3.4821183681488037,,,-16.059703826904297,,,1.1657750320637206e-07,,,4472,9.968147277832031,,,9.968147277832031
,1.8848001956939697,,70,,4.228185653686523,,,8032.4921875,,,3.015239953994751,,4472,,12.321476936340332,,
,,0.28682374954223633,75,,,3.737736463546753,,,119.96136474609375,,,8.05673110448879e-08,4749,,,8.625667572021484,
,,1.1541389226913452,71,,,3.1694564819335938,,,69.54032135009766,,,3.48201822930605e-08,4499,,,8.179691314697266,
1.636583924293518,,,75,3.3774194717407227,,,402.85955810546875,,,9.16457748413086,,,4787,11.303171157836914,,,11.303171157836914
,1.1464385986328125,,75,,3.063227653503418,,,185.64923095703125,,,3.233914852142334,,4787,,9.530844688415527,,
1.6695504188537598,,,71,3.705350399017334,,,8073.234375,,,4.217959403991699,,,4535,10.391971588134766,,,10.391971588134766
,1.7121647596359253,,71,,3.2554705142974854,,,5372.625,,,2.663248300552368,,4535,,9.830682754516602,,
,,3.215839385986328,76,,,9.169878005981445,,,880.3180541992188,,,24.62660789489746,4799,,,27.19585609436035,
,,1.074288249015808,72,,,3.1831183433532715,,,69.19564056396484,,,4.3852615760897606e-08,4549,,,8.036328315734863,
,,0.5187321901321411,76,,,2.4860899448394775,,,56.23369598388672,,,4.514454943205237e-08,4849,,,5.983598709106445,
2.7697010040283203,,,76,5.327110290527344,,,556.8707885742188,,,14.587550163269043,,,4850,17.587678909301758,,,17.587678909301758
,1.3393559455871582,,76,,2.7188313007354736,,,226.76339721679688,,,4.382461071014404,,4850,,9.291318893432617,,
2.4531309604644775,,,72,4.779079437255859,,,15297.83984375,,,7.127227783203125,,,4598,14.242305755615234,,,14.242305755615234
,1.959571361541748,,72,,3.60164213180542,,,6938.71044921875,,,2.9032390117645264,,4598,,10.855509757995605,,
,,2.8869545459747314,73,,,1.876845121383667,,,44.90391540527344,,,1.9413081986385805e-07,4599,,,10.476640701293945,
,,3.293712615966797,77,,,4.8633928298950195,,,-36.910892486572266,,,1.3610986115963897e-07,4899,,,13.654946327209473,
,,3.7958292961120605,73,,,6.596424579620361,,,-79.67160034179688,,,2.8393213824529084e-07,4649,,,17.794771194458008,
1.181475043296814,,,77,1.6952892541885376,,,2.2011539936065674,,,4.6981558199377105e-08,,,4913,6.566699028015137,,,6.566699028015137
,1.6323187351226807,,77,,2.834876537322998,,,210.10557556152344,,,3.9286468029022217,,4913,,9.61269474029541,,
1.6802842617034912,,,73,4.414992332458496,,,16181.9619140625,,,7.724201202392578,,,4661,11.713582992553711,,,11.713582992553711
,1.9485236406326294,,73,,3.377650022506714,,,6001.458984375,,,2.9617209434509277,,4661,,10.400575637817383,,
,,2.071777105331421,78,,,0.8029675483703613,,,16.665966033935547,,,1.1893556717268439e-07,4949,,,6.85313606262207,
,,3.5484423637390137,74,,,6.556523323059082,,,-80.41759490966797,,,3.052536214909196e-07,4699,,,17.499637603759766,
1.789016604423523,,,78,2.5860602855682373,,,119.73883819580078,,,3.337230682373047,,,4976,9.280033111572266,,,9.280033111572266
,1.7720040082931519,,78,,2.9407477378845215,,,210.45211791992188,,,4.806661605834961,,4976,,10.249054908752441,,
2.2929279804229736,,,74,6.1035685539245605,,,23539.40234375,,,13.55215835571289,,,4724,16.17588233947754,,,16.17588233947754
,1.632753610610962,,74,,3.9136714935302734,,,9807.7685546875,,,5.533085346221924,,4724,,10.90731143951416,,
,,3.417329788208008,79,,,9.004923820495605,,,2769.391357421875,,,42.310943603515625,4999,,,26.376018524169922,
,,0.9083054065704346,75,,,1.9121155738830566,,,88.24363708496094,,,1.2274668392819876e-07,4749,,,5.209263801574707,
1.4478915929794312,,,79,2.2465872764587402,,,174.26087951660156,,,3.5945088863372803,,,5039,8.637236595153809,,,8.637236595153809
,1.6888312101364136,,79,,2.8191163539886475,,,279.9342956542969,,,5.0983734130859375,,5039,,9.51934814453125,,
,,1.5854227542877197,80,,,1.5647798776626587,,,0.28628838062286377,,,2.1210992962039654e-09,5049,,,8.028332710266113,
1.4713221788406372,,,75,1.271931529045105,,,-3.6110410690307617,,,1.2463094378745154e-07,,,4787,5.542444229125977,,,5.542444229125977
,1.935530185699463,,75,,3.2459795475006104,,,6919.57568359375,,,4.448963165283203,,4787,,10.00606632232666,,
,,0.48662787675857544,76,,,0.3835098147392273,,,1.0759693384170532,,,1.896081514018988e-08,4799,,,2.2606945037841797,
,,3.8222546577453613,80,,,7.938300609588623,,,1205.0599365234375,,,30.54522705078125,5099,,,24.442094802856445,
1.516098976135254,,,80,1.5193365812301636,,,-2.4876465797424316,,,5.5972371626467066e-08,,,5102,7.069131374359131,,,7.069131374359131
,1.8286763429641724,,80,,2.4903647899627686,,,211.50054931640625,,,3.7156386375427246,,5102,,9.237969398498535,,
,,1.0478237867355347,76,,,0.2951734662055969,,,0.2266395539045334,,,7.378522681733557e-09,4849,,,2.040283679962158,
1.9906773567199707,,,76,3.888154983520508,,,7626.52294921875,,,3.1058945655822754,,,4850,10.736230850219727,,,10.736230850219727
,1.609025239944458,,76,,2.447633743286133,,,6266.7021484375,,,3.4085323810577393,,4850,,8.151471138000488,,
,,0.2669709026813507,81,,,0.39215677976608276,,,1.8712122440338135,,,9.185170313230628e-08,5149,,,3.0711288452148438,
1.5934470891952515,,,81,2.5423426628112793,,,106.8910903930664,,,2.908980131149292,,,5165,8.590495109558105,,,8.590495109558105
,1.376867413520813,,81,,2.317976713180542,,,209.7523956298828,,,4.037332534790039,,5165,,8.301050186157227,,
,,0.3830735683441162,77,,,0.6166665554046631,,,1.1380290985107422,,,2.046521530019163e-08,4899,,,2.551481008529663,
1.7746533155441284,,,77,2.605067491531372,,,7995.8291015625,,,3.710888385772705,,,4913,8.057973861694336,,,8.057973861694336
,1.478671669960022,,77,,2.874115228652954,,,7060.251953125,,,4.479794025421143,,4913,,8.410472869873047,,
,,3.081634998321533,82,,,4.277385711669922,,,-33.492313385009766,,,1.4599844178064814e-07,5199,,,12.087807655334473,
,,0.759637713432312,78,,,1.4040133953094482,,,110.5286636352539,,,1.2137026317304844e-07,4949,,,3.866607189178467,
2.190459728240967,,,82,3.5527379512786865,,,426.21490478515625,,,6.278124809265137,,,5228,11.458037376403809,,,11.458037376403809
,1.815622091293335,,82,,2.7408478260040283,,,287.07110595703125,,,5.312812328338623,,5228,,9.669615745544434,,
1.8480970859527588,,,78,4.13433313369751,,,16194.626953125,,,11.18045711517334,,,4976,12.283350944519043,,,12.283350944519043
,1.7478681802749634,,78,,3.407376527786255,,,7914.41650390625,,,5.151693820953369,,4976,,10.036169052124023,,
,,0.2244330644607544,83,,,0.39463385939598083,,,1.8302513360977173,,,8.833078624093105e-08,5249,,,2.888953447341919,
,,3.093529224395752,79,,,16.59801483154297,,,57824.9765625,,,40.66289520263672,4999,,,37.4557991027832,
1.4293866157531738,,,83,2.1557047367095947,,,138.7973175048828,,,3.336644411087036,,,5291,8.122230529785156,,,8.122230529785156
,1.5491108894348145,,83,,2.2731857299804688,,,147.96910095214844,,,2.9338486194610596,,5291,,8.250463485717773,,
,,1.4034411907196045,84,,,1.3737273216247559,,,0.24699632823467255,,,1.6053789408942976e-09,5299,,,7.197688579559326,
2.1105453968048096,,,79,3.112985372543335,,,8213.474609375,,,3.3838047981262207,,,5039,10.016706466674805,,,10.016706466674805
,1.6791658401489258,,79,,4.180734157562256,,,11412.4345703125,,,6.3592143058776855,,5039,,11.461954116821289,,
,,2.8667569160461426,80,,,0.9942547678947449,,,27.65850067138672,,,2.138998524969793e-07,5049,,,9.111130714416504,
,,1.1588572263717651,84,,,1.1642500162124634,,,0.1637507677078247,,,1.3345837768241609e-09,5349,,,6.300462245941162,
1.0849227905273438,,,84,1.6576482057571411,,,105.3844985961914,,,2.598752737045288,,,5354,6.768146514892578,,,6.768146514892578
,1.7840659618377686,,84,,2.526449203491211,,,177.7536163330078,,,3.5292177200317383,,5354,,8.97178840637207,,
,,2.8119826316833496,80,,,9.403220176696777,,,52741.84375,,,33.97998809814453,5099,,,22.520904541015625,
1.420668125152588,,,80,4.68416166305542,,,15953.931640625,,,11.436893463134766,,,5102,12.18223762512207,,,12.18223762512207
,1.6495230197906494,,80,,3.251311779022217,,,7714.33837890625,,,4.258266448974609,,5102,,9.645833969116211,,
,,2.061243772506714,85,,,0.4555029571056366,,,8.448505401611328,,,1.0566552077762026e-07,5399,,,6.227960586547852,
1.9379596710205078,,,85,3.8281564712524414,,,440.036865234375,,,7.504403591156006,,,5417,12.07258129119873,,,12.07258129119873
,1.457265019416809,,85,,1.8000221252441406,,,120.476318359375,,,1.933471918106079,,5417,,7.10117769241333,,
,,2.7265243530273438,81,,,15.498624801635742,,,58880.671875,,,52.2559928894043,5149,,,34.8777961730957,
,,1.5861072540283203,86,,,1.4243918657302856,,,0.2150471955537796,,,1.3681257238218336e-09,5449,,,7.500322341918945,
1.5350297689437866,,,81,6.591233253479004,,,23987.96484375,,,18.055221557617188,,,5165,15.995866775512695,,,15.995866775512695
,1.6362439393997192,,81,,3.3282687664031982,,,9558.234375,,,6.283769607543945,,5165,,9.603876113891602,,
1.3930532932281494,,,86,1.5379230976104736,,,7.3901591300964355,,,3.9951736141574656e-08,,,5480,6.107243537902832,,,6.107243537902832
,1.6398518085479736,,86,,2.687183380126953,,,296.60968017578125,,,5.644174575805664,,5480,,9.315861701965332,,
,,0.2672117054462433,82,,,0.32188981771469116,,,5.771306037902832,,,2.925763737948728e-07,5199,,,3.2281064987182617,
,,2.3646864891052246,87,,,0.3027249872684479,,,6.360184669494629,,,9.124248379066557e-08,5499,,,6.587838172912598,
1.3635518550872803,,,82,0.9905828833580017,,,15.388847351074219,,,2.545340009874053e-07,,,5228,5.084101676940918,,,5.084101676940918
,1.636338233947754,,82,,2.5394792556762695,,,5330.70458984375,,,3.4576680660247803,,5228,,7.903582572937012,,
1.8154959678649902,,,87,1.5627331733703613,,,-0.6714085936546326,,,7.49913127151558e-08,,,5543,6.722352981567383,,,6.722352981567383
,1.7560739517211914,,87,,2.002045154571533,,,87.04598236083984,,,2.0709125995635986,,5543,,7.7643842697143555,,
,,0.2256597876548767,83,,,0.30353641510009766,,,1.4472147226333618,,,2.1869560384857323e-08,5249,,,1.3093597888946533,
,,2.090785026550293,88,,,0.362173855304718,,,6.349907875061035,,,9.456140048769157e-08,5549,,,6.207014083862305,
1.2678037881851196,,,83,3.593231439590454,,,15793.3017578125,,,9.538924217224121,,,5291,9.202493667602539,,,9.202493667602539
,1.4478867053985596,,83,,2.6143856048583984,,,8651.95703125,,,4.413102149963379,,5291,,7.822489261627197,,
,,4.032719612121582,88,,,8.905195236206055,,,1481.77978515625,,,24.528005599975586,5599,,,26.787548065185547,
,,1.1039804220199585,84,,,0.20488280057907104,,,0.22722171247005463,,,9.558404734377746e-09,5299,,,1.7654130458831787,
1.8490623235702515,,,88,1.724984884262085,,,-6.012083530426025,,,3.947496551859331e-08,,,5606,7.398794174194336,,,7.398794174194336
,1.591076374053955,,88,,2.4062259197235107,,,199.10972595214844,,,3.60556697845459,,5606,,8.471858024597168,,
,,0.32701724767684937,89,,,0.71271151304245,,,0.34305980801582336,,,2.7303810323786593e-09,5649,,,3.3738958835601807,
,,0.8321048021316528,84,,,0.17789950966835022,,,0.26473531126976013,,,1.0268026429116617e-08,5349,,,1.3892486095428467,
1.6588798761367798,,,84,3.592670440673828,,,15661.1767578125,,,7.443508625030518,,,5354,9.804659843444824,,,9.804659843444824
,1.3092409372329712,,84,,3.183760643005371,,,10696.9677734375,,,7.130712509155273,,5354,,8.746856689453125,,
1.8393670320510864,,,89,2.2238850593566895,,,121.88375854492188,,,2.8959386348724365,,,5669,8.315169334411621,,,8.315169334411621
,1.4421510696411133,,89,,1.9853370189666748,,,182.57705688476562,,,3.083005905151367,,5669,,7.500128269195557,,
,,1.7032818794250488,90,,,0.451238751411438,,,9.370660781860352,,,9.730279515451912e-08,5699,,,5.233020782470703,
,,2.7660727500915527,85,,,3.6552419662475586,,,-57.969573974609375,,,4.479151414216176e-07,5399,,,10.512665748596191,
0.7213442325592041,,,85,2.889202117919922,,,9309.2158203125,,,6.499520301818848,,,5417,7.342467784881592,,,7.342467784881592
,1.382430911064148,,85,,2.6174774169921875,,,8733.6416015625,,,5.113223552703857,,5417,,7.881849765777588,,
1.764775037765503,,,90,3.2165167331695557,,,560.1261596679688,,,8.87317943572998,,,5732,10.75125789642334,,,10.75125789642334
,1.5273064374923706,,90,,2.062410354614258,,,153.90655517578125,,,3.088958263397217,,5732,,7.794496059417725,,
,,0.4818369448184967,91,,,1.2307202816009521,,,24.47274398803711,,,3.185411401318561e-08,5749,,,3.142725706100464,
,,0.21697227656841278,86,,,0.32818499207496643,,,1.7545000314712524,,,2.5315912921541894e-08,5449,,,1.2001179456710815,
1.1642411947250366,,,91,1.0687123537063599,,,0.6991106867790222,,,4.576115841814499e-08,,,5795,5.081908702850342,,,5.081908702850342
,1.5411014556884766,,91,,1.818588137626648,,,72.04461669921875,,,1.3336856365203857,,5795,,6.790536403656006,,
1.2225408554077148,,,86,3.6792593002319336,,,16244.4140625,,,7.801323413848877,,,5480,9.483698844909668,,,9.483698844909668
,1.251857876777649,,86,,2.409881353378296,,,7751.69287109375,,,5.034977912902832,,5480,,6.924564838409424,,
,,3.590574264526367,92,,,2.924669027328491,,,-17.308509826660156,,,8.161284625884946e-08,5799,,,10.00120735168457,
,,0.27173149585723877,87,,,0.5339059233665466,,,87.978515625,,,1.614169207186933e-07,5499,,,1.4911984205245972,
,,0.34367334842681885,92,,,0.8229872584342957,,,0.252680242061615,,,2.0784902687864815e-09,5849,,,3.515953302383423,
1.607855200767517,,,92,1.7414799928665161,,,1.3671066761016846,,,5.595931895641115e-08,,,5858,6.296447277069092,,,6.296447277069092
,1.7885597944259644,,92,,2.8939828872680664,,,351.9029235839844,,,5.531744003295898,,5858,,9.929052352905273,,
1.999150037765503,,,87,5.605895042419434,,,23746.21875,,,11.699339866638184,,,5543,14.094518661499023,,,14.094518661499023
,1.184812307357788,,87,,2.036808967590332,,,5146.87255859375,,,2.250270366668701,,5543,,6.1388983726501465,,
,,2.3011746406555176,88,,,3.1393883228302,,,-61.61845016479492,,,5.022269533583312e-07,5549,,,8.887123107910156,
,,3.790839672088623,93,,,7.952099800109863,,,1668.7872314453125,,,30.25986099243164,5899,,,24.02826499938965,
,,0.11956166476011276,88,,,0.4199483096599579,,,5.717723369598389,,,2.71810705498865e-07,5599,,,2.6611034870147705,
2.3591465950012207,,,93,2.719280242919922,,,122.24358367919922,,,3.063931941986084,,,5921,9.729158401489258,,,9.729158401489258
,1.875293493270874,,93,,2.6288418769836426,,,232.33692932128906,,,4.510613918304443,,5921,,9.278250694274902,,
1.408143401145935,,,88,4.060100555419922,,,15941.8603515625,,,7.4477763175964355,,,5606,10.236666679382324,,,10.236666679382324
,1.2701497077941895,,88,,2.6515891551971436,,,7074.84619140625,,,3.828073263168335,,5606,,7.510343551635742,,
,,3.417069673538208,94,,,6.981945514678955,,,913.9312133789062,,,21.600040435791016,5949,,,21.712690353393555,
,,0.12296091020107269,89,,,0.6214923858642578,,,5.106761455535889,,,3.4405016435812286e-07,5649,,,2.9447617530822754,
1.952085256576538,,,94,1.9840352535247803,,,130.4666748046875,,,2.9202656745910645,,,5984,8.071966171264648,,,8.071966171264648
,1.1899328231811523,,94,,1.6222116947174072,,,78.301513671875,,,1.4639761447906494,,5984,,6.2724833488464355,,
1.366135835647583,,,89,2.2894701957702637,,,5.314517498016357,,,2.9169024173825164e-07,,,5669,7.071383953094482,,,7.071383953094482
,1.3559305667877197,,89,,3.279900550842285,,,10754.578125,,,5.967015743255615,,5669,,8.743128776550293,,
,,1.6438326835632324,95,,,0.3866148591041565,,,6.9737138748168945,,,8.18602288177317e-08,5999,,,4.915566921234131,
,,2.7862675189971924,90,,,9.588251113891602,,,54499.26171875,,,20.389739990234375,5699,,,22.87849998474121,
1.13114333152771,,,95,1.571589708328247,,,-2.1575164794921875,,,3.2801821703287715e-08,,,6047,6.030609130859375,,,6.030609130859375
,1.5293785333633423,,95,,2.6292285919189453,,,263.2821350097656,,,4.514492034912109,,6047,,8.938788414001465,,
,,0.9510689973831177,96,,,0.8076188564300537,,,0.06704056262969971,,,6.674091279634808e-10,6049,,,4.788398265838623,
1.2766997814178467,,,90,2.4649322032928467,,,8011.2470703125,,,4.176681995391846,,,5732,6.546302795410156,,,6.546302795410156
,1.0563380718231201,,90,,2.3949992656707764,,,9497.86328125,,,5.065303802490234,,5732,,6.802523136138916,,
,,1.2346311807632446,91,,,0.3292389512062073,,,30.141578674316406,,,4.317009256737947e-07,5749,,,4.111365795135498,
,,1.6310746669769287,96,,,1.3067436218261719,,,0.10141441226005554,,,9.167855918867929e-10,6099,,,7.0624003410339355,
1.947164535522461,,,96,3.2150230407714844,,,299.86627197265625,,,6.136482238769531,,,6110,10.915462493896484,,,10.915462493896484
,1.3112890720367432,,96,,2.4701454639434814,,,213.17259216308594,,,3.9347574710845947,,6110,,8.241297721862793,,
0.9220321178436279,,,91,2.3298065662384033,,,7422.02783203125,,,4.079417705535889,,,5795,6.231609344482422,,,6.231609344482422
,1.0903953313827515,,91,,2.613036870956421,,,8688.0244140625,,,4.324596881866455,,5795,,7.189166069030762,,
,,1.120603322982788,92,,,0.35492366552352905,,,34.228431701660156,,,4.367396968518733e-07,5799,,,3.8004820346832275,
,,1.6710972785949707,97,,,0.3446961045265198,,,6.105336666107178,,,7.553271785809557e-08,6149,,,4.871242046356201,
1.2617557048797607,,,97,1.3747875690460205,,,-1.4831701517105103,,,4.0922099486806474e-08,,,6173,5.8723626136779785,,,5.8723626136779785
,1.277032494544983,,97,,1.8364747762680054,,,81.34722900390625,,,1.5396724939346313,,6173,,6.645796775817871,,
,,0.1984216868877411,92,,,0.5701298713684082,,,71.7961196899414,,,1.2809773863864393e-07,5849,,,1.465192198753357,
1.210129976272583,,,92,3.5157809257507324,,,7844.60205078125,,,2.886563777923584,,,5858,8.608368873596191,,,8.608368873596191
,0.9993695616722107,,92,,2.03578782081604,,,5169.11474609375,,,3.18410587310791,,5858,,5.820537090301514,,
,,1.545095682144165,98,,,0.3494781255722046,,,5.571606159210205,,,6.830956778003383e-08,6199,,,4.646262168884277,
1.7610715627670288,,,98,2.365668773651123,,,81.81302642822266,,,1.8851344585418701,,,6236,8.131463050842285,,,8.131463050842285
,1.5870014429092407,,98,,2.8648030757904053,,,189.6311492919922,,,3.6039211750030518,,6236,,9.188511848449707,,
,,0.16508957743644714,93,,,0.33064019680023193,,,6.5477190017700195,,,2.637004570260615e-07,5899,,,2.097001552581787,
,,0.22375395894050598,99,,,0.17643000185489655,,,0.27742505073547363,,,5.214194231939473e-08,6249,,,2.1873223781585693,
0.7203578352928162,,,93,0.674843966960907,,,3.41291880607605,,,9.530547373515219e-08,,,5921,2.506619930267334,,,2.506619930267334
,1.1423033475875854,,93,,2.854074001312256,,,6197.56884765625,,,2.8842222690582275,,5921,,7.684985160827637,,
,,0.21369759738445282,94,,,0.30315202474594116,,,0.7209560871124268,,,1.1532426569260679e-08,5949,,,1.1672061681747437,
,,0.29973551630973816,99,,,6.340916156768799,,,0.13468106091022491,,,1.6486445542085448e-09,6299,,,14.210640907287598,
1.0657906532287598,,,99,1.5733696222305298,,,52.44546127319336,,,1.4587639570236206,,,6299,6.023890018463135,,,6.023890018463135
,1.182827353477478,,99,,2.4306797981262207,,,93.48963928222656,,,1.8416121006011963,,6299,,7.605861663818359,,
1.0031824111938477,,,94,0.8689056634902954,,,-5.828828811645508,,,2.3898036261016387e-07,,,5984,3.5775206089019775,,,3.5775206089019775
,1.2086317539215088,,94,,2.7757229804992676,,,10475.1015625,,,5.784575939178467,,5984,,7.7568488121032715,,
,,1.023833155632019,95,,,0.19465261697769165,,,20.646434783935547,,,3.0671168360640877e-07,5999,,,3.261432409286499,
,,3.4071855545043945,100,,,7.684751033782959,,,929.2406616210938,,,20.263248443603516,6349,,,23.299888610839844,
1.4133268594741821,,,100,3.702152729034424,,,169.83811950683594,,,3.0485446453094482,,,6362,10.23839282989502,,,10.23839282989502
,1.3765279054641724,,100,,2.7698960304260254,,,168.5685577392578,,,3.2850518226623535,,6362,,8.748824119567871,,
1.0000121593475342,,,95,2.666489601135254,,,8040.060546875,,,5.589599609375,,,6047,6.834009647369385,,,6.834009647369385
,1.1823208332061768,,95,,2.6722795963287354,,,8601.6025390625,,,5.995683193206787,,6047,,7.286013603210449,,
,,0.3598794937133789,101,,,3.7736191749572754,,,0.16853326559066772,,,1.436852414826717e-09,6399,,,9.113716125488281,
,,1.8775534629821777,96,,,2.693683624267578,,,-35.8944091796875,,,3.3531622989357857e-07,6049,,,7.555291175842285,
1.345869541168213,,,101,2.4611289501190186,,,-3.5967233180999756,,,3.5211506599353015e-08,,,6425,6.90321159362793,,,6.90321159362793
,1.1075010299682617,,101,,2.116243362426758,,,148.32315063476562,,,2.337209463119507,,6425,,7.0877685546875,,
,,2.1164040565490723,102,,,3.8612306118011475,,,-20.657569885253906,,,6.538808605682789e-08,6449,,,10.015325546264648,
,,0.2472887486219406,96,,,0.17091217637062073,,,0.9594922661781311,,,1.1001568545054852e-08,6099,,,0.7676387429237366,
0.4943719804286957,,,96,0.461475133895874,,,12.078426361083984,,,1.1574530134339511e-07,,,6110,1.656552791595459,,,1.656552791595459
,1.0160094499588013,,96,,1.850051760673523,,,4392.68359375,,,3.336447238922119,,6110,,5.3359575271606445,,
0.7069246172904968,,,102,0.9462127685546875,,,0.8756549954414368,,,4.319803181829229e-08,,,6488,3.664454460144043,,,3.664454460144043
,1.2074756622314453,,102,,1.954869270324707,,,68.56288146972656,,,1.3894466161727905,,6488,,6.618485450744629,,
,,3.154972553253174,103,,,6.1531171798706055,,,259.9268493652344,,,7.983633041381836,6499,,,19.705047607421875,
,,0.16875004768371582,97,,,0.260600209236145,,,63.62824249267578,,,9.897927100155357e-08,6149,,,0.8548325896263123,
1.2204066514968872,,,97,3.8371529579162598,,,16141.388671875,,,9.5164213180542,,,6173,9.545738220214844,,,9.545738220214844
,0.9779214859008789,,97,,2.7092249393463135,,,9875.349609375,,,6.424002170562744,,6173,,6.96310567855835,,
,,0.32803305983543396,103,,,0.7253570556640625,,,0.12441962957382202,,,1.373305136276315e-09,6549,,,2.919945478439331,
1.7698866128921509,,,103,3.990345001220703,,,339.9044494628906,,,5.859679222106934,,,6551,11.525771141052246,,,11.525771141052246
,1.3838391304016113,,103,,2.218804121017456,,,112.92819213867188,,,2.4790501594543457,,6551,,7.588764190673828,,
,,1.5399326086044312,98,,,2.526089668273926,,,-31.417951583862305,,,2.6816766762749467e-07,6199,,,6.745613098144531,
0.9226370453834534,,,98,0.6528627872467041,,,-1.702088475227356,,,2.2620902484504768e-07,,,6236,3.0602757930755615,,,3.0602757930755615
,1.1509606838226318,,98,,3.290271282196045,,,9756.220703125,,,6.142508029937744,,6236,,8.405226707458496,,
,,2.9430766105651855,104,,,5.801886081695557,,,322.763427734375,,,11.421590805053711,6599,,,18.568614959716797,
,,0.1320105791091919,99,,,0.26305827498435974,,,54.54838562011719,,,9.427034797226952e-08,6249,,,0.8334305286407471,
1.4899780750274658,,,104,3.6096603870391846,,,479.97601318359375,,,6.954019069671631,,,6614,10.986166000366211,,,10.986166000366211
,1.463169813156128,,104,,2.2483713626861572,,,138.56361389160156,,,3.062830686569214,,6614,,7.922499179840088,,
,,0.4849275052547455,105,,,0.7818941473960876,,,19.98017692565918,,,2.090016337774614e-08,6649,,,2.2575814723968506,
,,0.767581582069397,99,,,0.5948737859725952,,,20.906274795532227,,,2.3786290626048867e-07,6299,,,3.556360960006714,
0.6503101587295532,,,99,0.2184424102306366,,,11.26656723022461,,,7.93381431662965e-08,,,6299,1.7577455043792725,,,1.7577455043792725
,0.9429413080215454,,99,,3.492292881011963,,,10092.33203125,,,5.281813144683838,,6299,,8.550922393798828,,
2.0588135719299316,,,105,3.6304666996002197,,,294.8759765625,,,5.671117305755615,,,6677,12.004030227661133,,,12.004030227661133
,1.1558946371078491,,105,,2.051626682281494,,,65.88075256347656,,,1.6393691301345825,,6677,,6.878380298614502,,
,,2.0788426399230957,106,,,3.44278621673584,,,-16.174734115600586,,,4.8373323124906165e-08,6699,,,9.143099784851074,
,,2.5540213584899902,100,,,12.784191131591797,,,39962.05859375,,,31.697479248046875,6349,,,29.46297836303711,
0.7860580682754517,,,100,5.281667709350586,,,-70.22168731689453,,,5.146683292878151e-07,,,6362,11.916829109191895,,,11.916829109191895
,1.1090054512023926,,100,,3.29258394241333,,,9826.86328125,,,6.526247501373291,,6362,,8.453850746154785,,
1.0653305053710938,,,106,0.8486241102218628,,,-1.244193434715271,,,2.9845143245665895e-08,,,6740,4.355064392089844,,,4.355064392089844
,1.384216547012329,,106,,2.5985422134399414,,,88.67481994628906,,,1.9442601203918457,,6740,,8.33351993560791,,
,,2.9983644485473633,107,,,7.429839134216309,,,506.1339111328125,,,12.8406982421875,6749,,,22.20317840576172,
,,0.1303940713405609,101,,,4.628026008605957,,,97.77693939208984,,,8.584444799453195e-07,6399,,,10.299652099609375,
0.5757490992546082,,,101,5.008327007293701,,,6.143486499786377,,,4.5121907987777377e-07,,,6425,11.220361709594727,,,11.220361709594727
,0.7787681221961975,,101,,6.1383209228515625,,,8058.2578125,,,2.7740018367767334,,6425,,13.673484802246094,,
,,2.723100185394287,107,,,7.965882301330566,,,439.2042236328125,,,10.009138107299805,6799,,,23.1519718170166,
1.2072169780731201,,,107,1.6204739809036255,,,108.15824890136719,,,2.204545259475708,,,6803,6.259369373321533,,,6.259369373321533
,1.359499454498291,,107,,2.592390298843384,,,114.85723114013672,,,2.556609869003296,,6803,,8.382439613342285,,
,,0.8841938376426697,102,,,1.4906094074249268,,,1.0241881608963013,,,8.12560507768012e-09,6449,,,4.035783767700195,
,,1.2788279056549072,108,,,0.35619327425956726,,,4.326512336730957,,,4.207628023777943e-08,6849,,,3.9043354988098145,
1.6164546012878418,,,102,5.631739139556885,,,-10.45545482635498,,,4.534795436939021e-07,,,6488,14.113298416137695,,,14.113298416137695
,1.1600137948989868,,102,,5.929789066314697,,,8761.0263671875,,,2.649533987045288,,6488,,14.036176681518555,,
1.3993163108825684,,,108,2.5595593452453613,,,175.3058624267578,,,3.3739516735076904,,,6866,8.357697486877441,,,8.357697486877441
,1.2028802633285522,,108,,2.06181001663208,,,81.06918334960938,,,1.647788643836975,,6866,,6.852181434631348,,
,,1.040917992591858,103,,,5.207592010498047,,,231.06983947753906,,,5.616448817136188e-08,6499,,,12.002776145935059,
,,0.360029399394989,109,,,0.6796051263809204,,,0.09425471723079681,,,9.234123465873267e-10,6899,,,2.601217269897461,
,,0.427981972694397,103,,,1.5507988929748535,,,1.7980458736419678,,,1.0529007887782882e-08,6549,,,5.114380836486816,
1.392458438873291,,,109,2.097182273864746,,,135.1087646484375,,,2.8172051906585693,,,6929,7.056621074676514,,,7.056621074676514
,1.1804213523864746,,109,,2.002634286880493,,,52.26080322265625,,,1.1921919584274292,,6929,,6.54217004776001,,
1.8805934190750122,,,103,4.245206356048584,,,16267.845703125,,,2.848647356033325,,,6551,12.549117088317871,,,12.549117088317871
,1.8065800666809082,,103,,5.998908042907715,,,8935.1513671875,,,2.5855019092559814,,6551,,15.13487720489502,,
,,0.14843104779720306,110,,,0.8203288316726685,,,2.5103073120117188,,,6.229272742075409e-08,6949,,,3.1170928478240967,
,,1.7347137928009033,104,,,13.672868728637695,,,57174.36328125,,,23.47833251953125,6599,,,30.13576889038086,
1.1148313283920288,,,110,1.8194825649261475,,,-2.8715803623199463,,,4.1720490173702274e-08,,,6992,6.260992527008057,,,6.260992527008057
,1.068104863166809,,110,,2.031958818435669,,,39.241554260253906,,,1.064288854598999,,6992,,6.736324787139893,,
,,0.15004682540893555,111,,,0.8125959634780884,,,3.3530094623565674,,,8.428489195466682e-08,6999,,,3.0119292736053467,
2.5732839107513428,,,104,5.416060447692871,,,15620.1455078125,,,3.4244167804718018,,,6614,15.588833808898926,,,15.588833808898926
,2.233490467071533,,104,,4.514471530914307,,,9903.5322265625,,,3.218143939971924,,6614,,13.449909210205078,,
,,1.205784559249878,105,,,1.2126491069793701,,,6.738302230834961,,,8.977892207440163e-08,6649,,,7.717608451843262,
,,2.1808433532714844,111,,,5.418937683105469,,,-37.0201301574707,,,1.0116728077491643e-07,7049,,,13.236841201782227,
1.029985785484314,,,111,2.307687520980835,,,41.35422897338867,,,1.4753296375274658,,,7055,7.204187870025635,,,7.204187870025635
,0.9762517213821411,,111,,2.019247055053711,,,28.14440155029297,,,0.5871886014938354,,7055,,6.311389923095703,,
4.162843227386475,,,105,4.125432014465332,,,-20.758413314819336,,,1.7271433705445816e-07,,,6677,15.355234146118164,,,15.355234146118164
,2.6023597717285156,,105,,3.4867565631866455,,,3468.967041015625,,,0.9547224640846252,,6677,,12.092864990234375,,
,,1.088212251663208,106,,,1.3759877681732178,,,7.849975109100342,,,9.643941467629702e-08,6699,,,7.725771903991699,
,,3.1612279415130615,112,,,5.573787689208984,,,234.1256103515625,,,10.252974510192871,7099,,,18.10057830810547,
1.599793553352356,,,112,2.8406524658203125,,,4.325350284576416,,,0.4273052215576172,,,7118,8.610111236572266,,,8.610111236572266
,1.2827149629592896,,112,,2.6712422370910645,,,68.5971450805664,,,1.8445830345153809,,7118,,8.14907455444336,,
1.7518751621246338,,,106,2.648927927017212,,,7.741034984588623,,,5.821801352112743e-08,,,6740,8.723456382751465,,,8.723456382751465
,1.7164409160614014,,106,,3.6019155979156494,,,7926.41796875,,,2.1932244300842285,,6740,,10.750147819519043,,
,,5.175518035888672,107,,,7.572051048278809,,,-87.55120849609375,,,2.336442719297338e-07,6749,,,21.557584762573242,
,,1.312434196472168,113,,,0.9752748012542725,,,12.402374267578125,,,6.697446508496796e-08,7149,,,5.363552570343018,
0.9030994772911072,,,113,1.3040722608566284,,,-2.36037278175354,,,2.7359272181115557e-08,,,7181,4.727395534515381,,,4.727395534515381
,1.2070608139038086,,113,,2.1409497261047363,,,26.380067825317383,,,0.808903157711029,,7181,,6.939364910125732,,
,,0.49632978439331055,107,,,1.227630376815796,,,1.2626473903656006,,,1.0431978836322742e-08,6799,,,4.778116703033447,
1.9838945865631104,,,107,5.361034870147705,,,23481.08203125,,,5.842276573181152,,,6803,14.733217239379883,,,14.733217239379883
,2.36357045173645,,107,,3.7856438159942627,,,6134.37451171875,,,1.5317306518554688,,6803,,12.244954109191895,,
,,3.245414972305298,114,,,9.068197250366211,,,465.7755432128906,,,9.646451950073242,7199,,,25.736217498779297,
,,1.1253901720046997,108,,,0.822369396686554,,,3.3156895637512207,,,6.056571066892502e-08,6849,,,6.890019416809082,
1.0985889434814453,,,114,1.289584755897522,,,-2.219332218170166,,,1.6884495579461145e-08,,,7244,4.976986408233643,,,4.976986408233643
,1.355393886566162,,114,,2.586935520172119,,,58.413204193115234,,,1.5284513235092163,,7244,,8.159368515014648,,
,,0.18663130700588226,115,,,0.4078595042228699,,,1.0045900344848633,,,4.741509229688745e-08,7249,,,2.42488169670105,
2.665097713470459,,,108,3.147250175476074,,,-2.1607606410980225,,,6.729083423806514e-08,,,6866,10.576390266418457,,,10.576390266418457
,2.102856159210205,,108,,2.8903398513793945,,,3459.796142578125,,,0.7899683713912964,,6866,,9.957074165344238,,
,,1.386379361152649,109,,,3.164177894592285,,,58.30582046508789,,,2.3954717320862073e-08,6899,,,8.474435806274414,
,,0.19909948110580444,115,,,0.35348185896873474,,,0.8190372586250305,,,4.4947078947643604e-08,7299,,,2.321821689605713,
0.9229090809822083,,,115,0.6274543404579163,,,2.2131786346435547,,,2.699114176607509e-08,,,7307,3.9369091987609863,,,3.9369091987609863
,1.099617838859558,,115,,1.702275276184082,,,38.065792083740234,,,0.8104051947593689,,7307,,5.872647762298584,,
1.5390002727508545,,,109,5.066043376922607,,,15882.935546875,,,2.219475746154785,,,6929,12.950601577758789,,,12.950601577758789
,1.8988476991653442,,109,,3.33693265914917,,,6854.2783203125,,,1.787956953048706,,6929,,10.470498085021973,,
,,0.607414186000824,116,,,1.2962210178375244,,,17.996736526489258,,,1.2259530279834507e-08,7349,,,3.4202544689178467,
,,4.313615798950195,110,,,6.792275428771973,,,-72.53968811035156,,,1.7375468530644866e-07,6949,,,18.69127655029297,
1.3106707334518433,,,116,2.017183542251587,,,43.589508056640625,,,1.2174619436264038,,,7370,6.901240825653076,,,6.901240825653076
,1.2641737461090088,,116,,1.9923065900802612,,,37.06564712524414,,,1.0683940649032593,,7370,,6.8050408363342285,,
2.410599946975708,,,110,1.0749740600585938,,,15.308084487915039,,,6.493240078953022e-08,,,6992,7.470602035522461,,,7.470602035522461
,2.1401045322418213,,110,,4.0359601974487305,,,7962.1201171875,,,2.3370964527130127,,6992,,12.049298286437988,,
,,3.2036285400390625,117,,,7.009250640869141,,,272.2909240722656,,,7.7894744873046875,7399,,,21.244400024414062,
,,1.489774227142334,111,,,2.709040641784668,,,48.28422546386719,,,2.1346370004948767e-08,6999,,,7.836631774902344,
1.5897276401519775,,,117,1.7503702640533447,,,44.825138092041016,,,1.1135603189468384,,,7433,7.016572952270508,,,7.016572952270508
,1.2885607481002808,,117,,1.9359573125839233,,,44.265357971191406,,,1.0365206003189087,,7433,,6.738887786865234,,
,,0.15792027115821838,118,,,0.2125033140182495,,,0.2910206615924835,,,3.5397334841036354e-08,7449,,,2.091042995452881,
,,0.6914867758750916,111,,,0.9129031300544739,,,4.638124465942383,,,7.66068311008894e-08,7049,,,5.596573352813721,
2.8344614505767822,,,111,4.219918251037598,,,7843.23486328125,,,1.5477731227874756,,,7055,13.223973274230957,,,13.223973274230957
,1.7741605043411255,,111,,3.953862428665161,,,9699.060546875,,,2.8107123374938965,,7055,,11.19616413116455,,
2.0482089519500732,,,118,2.7776272296905518,,,32.971702575683594,,,1.1141612529754639,,,7496,9.473169326782227,,,9.473169326782227
,1.2755295038223267,,118,,1.89615797996521,,,31.76969337463379,,,0.7997251749038696,,7496,,6.448012351989746,,
,,0.1765899360179901,119,,,0.19354555010795593,,,0.1978803426027298,,,3.307758333903621e-08,7499,,,2.018521308898926,
,,0.4128839373588562,112,,,0.8240417838096619,,,0.8657209873199463,,,1.3493029804578782e-08,7099,,,3.707585096359253,
2.585812568664551,,,112,4.313420295715332,,,7807.9609375,,,1.7849363088607788,,,7118,13.33403205871582,,,13.33403205871582
,2.1228179931640625,,112,,3.9240305423736572,,,7858.86181640625,,,1.840942144393921,,7118,,11.635876655578613,,
,,2.345409631729126,119,,,3.3314993381500244,,,-12.735758781433105,,,2.9373882881600366e-08,7549,,,9.316763877868652,
1.4898327589035034,,,119,2.272859573364258,,,47.503662109375,,,1.2022132873535156,,,7559,6.8219804763793945,,,6.8219804763793945
,1.4304009675979614,,119,,1.8917269706726074,,,27.232065200805664,,,0.6613749265670776,,7559,,6.636638164520264,,
,,1.1977472305297852,113,,,2.882408618927002,,,47.2737922668457,,,2.2555399326051884e-08,7149,,,7.543956279754639,
2.058527946472168,,,113,6.324637413024902,,,23972.92578125,,,4.626434803009033,,,7181,16.237293243408203,,,16.237293243408203
,1.842390537261963,,113,,3.9829165935516357,,,9684.2041015625,,,2.6565306186676025,,7181,,11.405220985412598,,
,,2.7469277381896973,120,,,4.995984077453613,,,97.81934356689453,,,3.9414942264556885,7599,,,16.098485946655273,
,,0.711368203163147,114,,,0.7541723847389221,,,3.8358845710754395,,,7.55306501787345e-08,7199,,,5.507740020751953,
0.7495152354240417,,,120,0.4960305392742157,,,4.28493070602417,,,1.0387008586576485e-08,,,7622,2.702322244644165,,,2.702322244644165
,1.5372095108032227,,120,,2.2593817710876465,,,48.14390563964844,,,1.226744294166565,,7622,,7.722792625427246,,
,,1.4713536500930786,121,,,0.27293720841407776,,,1.4788283109664917,,,2.2399285981578032e-08,7649,,,4.34568452835083,
2.074918508529663,,,114,3.8865063190460205,,,15636.1357421875,,,2.102897882461548,,,7244,11.960820198059082,,,11.960820198059082
,1.7289397716522217,,114,,3.7866294384002686,,,10422.2294921875,,,2.396113634109497,,7244,,10.8849515914917,,
,,3.8021669387817383,115,,,6.703464031219482,,,-77.95380401611328,,,2.3668314952374203e-07,7249,,,17.754783630371094,
1.4232573509216309,,,121,2.181771755218506,,,52.484336853027344,,,1.175015926361084,,,7685,7.393676280975342,,,7.393676280975342
,1.429654598236084,,121,,1.922448992729187,,,35.647857666015625,,,0.7812201380729675,,7685,,6.788952827453613,,
,,0.6922614574432373,122,,,0.5594018697738647,,,7.585994243621826,,,6.2296741099032715e-09,7699,,,2.0301365852355957,
,,1.8014793395996094,115,,,11.544304847717285,,,52273.88671875,,,16.687007904052734,7299,,,25.83953094482422,
2.0413217544555664,,,115,3.105215311050415,,,7937.89013671875,,,1.5913183689117432,,,7307,9.632003784179688,,,9.632003784179688
,1.9355660676956177,,115,,4.512331485748291,,,11517.0244140625,,,3.774602174758911,,7307,,12.380719184875488,,
1.6578561067581177,,,122,1.9461930990219116,,,50.699832916259766,,,0.8075557351112366,,,7748,7.192590713500977,,,7.192590713500977
,1.3874015808105469,,122,,1.5334956645965576,,,30.012252807617188,,,0.6785002946853638,,7748,,5.857245922088623,,
,,3.249986171722412,123,,,7.890924453735352,,,267.2910461425781,,,4.689854621887207,7749,,,22.67778778076172,
,,0.6929738521575928,116,,,0.4368499219417572,,,3.2216882705688477,,,9.548193702357821e-08,7349,,,4.7195844650268555,
,,0.21253901720046997,123,,,0.2855094075202942,,,0.013810927048325539,,,1.7854615563805964e-08,7799,,,2.066696882247925,
1.8703465461730957,,,116,2.265066146850586,,,-3.7503128051757812,,,9.232906705847199e-08,,,7370,7.342936038970947,,,7.342936038970947
,1.7987743616104126,,116,,2.6757113933563232,,,4395.1943359375,,,1.3768810033798218,,7370,,8.847956657409668,,
1.3710492849349976,,,123,1.4993391036987305,,,28.862640380859375,,,0.7846346497535706,,,7811,5.951003551483154,,,5.951003551483154
,1.2428830862045288,,123,,1.2635209560394287,,,19.973121643066406,,,0.37521305680274963,,7811,,5.073783874511719,,
,,0.315102756023407,117,,,0.4030608534812927,,,0.7648404836654663,,,1.5145248610792805e-08,7399,,,2.1010634899139404,
,,0.5036289095878601,124,,,0.34115028381347656,,,6.000560760498047,,,6.786031292449479e-09,7849,,,1.3402814865112305,
1.0474249124526978,,,117,1.3680883646011353,,,0.6419095396995544,,,7.806058022197249e-08,,,7433,4.471982479095459,,,4.471982479095459
,1.7099051475524902,,117,,2.4076623916625977,,,5157.98681640625,,,0.9331390857696533,,7433,,7.890719413757324,,
1.3892502784729004,,,124,1.1153334379196167,,,-2.565870761871338,,,1.210847155874717e-08,,,7874,4.602061748504639,,,4.602061748504639
,1.0770314931869507,,124,,1.1390689611434937,,,8.91523265838623,,,0.19711147248744965,,7874,,4.506485462188721,,
,,0.9653623104095459,118,,,1.6968662738800049,,,53.66538619995117,,,3.6608007292215916e-08,7449,,,4.790553569793701,
,,1.1291019916534424,125,,,0.752112865447998,,,0.00675954669713974,,,3.071729537396095e-10,7899,,,3.8737988471984863,
1.5828686952590942,,,125,2.0893564224243164,,,37.47305679321289,,,0.8629210591316223,,,7937,7.26613712310791,,,7.26613712310791
,1.1218098402023315,,125,,1.385398268699646,,,19.47768783569336,,,0.42026856541633606,,7937,,5.10157585144043,,
0.7390944957733154,,,118,2.247325897216797,,,7715.9140625,,,2.2602627277374268,,,7496,6.435184001922607,,,6.435184001922607
,1.2591873407363892,,118,,3.0538082122802734,,,9410.4150390625,,,2.628695011138916,,7496,,8.499267578125,,
,,0.2186085283756256,119,,,0.23912444710731506,,,0.653685986995697,,,1.6683264547623367e-08,7499,,,1.548967957496643,
,,1.5885851383209229,126,,,1.0714225769042969,,,0.01764542981982231,,,4.322990854177533e-10,7949,,,5.175348281860352,
,,0.7684383988380432,119,,,1.5282858610153198,,,47.89823532104492,,,4.1217923296699155e-08,7549,,,4.119961261749268,
,,1.3804304599761963,126,,,0.899205207824707,,,0.00665215915068984,,,3.7365710525705254e-10,7999,,,4.46303129196167,
1.231613039970398,,,126,1.4050233364105225,,,10.37332534790039,,,0.2541532814502716,,,8000,5.3936052322387695,,,5.3936052322387695
,1.0945656299591064,,126,,1.3744289875030518,,,24.978979110717773,,,0.4592650234699249,,8000,,5.223979473114014,,
1.2690690755844116,,,119,6.012930870056152,,,24766.537109375,,,6.7115302085876465,,,7559,13.914661407470703,,,13.914661407470703
,1.0837903022766113,,119,,2.79746150970459,,,8821.21875,,,3.1428773403167725,,7559,,7.730122089385986,,
,,1.8641119003295898,127,,,1.7974750995635986,,,-5.174311637878418,,,9.329712113981259e-09,8049,,,5.665878772735596,
,,2.3299880027770996,120,,,8.778047561645508,,,51737.9765625,,,17.659732818603516,7599,,,20.733558654785156,
0.8252758979797363,,,127,1.6052452325820923,,,48.4289436340332,,,0.6627859473228455,,,8063,5.4950971603393555,,,5.4950971603393555
,1.3877484798431396,,127,,1.813172459602356,,,22.84583282470703,,,0.47052106261253357,,8063,,6.445370197296143,,
0.7008689045906067,,,120,1.684998631477356,,,7602.2412109375,,,2.1866955757141113,,,7622,4.519504547119141,,,4.519504547119141
,1.313380479812622,,120,,2.7623584270477295,,,5859.791015625,,,2.966252088546753,,7622,,7.898261547088623,,
,,1.0671451091766357,128,,,0.12023862451314926,,,0.05636722594499588,,,9.18063935984037e-09,8099,,,3.1258809566497803,
,,0.16794532537460327,121,,,0.1763022392988205,,,0.8134752511978149,,,2.025113587933447e-08,7649,,,1.1444058418273926,
1.6166601181030273,,,128,2.1204543113708496,,,19.345876693725586,,,0.48140084743499756,,,8126,7.099250316619873,,,7.099250316619873
,1.1194409132003784,,128,,1.479158639907837,,,22.042755126953125,,,0.3806785047054291,,8126,,5.331210136413574,,
0.7566673755645752,,,121,0.8721716403961182,,,7.055760383605957,,,1.5492878446821123e-07,,,7685,3.0881059169769287,,,3.0881059169769287
,1.0866037607192993,,121,,2.6500589847564697,,,8553.419921875,,,3.8962607383728027,,7685,,7.223204135894775,,
,,0.3217466473579407,129,,,0.3836430609226227,,,4.269304275512695,,,5.85823523024942e-09,8149,,,1.242542028427124,
,,1.981184482574463,122,,,9.373059272766113,,,54826.87109375,,,16.537708282470703,7699,,,21.500064849853516,
1.0023385286331177,,,129,0.7876285314559937,,,-0.6765347123146057,,,5.870750108272205e-09,,,8189,3.2417144775390625,,,3.2417144775390625
,1.2418245077133179,,129,,1.670725703239441,,,16.53063201904297,,,0.3309458792209625,,8189,,5.855411529541016,,
,,0.3288678228855133,130,,,0.41868555545806885,,,3.217914581298828,,,5.34429966947414e-09,8199,,,1.3362170457839966,
0.8278358578681946,,,122,0.6347564458847046,,,7.2894463539123535,,,3.15001528861103e-07,,,7748,3.325010061264038,,,3.325010061264038
,1.275339126586914,,122,,4.007436752319336,,,14034.3935546875,,,7.313263893127441,,7748,,10.176651000976562,,
,,0.1410924345254898,123,,,0.22164013981819153,,,4.722938060760498,,,2.3794788717168558e-07,7749,,,1.9539072513580322,
,,1.1322636604309082,130,,,0.8353015780448914,,,0.0042678979225456715,,,3.4286246064496595e-10,8249,,,3.8640120029449463,
1.5590744018554688,,,130,2.7941644191741943,,,38.826332092285156,,,0.7156960368156433,,,8252,8.306425094604492,,,8.306425094604492
,1.1313420534133911,,130,,1.2578707933425903,,,10.999041557312012,,,0.19558587670326233,,8252,,4.693912982940674,,
,,0.09559516608715057,123,,,0.3550783097743988,,,4.87900447845459,,,2.718402356549632e-07,7799,,,2.0718750953674316,
0.8121016025543213,,,123,0.6525450944900513,,,19.79842185974121,,,2.855306320270756e-07,,,7811,2.916367530822754,,,2.916367530822754
,0.9439539313316345,,123,,2.213803291320801,,,6723.08935546875,,,3.847257614135742,,7811,,6.1216301918029785,,
,,1.800628900527954,131,,,1.401279330253601,,,-3.592139482498169,,,4.907292350253556e-09,8299,,,4.7370381355285645,
1.7063405513763428,,,131,2.9673595428466797,,,40.96298599243164,,,0.712585985660553,,,8315,9.636686325073242,,,9.636686325073242
,1.1096690893173218,,131,,1.271234393119812,,,11.625353813171387,,,0.202895849943161,,8315,,4.73837947845459,,
,,0.07656734436750412,124,,,0.41636332869529724,,,5.821871280670166,,,3.1392778510053176e-07,7849,,,2.029526710510254,
1.094926118850708,,,124,2.226682662963867,,,8004.595703125,,,3.5481765270233154,,,7874,6.100735187530518,,,6.100735187530518
,0.9039162397384644,,124,,2.056291103363037,,,5070.212890625,,,3.7332170009613037,,7874,,5.624033451080322,,
,,0.26653027534484863,132,,,0.4429873824119568,,,0.003485659370198846,,,1.7800425022862498e-10,8349,,,1.6105504035949707,
,,0.13695786893367767,125,,,0.14520615339279175,,,1.063464879989624,,,2.709844260095906e-08,7899,,,0.6891311407089233,
0.9656338095664978,,,132,1.1531809568405151,,,7.40985631942749,,,0.18518279492855072,,,8378,4.5311808586120605,,,4.5311808586120605
,1.1718168258666992,,132,,1.7157506942749023,,,16.12407684326172,,,0.2932707965373993,,8378,,5.787777900695801,,
,,1.7863874435424805,133,,,1.252411127090454,,,-3.164008378982544,,,3.776641666064506e-09,8399,,,4.404626369476318,
0.8487145900726318,,,125,1.1788079738616943,,,-4.862747669219971,,,2.892128634357505e-07,,,7937,3.6118290424346924,,,3.6118290424346924
,0.984582245349884,,125,,2.354621410369873,,,5687.033203125,,,4.464975833892822,,7937,,6.219635486602783,,
,,2.251410722732544,126,,,10.833974838256836,,,47841.31640625,,,31.215234756469727,7949,,,24.785829544067383,
2.0993409156799316,,,133,3.039522171020508,,,26.4791202545166,,,0.47756192088127136,,,8441,10.096839904785156,,,10.096839904785156
,1.0052568912506104,,133,,1.2283915281295776,,,10.859702110290527,,,0.17954283952713013,,8441,,4.3136444091796875,,
,,0.9818710088729858,134,,,0.11789335310459137,,,0.02073425054550171,,,5.570307770597083e-09,8449,,,2.855954647064209,
,,1.9294970035552979,126,,,13.181598663330078,,,44782.93359375,,,28.801040649414062,7999,,,29.218690872192383,
0.5136981010437012,,,126,0.1775401383638382,,,11.69431209564209,,,2.8611901825570385e-07,,,8000,2.0227832794189453,,,2.0227832794189453
,0.7811986207962036,,126,,1.8550387620925903,,,3915.3203125,,,3.0416274070739746,,8000,,5.0642170906066895,,
,,1.671481728553772,134,,,1.1020163297653198,,,-2.5712287425994873,,,2.521427511226193e-09,8499,,,4.001877307891846,
1.4332841634750366,,,134,1.7338504791259766,,,14.086057662963867,,,0.19227923452854156,,,8504,5.718064308166504,,,5.718064308166504
,1.3699815273284912,,134,,1.7273330688476562,,,14.165374755859375,,,0.25206300616264343,,8504,,6.0887885093688965,,
,,1.6461164951324463,127,,,7.722466945648193,,,-71.14588928222656,,,6.952085414013709e-07,8049,,,17.221595764160156,
0.5257338881492615,,,127,0.29610475897789,,,37.10078430175781,,,2.0359746599751816e-07,,,8063,1.7243640422821045,,,1.7243640422821045
,0.9913270473480225,,127,,2.730600118637085,,,3933.70166015625,,,5.5980377197265625,,8063,,7.048171043395996,,
,,0.23309268057346344,135,,,0.33451855182647705,,,2.7356619834899902,,,4.223793315105695e-09,8549,,,1.026680588722229,
0.7712998986244202,,,135,0.7292863130569458,,,0.15906786918640137,,,4.70860106460691e-09,,,8567,2.6637842655181885,,,2.6637842655181885
,1.0636570453643799,,135,,1.2173949480056763,,,7.143496513366699,,,0.11231729388237,,8567,,4.532417297363281,,
,,2.399372100830078,128,,,12.704277038574219,,,46112.7578125,,,31.643749237060547,8099,,,28.683361053466797,
,,0.23645071685314178,136,,,0.43682676553726196,,,0.000701255165040493,,,1.7641045568783653e-10,8599,,,1.5719637870788574,
1.5787348747253418,,,128,6.529782295227051,,,22640.708984375,,,16.619430541992188,,,8126,15.535131454467773,,,15.535131454467773
,0.828572690486908,,128,,2.1145730018615723,,,3852.296875,,,4.307281494140625,,8126,,5.658165454864502,,
0.6029245853424072,,,136,0.6055479645729065,,,-0.014658698812127113,,,4.851795853966223e-09,,,8630,2.7760567665100098,,,2.7760567665100098
,1.2920852899551392,,136,,1.4569745063781738,,,8.736865997314453,,,0.14490900933742523,,8630,,5.301204204559326,,
,,1.621511697769165,129,,,2.1153388023376465,,,-67.78636169433594,,,6.466293598350603e-07,8149,,,6.182389736175537,
,,0.2995587885379791,137,,,0.2783476710319519,,,2.2954463958740234,,,3.6480949372474925e-09,8649,,,1.0218013525009155,
0.9351917505264282,,,129,2.834390640258789,,,5197.6767578125,,,4.09237003326416,,,8189,7.230301380157471,,,7.230301380157471
,0.8628424406051636,,129,,2.718470573425293,,,4130.078125,,,4.0343146324157715,,8189,,6.869014739990234,,
,,0.8105427026748657,130,,,0.24376556277275085,,,0.4166642725467682,,,8.278796315153159e-09,8199,,,1.4267761707305908,
1.9483202695846558,,,137,3.152890920639038,,,26.872943878173828,,,0.3790900409221649,,,8693,9.923765182495117,,,9.923765182495117
,1.0343955755233765,,137,,1.1356182098388672,,,6.588080406188965,,,0.09378907084465027,,8693,,4.231372356414795,,
,,0.2191331386566162,138,,,0.3680194616317749,,,0.00010079340427182615,,,2.1288217022519262e-10,8699,,,1.442606806755066,
,,1.3794504404067993,130,,,1.1666905879974365,,,42.28921127319336,,,3.4801240644810605e-07,8249,,,5.79525899887085,
1.2591875791549683,,,130,4.037734031677246,,,9675.1376953125,,,8.067076683044434,,,8252,10.218631744384766,,,10.218631744384766
,0.8172668814659119,,130,,2.06555438041687,,,2725.15869140625,,,1.8356010913848877,,8252,,5.684305667877197,,
,,1.641050100326538,138,,,0.8037815093994141,,,-1.9067566394805908,,,1.1977655534067821e-09,8749,,,3.3732762336730957,
1.504953145980835,,,138,1.9840644598007202,,,7.984428882598877,,,0.17211613059043884,,,8756,6.876550674438477,,,6.876550674438477
,1.04997718334198,,138,,1.2325265407562256,,,5.4290924072265625,,,0.09673623740673065,,8756,,4.408571243286133,,
,,0.6800090074539185,131,,,0.1304028183221817,,,0.2743486762046814,,,6.886442083242628e-09,8299,,,1.0952351093292236,
,,0.19766181707382202,139,,,0.34191417694091797,,,2.6696623535826802e-05,,,2.2870182136980333e-10,8799,,,1.3454631567001343,
1.2401909828186035,,,131,2.9938149452209473,,,6520.25439453125,,,2.720374345779419,,,8315,7.929598808288574,,,7.929598808288574
,1.1037991046905518,,131,,3.5532288551330566,,,7260.92626953125,,,5.145075798034668,,8315,,9.012443542480469,,
1.957988977432251,,,139,2.143219232559204,,,7.271477222442627,,,0.11589347571134567,,,8819,7.712244033813477,,,7.712244033813477
,1.0722439289093018,,139,,1.2068135738372803,,,5.490511417388916,,,0.08326037973165512,,8819,,4.455674171447754,,
,,1.3517756462097168,132,,,0.7184337377548218,,,34.677642822265625,,,3.472296725703927e-07,8349,,,4.882853031158447,
,,2.8243298530578613,140,,,8.087835311889648,,,118.38513946533203,,,1.2148373126983643,8849,,,22.072546005249023,
1.5503849983215332,,,132,3.128248453140259,,,703.2823486328125,,,3.8776605129241943,,,8378,8.342408180236816,,,8.342408180236816
,0.9464668035507202,,132,,1.8282638788223267,,,2856.395263671875,,,2.4104833602905273,,8378,,5.5366082191467285,,
1.165648341178894,,,140,2.026810646057129,,,13.345612525939941,,,0.18162359297275543,,,8882,6.3345627784729,,,6.3345627784729
,1.1495994329452515,,140,,1.6352869272232056,,,8.320717811584473,,,0.1217232272028923,,8882,,5.4749250411987305,,
,,0.8013702630996704,141,,,0.23241358995437622,,,0.2731970250606537,,,3.5539531317851925e-09,8899,,,2.7023701667785645,
,,0.08603522926568985,133,,,0.09070412814617157,,,1.0114411115646362,,,2.6797295049618697e-08,8399,,,0.6277775764465332,
0.8763391375541687,,,133,0.3366280198097229,,,26.163084030151367,,,2.8854705647063383e-07,,,8441,2.92248797416687,,,2.92248797416687
,0.8501854538917542,,133,,2.1854372024536133,,,1120.1419677734375,,,4.636806964874268,,8441,,5.906989097595215,,
0.7684842348098755,,,141,0.49141445755958557,,,-0.10560335218906403,,,2.3440362983961904e-09,,,8945,2.5296289920806885,,,2.5296289920806885
,1.211015224456787,,141,,1.492133378982544,,,5.336874961853027,,,0.08482769876718521,,8945,,5.167495250701904,,
,,2.7786355018615723,142,,,4.555005073547363,,,14.54562759399414,,,0.35410255193710327,8949,,,14.752450942993164,
,,1.9638245105743408,134,,,3.0716958045959473,,,-59.04352951049805,,,4.7454611262764956e-07,8449,,,8.343995094299316,
,,0.8157079219818115,142,,,0.23525969684123993,,,0.39530354738235474,,,3.747965937606068e-09,8999,,,2.7984542846679688,
,,0.09746073186397552,134,,,0.29369333386421204,,,5.204413414001465,,,3.2525952065043384e-07,8499,,,1.7599924802780151,
0.7303004860877991,,,142,1.1197901964187622,,,4.685261249542236,,,0.05742236599326134,,,9008,3.876788854598999,,,3.876788854598999
,0.9753920435905457,,142,,1.0864979028701782,,,3.564648151397705,,,0.05389206483960152,,9008,,4.013304233551025,,
1.0142196416854858,,,134,2.4975392818450928,,,5510.611328125,,,5.858240127563477,,,8504,6.5545244216918945,,,6.5545244216918945
,0.9189934134483337,,134,,2.315509080886841,,,1856.9339599609375,,,5.361677169799805,,8504,,6.2285895347595215,,
,,0.9705920815467834,143,,,0.6627565622329712,,,0.00705353170633316,,,3.457906461168392e-10,9049,,,2.769491672515869,
,,2.1027705669403076,135,,,14.15151596069336,,,10523.375,,,39.307212829589844,8549,,,31.427705764770508,
1.181106448173523,,,143,1.3925970792770386,,,3.533729314804077,,,0.04940734803676605,,,9071,5.040878772735596,,,5.040878772735596
,0.9825320839881897,,143,,1.3824959993362427,,,4.574239730834961,,,0.05975585803389549,,9071,,4.717120170593262,,
0.7453711628913879,,,135,0.18649797141551971,,,31.812211990356445,,,2.455769845255418e-07,,,8567,1.891541600227356,,,1.891541600227356
,0.9931758642196655,,135,,2.4620108604431152,,,1533.6705322265625,,,5.4269938468933105,,8567,,6.502729415893555,,
,,0.2322472482919693,144,,,0.3384988307952881,,,1.7951921224594116,,,2.898193685041406e-09,9099,,,1.0559742450714111,
,,0.10863737016916275,136,,,0.367820143699646,,,5.868844985961914,,,3.68851715393248e-07,8599,,,2.003899574279785,
1.5111057758331299,,,144,1.8582412004470825,,,6.961428642272949,,,0.1221340075135231,,,9134,6.807237148284912,,,6.807237148284912
,0.8808454871177673,,144,,0.8487378358840942,,,1.2154321670532227,,,0.018647052347660065,,9134,,3.3821122646331787,,
0.9324207305908203,,,136,2.3492162227630615,,,1642.579345703125,,,6.414342880249023,,,8630,6.117300987243652,,,6.117300987243652
,0.7778763771057129,,136,,1.736375093460083,,,701.9476318359375,,,3.885084390640259,,8630,,4.910441875457764,,
,,1.4504945278167725,145,,,0.805484414100647,,,0.008481609635055065,,,3.887714317141189e-10,9149,,,3.58459734916687,
,,0.10782773792743683,137,,,0.3122706711292267,,,6.437970161437988,,,3.7962990973028354e-07,8649,,,1.5899770259857178,
1.0145392417907715,,,137,2.730947256088257,,,1430.81396484375,,,5.287113666534424,,,8693,7.105738639831543,,,7.105738639831543
,0.6735754013061523,,137,,1.184991717338562,,,386.1636962890625,,,2.1331326961517334,,8693,,3.4991419315338135,,
1.5609548091888428,,,145,1.900805115699768,,,5.016502380371094,,,0.06675475835800171,,,9197,6.836357593536377,,,6.836357593536377
,1.2171833515167236,,145,,1.3618686199188232,,,2.5414090156555176,,,0.03813447058200836,,9197,,4.8898606300354,,
,,3.9290218353271484,146,,,5.982607841491699,,,27.931087493896484,,,0.4308820366859436,9199,,,18.988521575927734,
,,0.13128876686096191,138,,,0.10257212072610855,,,1.5001814365386963,,,2.7102343480578384e-08,8699,,,0.49678897857666016,
,,0.1707857847213745,146,,,0.6120924949645996,,,0.5307389497756958,,,7.2301422626708245e-09,9249,,,2.1638710498809814,
,,0.11601071059703827,138,,,0.18708112835884094,,,6.019238471984863,,,3.573973117454443e-07,8749,,,1.5776700973510742,
0.8357268571853638,,,146,0.5076531171798706,,,0.053972575813531876,,,2.4404198661898135e-09,,,9260,2.6274006366729736,,,2.6274006366729736
,1.034532070159912,,146,,1.1296378374099731,,,2.205341100692749,,,0.031067335978150368,,9260,,4.104622840881348,,
0.7529076933860779,,,138,0.4502788484096527,,,0.7334694862365723,,,2.683143804915744e-07,,,8756,2.380617380142212,,,2.380617380142212
,0.7905490398406982,,138,,2.60490083694458,,,1164.410400390625,,,6.184419631958008,,8756,,6.530058860778809,,
,,0.7800401449203491,147,,,0.2747374176979065,,,0.4746694564819336,,,3.913956270196195e-09,9299,,,2.7510712146759033,
,,0.5056769251823425,139,,,0.11596854031085968,,,0.40646862983703613,,,8.84766926390057e-09,8799,,,0.7922779321670532,
0.8563827276229858,,,139,1.5543537139892578,,,702.9701538085938,,,3.7775676250457764,,,8819,4.271197319030762,,,4.271197319030762
,0.7213631868362427,,139,,1.5749982595443726,,,677.6029663085938,,,3.171804904937744,,8819,,4.334890365600586,,
1.0157870054244995,,,147,0.6846796274185181,,,-0.13510015606880188,,,1.4322891761509027e-09,,,9323,2.8201098442077637,,,2.8201098442077637
,1.252981424331665,,147,,1.3264031410217285,,,3.369490385055542,,,0.0463612824678421,,9323,,4.834962844848633,,
,,1.049821376800537,148,,,0.7306182980537415,,,0.0033752801828086376,,,3.9231043413856526e-10,9349,,,2.8806090354919434,
,,0.1577325463294983,140,,,0.23767580091953278,,,75.67351531982422,,,1.2245448033354478e-07,8849,,,0.793859601020813,
0.875998854637146,,,140,2.092909336090088,,,1641.0821533203125,,,5.7929511070251465,,,8882,5.3916239738464355,,,5.3916239738464355
,0.7660263180732727,,140,,1.54899263381958,,,763.0279541015625,,,3.6908621788024902,,8882,,4.341994762420654,,
1.0119167566299438,,,148,1.129452109336853,,,2.9011940956115723,,,0.0229006540030241,,,9386,4.289651393890381,,,4.289651393890381
,1.1503037214279175,,148,,1.3851404190063477,,,2.916821002960205,,,0.03660450130701065,,9386,,4.854267120361328,,
,,0.7722266912460327,149,,,0.30765414237976074,,,0.5736127495765686,,,4.47814141324443e-09,9399,,,2.85406494140625,
,,0.7583328485488892,141,,,0.10646398365497589,,,41.00017547607422,,,5.883584890398197e-07,8899,,,2.2864675521850586,
,,0.2117130160331726,149,,,0.4562280774116516,,,3.535264015197754,,,2.6650459616917033e-09,9449,,,1.3238694667816162,
1.636183738708496,,,149,2.1038010120391846,,,4.9403886795043945,,,0.06289038807153702,,,9449,7.189388275146484,,,7.189388275146484
,0.7818001508712769,,149,,0.7709445357322693,,,1.136401891708374,,,0.009869381785392761,,9449,,3.0601329803466797,,
1.1177854537963867,,,141,3.6066222190856934,,,3522.1435546875,,,10.352538108825684,,,8945,8.992560386657715,,,8.992560386657715
,0.7826567888259888,,141,,2.2958595752716064,,,1307.5697021484375,,,6.3432207107543945,,8945,,5.881148338317871,,
,,0.14705833792686462,142,,,0.1075037270784378,,,1.2795732021331787,,,2.4687475175255713e-08,8949,,,0.5059852600097656,
,,3.4159955978393555,150,,,6.422696113586426,,,13.282548904418945,,,0.14415623247623444,9499,,,19.262481689453125,
,,1.770033836364746,142,,,15.39117431640625,,,23142.87109375,,,46.69063186645508,8999,,,33.813941955566406,
0.6727860569953918,,,150,1.075799822807312,,,2.8699123859405518,,,0.02923549897968769,,,9512,3.771284818649292,,,3.771284818649292
,1.0196059942245483,,150,,1.0730704069137573,,,1.7985236644744873,,,0.020746704190969467,,9512,,4.047305583953857,,
0.5126352906227112,,,142,1.6455920934677124,,,1176.291015625,,,5.188343524932861,,,9008,4.3404741287231445,,,4.3404741287231445
,0.85721355676651,,142,,3.154026746749878,,,2471.0439453125,,,5.942896842956543,,9008,,7.741452217102051,,
,,0.7300877571105957,151,,,0.206525057554245,,,0.17750371992588043,,,6.376121408635527e-09,9549,,,2.498756170272827,
,,0.12639597058296204,143,,,0.08065100014209747,,,1.0236351490020752,,,2.0913583753667808e-08,9049,,,0.48303520679473877,
0.49295899271965027,,,151,0.3312760591506958,,,0.644855797290802,,,1.7096679627570666e-09,,,9575,1.6756091117858887,,,1.6756091117858887
,1.0238720178604126,,151,,0.9568973183631897,,,0.9885052442550659,,,0.009262812323868275,,9575,,3.632894277572632,,
0.989698588848114,,,143,1.4999302625656128,,,-14.932165145874023,,,4.155050419285544e-07,,,9071,4.829362392425537,,,4.829362392425537
,0.8619222640991211,,143,,2.8742284774780273,,,2935.935302734375,,,7.159653186798096,,9071,,7.239598274230957,,
,,0.18029378354549408,152,,,0.5370175838470459,,,0.48991644382476807,,,8.687328190148946e-09,9599,,,1.9446814060211182,
,,0.921328067779541,144,,,0.3229596018791199,,,30.181440353393555,,,4.3315179709679796e-07,9099,,,3.123657464981079,
1.098871111869812,,,152,1.2386234998703003,,,2.6103994846343994,,,0.02509685792028904,,,9638,4.516158580780029,,,4.516158580780029
,0.9437390565872192,,152,,1.0556520223617554,,,1.4084502458572388,,,0.014294665306806564,,9638,,3.898226261138916,,
,,0.23515237867832184,153,,,0.34699225425720215,,,2.824833393096924,,,2.681772359736101e-09,9649,,,1.1156142950057983,
0.9833914637565613,,,144,3.873236656188965,,,3577.908935546875,,,10.4765043258667,,,9134,9.379411697387695,,,9.379411697387695
,0.8277626037597656,,144,,2.1910977363586426,,,1692.3212890625,,,4.762321472167969,,9134,,5.766240119934082,,
,,0.12907357513904572,145,,,0.5116532444953918,,,5.170966148376465,,,3.406153723517491e-07,9149,,,1.9662444591522217,
,,3.4246363639831543,153,,,3.8438644409179688,,,3.779714345932007,,,0.09131701290607452,9699,,,13.593408584594727,
2.144721508026123,,,153,2.3357794284820557,,,2.7018513679504395,,,0.037961043417453766,,,9701,8.214508056640625,,,8.214508056640625
,0.9577407240867615,,153,,1.2308467626571655,,,1.7430018186569214,,,0.016266604885458946,,9701,,4.291841983795166,,
1.3342933654785156,,,145,4.199075698852539,,,1077.6478271484375,,,9.463210105895996,,,9197,10.03657054901123,,,10.03657054901123
,0.7642565965652466,,145,,2.146500587463379,,,1440.9869384765625,,,5.681445121765137,,9197,,5.547122001647949,,
,,0.7592190504074097,146,,,0.17393723130226135,,,35.48508834838867,,,4.882188591182057e-07,9199,,,2.3767406940460205,
,,0.8159078359603882,154,,,0.22393979132175446,,,0.09686096757650375,,,5.4123359127800086e-09,9749,,,2.6357033252716064,
,,0.13072946667671204,146,,,0.6105671525001526,,,5.494139671325684,,,3.684057219288661e-07,9249,,,2.180924654006958,
0.8615581393241882,,,154,0.9140582084655762,,,1.1415737867355347,,,0.008596946485340595,,,9764,3.7498598098754883,,,3.7498598098754883
,1.2234591245651245,,154,,1.3158226013183594,,,1.490226149559021,,,0.013542278669774532,,9764,,4.751452922821045,,
0.8595742583274841,,,146,2.003777503967285,,,827.9866333007812,,,4.316659927368164,,,9260,5.534312725067139,,,5.534312725067139
,0.7586053609848022,,146,,1.796993613243103,,,579.8013916015625,,,3.854774236679077,,9260,,4.856378555297852,,
,,0.29211893677711487,155,,,0.3181306719779968,,,3.88938307762146,,,2.238167207124775e-09,9799,,,1.1396615505218506,
,,0.10394294559955597,147,,,0.04528085142374039,,,1.3991681337356567,,,2.559812628533109e-08,9299,,,0.2729699909687042,
0.49093663692474365,,,155,0.37881505489349365,,,0.014649064280092716,,,4.4019934364314395e-09,,,9827,1.9520971775054932,,,1.9520971775054932
,1.1607650518417358,,155,,1.2868115901947021,,,1.173666000366211,,,0.012149020098149776,,9827,,4.515761852264404,,
1.186598300933838,,,147,3.947295904159546,,,2456.62744140625,,,10.228992462158203,,,9323,9.83654499053955,,,9.83654499053955
,0.9370437860488892,,147,,2.835139513015747,,,1307.4921875,,,7.586660861968994,,9323,,7.137061595916748,,
,,0.8234552145004272,156,,,0.29753249883651733,,,0.5103758573532104,,,4.988421675733434e-09,9849,,,2.9077115058898926,
,,0.11406797170639038,148,,,0.08343838155269623,,,1.2893688678741455,,,2.5951582216521274e-08,9349,,,0.4775928854942322,
1.3329436779022217,,,156,0.8044678568840027,,,-0.8094936013221741,,,9.043289450616498e-10,,,9890,3.1564254760742188,,,3.1564254760742188
,0.9330195188522339,,156,,1.0016098022460938,,,1.095620036125183,,,0.007109214551746845,,9890,,3.806185722351074,,
,,2.9235401153564453,157,,,3.877562999725342,,,2.3299031257629395,,,0.036264777183532715,9899,,,12.941781044006348,
0.6888407468795776,,,148,2.0830602645874023,,,2124.570068359375,,,5.824015140533447,,,9386,5.281868934631348,,,5.281868934631348
,0.6278083324432373,,148,,1.620804786682129,,,764.610107421875,,,3.8752756118774414,,9386,,4.325579643249512,,
,,0.15277960896492004,149,,,0.4396701455116272,,,7.024381160736084,,,4.3567078478190524e-07,9399,,,1.7641277313232422,
,,0.7503237724304199,157,,,0.3000434935092926,,,0.4085652530193329,,,5.153885318520679e-09,9949,,,2.7226216793060303,
0.5697132349014282,,,157,0.40726223587989807,,,0.141012504696846,,,2.903293605527324e-09,,,9953,1.776655912399292,,,1.776655912399292
,1.082279086112976,,157,,1.0423154830932617,,,0.7143753170967102,,,0.006588915828615427,,9953,,3.98329758644104,,
,,0.6860044002532959,149,,,0.11867958307266235,,,0.39311683177948,,,7.86585285794672e-09,9449,,,1.0353268384933472,
0.41981080174446106,,,149,0.5637490153312683,,,31.165605545043945,,,3.679090525565698e-07,,,9449,2.061587333679199,,,2.061587333679199
,0.677668571472168,,149,,1.1388413906097412,,,339.41064453125,,,2.556654214859009,,9449,,3.429194927215576,,
,,0.18720853328704834,158,,,0.3467967212200165,,,0.3371182978153229,,,9.022444125150741e-09,9999,,,1.6574279069900513,
,,0.5736516714096069,150,,,0.10479773581027985,,,35.65849685668945,,,5.842425139235274e-07,9499,,,1.7893530130386353,
1.4251301288604736,,,158,1.6340129375457764,,,1.1756479740142822,,,0.008682762272655964,,,10016,5.633275508880615,,,5.633275508880615
,1.142645001411438,,158,,1.3946144580841064,,,1.1842210292816162,,,0.010849534533917904,,10016,,4.868171691894531,,
0.21717503666877747,,,150,0.1524716019630432,,,28.058557510375977,,,1.9614027735315176e-07,,,9512,0.9110574126243591,,,0.9110574126243591
,0.7604942321777344,,150,,2.2089991569519043,,,1182.3837890625,,,5.598228454589844,,9512,,5.744163990020752,,
,,0.17767968773841858,159,,,0.15389198064804077,,,0.006542218383401632,,,3.5365682604648896e-10,10049,,,0.9172592759132385,
,,0.1995963454246521,151,,,0.0939142033457756,,,8.129412651062012,,,3.8042242067604093e-07,9549,,,0.9997912049293518,
1.422054409980774,,,159,1.3618853092193604,,,0.6713619828224182,,,0.006256540771573782,,,10079,5.062655448913574,,,5.062655448913574
,0.9929152727127075,,159,,0.9280571341514587,,,0.49934497475624084,,,0.003554866649210453,,10079,,3.5962886810302734,,
0.7678338885307312,,,151,1.6878029108047485,,,1314.5045166015625,,,4.4260759353637695,,,9575,4.37575101852417,,,4.37575101852417
,0.7383016347885132,,151,,2.1956064701080322,,,1359.286376953125,,,5.357605934143066,,9575,,5.571451663970947,,
,,2.996638536453247,160,,,4.10203742980957,,,2.113032341003418,,,0.027768602594733238,10099,,,13.424861907958984,
,,1.064743161201477,152,,,0.10763578861951828,,,0.2773520350456238,,,6.237834693223476e-09,9599,,,1.3838531970977783,
1.2970361709594727,,,160,1.244398832321167,,,0.39765188097953796,,,0.005060449242591858,,,10142,4.634884357452393,,,4.634884357452393
,1.2344123125076294,,160,,1.3921812772750854,,,0.8367305397987366,,,0.006084308959543705,,10142,,4.909491539001465,,
,,0.2380003184080124,161,,,0.45835137367248535,,,4.481276035308838,,,2.5651982760166447e-09,10149,,,1.3280632495880127,
0.6515185832977295,,,152,2.155492067337036,,,1836.3187255859375,,,6.606348991394043,,,9638,5.507798194885254,,,5.507798194885254
,0.8147411942481995,,152,,2.512812376022339,,,1823.1217041015625,,,7.021925449371338,,9638,,6.264142990112305,,
,,1.1718401908874512,153,,,1.468576431274414,,,-63.72441101074219,,,6.797271225877921e-07,9649,,,4.288778305053711,
,,0.20085886120796204,161,,,0.17981554567813873,,,0.0037323220167309046,,,3.71863873027678e-10,10199,,,0.9024353623390198,
1.8252071142196655,,,161,1.9557876586914062,,,0.5385775566101074,,,0.006830488797277212,,,10205,7.171017646789551,,,7.171017646789551
,1.0168098211288452,,161,,1.0376994609832764,,,0.6618848443031311,,,0.003140679094940424,,10205,,3.9370970726013184,,
,,0.9767890572547913,153,,,1.2328834533691406,,,-68.35906219482422,,,7.046871814964106e-07,9699,,,3.61834979057312,
0.9236502647399902,,,153,3.932607412338257,,,1959.4873046875,,,11.627050399780273,,,9701,9.28621768951416,,,9.28621768951416
,0.8581870794296265,,153,,2.7950022220611572,,,1644.260498046875,,,7.484300136566162,,9701,,6.998550891876221,,
,,0.7270975112915039,162,,,0.2943181097507477,,,0.5043753981590271,,,5.94069371473438e-09,10249,,,2.6777093410491943,
0.8214032053947449,,,162,0.5371248126029968,,,0.32057565450668335,,,3.157539785192398e-09,,,10268,2.231274366378784,,,2.231274366378784
,1.1178346872329712,,162,,1.090093731880188,,,0.5026494264602661,,,0.00255189323797822,,10268,,4.077475547790527,,
,,1.0713711977005005,154,,,1.603853464126587,,,-64.337158203125,,,6.772620508854743e-07,9749,,,4.399163246154785,
0.7723237872123718,,,154,2.034951686859131,,,953.753662109375,,,5.342231273651123,,,9764,5.373122692108154,,,5.373122692108154
,0.7660108804702759,,154,,2.769883632659912,,,1655.822265625,,,7.070089340209961,,9764,,6.734747409820557,,
,,1.3254175186157227,163,,,0.7426123023033142,,,0.0036273084115236998,,,3.59100110758348e-10,10299,,,3.065317153930664,
,,0.16645988821983337,155,,,0.2096201628446579,,,60.951316833496094,,,1.0086381507790065e-07,9799,,,0.7252776622772217,
0.815642774105072,,,163,0.8724141120910645,,,1.0487549304962158,,,0.0013745413161814213,,,10331,3.2054407596588135,,,3.2054407596588135
,1.1512993574142456,,163,,1.1997497081756592,,,0.6274238228797913,,,0.0029734449926763773,,10331,,4.435524940490723,,
,,1.3626821041107178,164,,,1.5523885488510132,,,-0.6876540184020996,,,1.8149971525716069e-09,10349,,,4.633774757385254,
0.8334771990776062,,,155,2.036146402359009,,,785.9207153320312,,,3.4293460845947266,,,9827,5.413802146911621,,,5.413802146911621
,0.604464590549469,,155,,1.966822624206543,,,762.299072265625,,,4.923995018005371,,9827,,4.973474979400635,,
,,0.5715634226799011,156,,,0.14736105501651764,,,39.22465515136719,,,5.969470748823369e-07,9849,,,1.9046335220336914,
0.8835710883140564,,,164,0.965039074420929,,,0.7355867028236389,,,0.0018061356386169791,,,10394,3.521109104156494,,,3.521109104156494
,1.3404791355133057,,164,,1.3989890813827515,,,0.40449094772338867,,,0.0026228129863739014,,10394,,4.9658589363098145,,
,,0.17650820314884186,165,,,0.15444491803646088,,,0.0036811220925301313,,,4.313956969426158e-10,10399,,,0.8221005797386169,
0.9053728580474854,,,156,2.0088603496551514,,,851.5052490234375,,,5.544244766235352,,,9890,5.104072093963623,,,5.104072093963623
,0.857534646987915,,156,,2.9641523361206055,,,1200.1380615234375,,,7.660612106323242,,9890,,7.313424587249756,,
,,1.1258774995803833,157,,,10.78770637512207,,,-63.618385314941406,,,6.686165079372586e-07,9899,,,22.881275177001953,
,,0.22112825512886047,165,,,0.16320139169692993,,,0.059716325253248215,,,2.168317969619693e-08,10449,,,1.2261515855789185,
0.7578412890434265,,,165,1.0745879411697388,,,3.4461472034454346,,,0.0016076501924544573,,,10457,3.8937063217163086,,,3.8937063217163086
,1.0513628721237183,,165,,0.964978039264679,,,0.32654786109924316,,,0.0011990449856966734,,10457,,3.73567271232605,,
,,0.10318292677402496,157,,,0.070615753531456,,,0.8770794868469238,,,1.7793043483038673e-08,9949,,,0.41190600395202637,
0.583096981048584,,,157,0.13786156475543976,,,10.159627914428711,,,2.2652480424767418e-07,,,9953,1.3736742734909058,,,1.3736742734909058
,0.8099075555801392,,157,,3.370380401611328,,,877.9034423828125,,,6.177208423614502,,9953,,7.942800045013428,,
,,0.7411646246910095,166,,,0.2636776566505432,,,0.2716011106967926,,,1.2241066826845781e-08,10499,,,2.5665109157562256,
0.9526037573814392,,,166,0.527250349521637,,,-0.16764472424983978,,,4.213186244328426e-09,,,10520,2.5635323524475098,,,2.5635323524475098
,1.0747321844100952,,166,,1.1636250019073486,,,0.009822739288210869,,,0.000973054557107389,,10520,,4.201889991760254,,
,,1.779570460319519,158,,,12.935588836669922,,,4525.322265625,,,45.421939849853516,9999,,,28.448684692382812,
,,1.0527465343475342,167,,,0.4923895001411438,,,0.0024364269338548183,,,2.390513897942981e-10,10549,,,2.1998391151428223,
0.7576523423194885,,,158,2.0545661449432373,,,665.4099731445312,,,3.7268309593200684,,,10016,5.188458442687988,,,5.188458442687988
,0.7221767902374268,,158,,1.9124395847320557,,,402.7711181640625,,,3.404440402984619,,10016,,5.026938438415527,,
0.9987000226974487,,,167,0.8901210427284241,,,0.0609876923263073,,,0.0008871682803146541,,,10583,3.6553945541381836,,,3.6553945541381836
,0.8094719052314758,,167,,0.5113940238952637,,,0.2883504331111908,,,0.00023177757975645363,,10583,,2.46659779548645,,
,,0.6498364210128784,159,,,0.31874752044677734,,,34.16664505004883,,,4.791210130861145e-07,10049,,,2.4312400817871094,
,,3.1703672409057617,168,,,3.2343592643737793,,,0.384182870388031,,,0.004193285014480352,10599,,,11.36635684967041,
1.0267882347106934,,,159,3.651573657989502,,,1846.4884033203125,,,10.085862159729004,,,10079,8.86792278289795,,,8.86792278289795
,0.6374359130859375,,159,,1.7963778972625732,,,647.4868774414062,,,4.272854804992676,,10079,,4.725688934326172,,
,,1.133748173713684,160,,,8.936480522155762,,,-47.09505844116211,,,5.474473709909944e-07,10099,,,19.16073226928711,
0.9039949178695679,,,168,0.520649790763855,,,-0.04479173943400383,,,3.775236567804541e-09,,,10646,2.3605239391326904,,,2.3605239391326904
,1.0330251455307007,,168,,0.9385192394256592,,,0.19679643213748932,,,0.000836702820379287,,10646,,3.6275744438171387,,
,,0.20651087164878845,169,,,0.34943801164627075,,,0.36273208260536194,,,9.736391248793552e-09,10649,,,1.5780835151672363,
1.1691064834594727,,,160,4.587096691131592,,,614.8153686523438,,,10.2850341796875,,,10142,11.223373413085938,,,11.223373413085938
,0.7895427346229553,,160,,2.5103867053985596,,,767.6720581054688,,,5.8178300857543945,,10142,,6.251488208770752,,
,,0.8004348874092102,161,,,0.0805663913488388,,,0.2139766365289688,,,4.953472299007444e-09,10149,,,1.161136269569397,
,,1.5042085647583008,169,,,0.8041234016418457,,,0.001770079368725419,,,3.4411498650577244e-10,10699,,,3.3794238567352295,
0.7750702500343323,,,169,0.452776700258255,,,0.26863405108451843,,,4.621066196364154e-09,,,10709,2.161707639694214,,,2.161707639694214
,1.0110759735107422,,169,,0.9391661286354065,,,0.28514784574508667,,,0.0006227959529496729,,10709,,3.5562682151794434,,
,,0.12977027893066406,161,,,0.059834159910678864,,,1.1571513414382935,,,2.0164103275988055e-08,10199,,,0.627293050289154,
,,3.806100368499756,170,,,3.611119031906128,,,0.43691471219062805,,,0.004012766294181347,10749,,,12.883281707763672,
0.6744776964187622,,,161,2.190760612487793,,,157.83602905273438,,,3.6680033206939697,,,10205,5.554466724395752,,,5.554466724395752
,0.6857460141181946,,161,,1.7535831928253174,,,55.830963134765625,,,2.805229425430298,,10205,,4.621979713439941,,
0.8983646035194397,,,170,0.7995479106903076,,,0.8256465196609497,,,0.0007939213537611067,,,10772,2.9501185417175293,,,2.9501185417175293
,1.0153679847717285,,170,,0.8856773376464844,,,0.3574099540710449,,,0.0005696754087693989,,10772,,3.421034336090088,,
,,0.6848838329315186,162,,,0.08046361804008484,,,0.2083597034215927,,,4.725055458010274e-09,10249,,,0.9069380164146423,
,,0.24225543439388275,171,,,0.35224029421806335,,,0.3977217376232147,,,8.52260928496662e-09,10799,,,1.551850438117981,
0.8752546310424805,,,162,3.658250570297241,,,195.3963623046875,,,7.726950168609619,,,10268,8.701702117919922,,,8.701702117919922
,0.6282153129577637,,162,,1.965052604675293,,,81.37026977539062,,,3.1815671920776367,,10268,,4.959272861480713,,
1.2936229705810547,,,171,0.7012819051742554,,,-0.13537541031837463,,,0.00015551873366348445,,,10835,3.7949113845825195,,,3.7949113845825195
,1.0750982761383057,,171,,1.081846833229065,,,0.4910210967063904,,,0.0006018319982104003,,10835,,3.981187105178833,,
,,0.17580296099185944,163,,,0.1956673562526703,,,5.388409614562988,,,3.3237813568121055e-07,10299,,,1.117990493774414,
,,0.23570305109024048,172,,,0.45479756593704224,,,0.4855055510997772,,,8.307760701598e-09,10849,,,1.8139429092407227,
1.3384034633636475,,,163,5.759472846984863,,,492.911865234375,,,13.747811317443848,,,10331,13.367194175720215,,,13.367194175720215
,0.6291079521179199,,163,,1.0069633722305298,,,64.21626281738281,,,1.9582343101501465,,10331,,3.133913278579712,,
,,0.4978511929512024,164,,,0.12417863309383392,,,35.80876541137695,,,5.031728278481751e-07,10349,,,1.605126142501831,
1.3051248788833618,,,172,1.3367342948913574,,,-0.08736255764961243,,,0.0010228963801637292,,,10898,4.855705738067627,,,4.855705738067627
,0.9712386727333069,,172,,0.9390783309936523,,,0.3220160901546478,,,0.00047890341375023127,,10898,,3.5271527767181396,,
,,2.756915330886841,173,,,3.275832176208496,,,0.24931243062019348,,,0.0024626385420560837,10899,,,10.934818267822266,
0.8748960494995117,,,164,3.5965192317962646,,,536.040771484375,,,10.805643081665039,,,10394,8.59361743927002,,,8.59361743927002
,0.7049863338470459,,164,,2.2193057537078857,,,151.68606567382812,,,4.991597652435303,,10394,,5.594880104064941,,
,,1.3525153398513794,173,,,0.6284981369972229,,,0.0004224592412356287,,,3.359783840028996e-10,10949,,,2.8488059043884277,
,,0.5231655836105347,165,,,0.2632952332496643,,,36.15607452392578,,,4.728920259822189e-07,10399,,,1.9505972862243652,
1.7884302139282227,,,173,1.8870371580123901,,,0.5740481615066528,,,0.0008119357516989112,,,10961,6.530463218688965,,,6.530463218688965
,0.9374662637710571,,173,,0.7991238832473755,,,0.2784031331539154,,,0.0002489732869435102,,10961,,3.0849838256835938,,
,,0.2826893925666809,174,,,0.2013559341430664,,,0.21743081510066986,,,1.0891049839756306e-08,10999,,,1.2028018236160278,
,,0.12181302160024643,165,,,0.15285515785217285,,,0.7388623952865601,,,1.8288027092694392e-08,10449,,,0.5348904132843018,
0.7450316548347473,,,165,2.434035539627075,,,619.028564453125,,,6.340666770935059,,,10457,5.941635608673096,,,5.941635608673096
,0.6834414005279541,,165,,2.0071473121643066,,,194.00384521484375,,,4.0067362785339355,,10457,,5.1330413818359375,,
0.9407883286476135,,,174,0.8141523003578186,,,0.7046390771865845,,,0.00045880465768277645,,,11024,3.4691832065582275,,,3.4691832065582275
,0.8532443046569824,,174,,0.6724820137023926,,,0.3174586594104767,,,0.0002056239463854581,,11024,,2.8016443252563477,,
,,0.6080113649368286,175,,,0.22344563901424408,,,0.22242248058319092,,,1.0127349625577153e-08,11049,,,2.264941930770874,
,,0.6113390326499939,166,,,0.18040984869003296,,,31.683927536010742,,,4.496858707625506e-07,10499,,,2.0309720039367676,
0.8457437753677368,,,166,1.8649157285690308,,,166.9823455810547,,,4.713418483734131,,,10520,5.248759746551514,,,5.248759746551514
,0.647045373916626,,166,,2.0681726932525635,,,184.9523162841797,,,4.478039741516113,,10520,,5.225500583648682,,
1.0551334619522095,,,175,0.996136486530304,,,0.007780750747770071,,,0.0003026138583663851,,,11087,3.615755558013916,,,3.615755558013916
,0.8454104065895081,,175,,0.728588342666626,,,0.6445827484130859,,,0.0002205786295235157,,11087,,2.9732449054718018,,
,,1.270456314086914,176,,,0.6138217449188232,,,0.0005413593025878072,,,3.543393634064529e-10,11099,,,2.7232277393341064,
,,0.14653663337230682,167,,,0.11509193480014801,,,64.80026245117188,,,9.40250401981757e-08,10549,,,0.5496309995651245,
0.7716301679611206,,,167,1.3663421869277954,,,114.88416290283203,,,4.327773094177246,,,10583,3.7604339122772217,,,3.7604339122772217
,0.7937519550323486,,167,,2.371053457260132,,,177.2271270751953,,,4.057979106903076,,10583,,5.954009056091309,,
,,0.17800262570381165,176,,,0.36571651697158813,,,2.531296491622925,,,1.985760222922295e-09,11149,,,1.1451576948165894,
1.344967007637024,,,176,1.3004251718521118,,,-0.07712426781654358,,,0.0006193461595103145,,,11150,4.815152645111084,,,4.815152645111084
,0.8663834929466248,,176,,0.7117244601249695,,,0.26696956157684326,,,0.00019845440692733973,,11150,,2.8045401573181152,,
,,1.911683201789856,168,,,8.422340393066406,,,101.46846008300781,,,17.05108642578125,10599,,,19.52422523498535,
,,0.18799066543579102,177,,,0.16481414437294006,,,0.01791180670261383,,,6.589890855224212e-10,11199,,,0.7362120151519775,
1.2346049547195435,,,168,5.3340044021606445,,,721.0809936523438,,,13.82264232635498,,,10646,12.616301536560059,,,12.616301536560059
,0.6916002631187439,,168,,2.06150221824646,,,134.8152313232422,,,3.2345333099365234,,10646,,5.2429351806640625,,
1.1317623853683472,,,177,1.201859951019287,,,-0.433130145072937,,,2.9486695307667787e-09,,,11213,3.683145523071289,,,3.683145523071289
,1.0351974964141846,,177,,0.9854146242141724,,,0.3723025918006897,,,0.00028885240317322314,,11213,,3.677253007888794,,
,,0.16181574761867523,169,,,0.4608384668827057,,,58.90462875366211,,,8.304209586640354e-08,10649,,,1.2307881116867065,
,,0.9691751599311829,169,,,2.0007762908935547,,,-42.23739242553711,,,4.774796025230899e-07,10699,,,5.130599498748779,
0.9088976383209229,,,169,3.2077796459198,,,535.4121704101562,,,8.807074546813965,,,10709,7.850846767425537,,,7.850846767425537
,0.5690786242485046,,169,,1.461338996887207,,,163.97914123535156,,,2.9439592361450195,,10709,,3.8755557537078857,,
,,0.2405160367488861,178,,,0.25699567794799805,,,1.375082015991211,,,1.8781276533985647e-09,11249,,,0.9561967253684998,
1.2634016275405884,,,178,3.865995407104492,,,10.359642028808594,,,0.00011798435298260301,,,11276,9.574085235595703,,,9.574085235595703
,0.9116265773773193,,178,,1.3128795623779297,,,0.8980511426925659,,,0.0001615377695998177,,11276,,3.9906938076019287,,
,,0.167461097240448,170,,,0.1417422592639923,,,4.360538959503174,,,2.651927104579954e-07,10749,,,0.9812432527542114,
,,0.2325025498867035,179,,,0.8753940463066101,,,0.8031153678894043,,,1.431340157509453e-09,11299,,,2.3934640884399414,
0.5815128087997437,,,170,1.7097702026367188,,,23.910030364990234,,,3.1906731128692627,,,10772,4.279686450958252,,,4.279686450958252
,0.4997321367263794,,170,,1.6606321334838867,,,94.76952362060547,,,2.1695117950439453,,10772,,4.148153305053711,,
0.9929335117340088,,,179,2.448483467102051,,,-7.457645893096924,,,6.175257283302926e-08,,,11339,6.545806884765625,,,6.545806884765625
,1.1568931341171265,,179,,2.5340561866760254,,,7.97141170501709,,,0.00015971979883033782,,11339,,7.019197463989258,,
,,0.20965102314949036,171,,,0.24281996488571167,,,4.325954437255859,,,2.794990621168836e-07,10799,,,1.212632417678833,
,,0.41797110438346863,180,,,0.46927428245544434,,,0.18298472464084625,,,6.887612702399792e-10,11349,,,2.1631102561950684,
0.28388720750808716,,,171,0.42288535833358765,,,-4.722468376159668,,,1.5308404499592143e-07,,,10835,1.335835337638855,,,1.335835337638855
,0.5852612853050232,,171,,1.7965978384017944,,,23.851177215576172,,,2.282379388809204,,10835,,4.539361476898193,,
,,0.8867917656898499,180,,,1.5839626789093018,,,31.6300106048584,,,1.1045035108736556e-08,11399,,,4.289394855499268,
,,2.0137319564819336,172,,,13.232891082763672,,,61.03346252441406,,,15.333340644836426,10849,,,29.329652786254883,
1.3159044981002808,,,180,1.4733250141143799,,,-2.3700478076934814,,,4.407993037602864e-05,,,11402,5.4077935218811035,,,5.4077935218811035
,1.2748470306396484,,180,,1.7729158401489258,,,2.0992743968963623,,,6.787674647057429e-05,,11402,,5.6770710945129395,,
,,0.8326942920684814,181,,,1.1408066749572754,,,16.050914764404297,,,7.952156266810562e-09,11449,,,3.37798810005188,
1.0251665115356445,,,172,3.3557446002960205,,,64.26563262939453,,,6.210761547088623,,,10898,8.537409782409668,,,8.537409782409668
,0.7814056873321533,,172,,3.1631596088409424,,,44.029537200927734,,,4.181817531585693,,10898,,7.561938285827637,,
,,0.519171953201294,173,,,0.14836452901363373,,,23.84398651123047,,,3.506289658616879e-07,10899,,,1.8220432996749878,
1.23396897315979,,,181,1.4546136856079102,,,-6.060347557067871,,,1.9365913317415107e-08,,,11465,4.791727066040039,,,4.791727066040039
,1.3097729682922363,,181,,1.719502568244934,,,0.3720831274986267,,,8.565015014028177e-05,,11465,,5.767890453338623,,
,,1.152411699295044,182,,,0.39856845140457153,,,0.00021013888181187212,,,7.008535418684403e-11,11499,,,2.358761787414551,
,,0.21858574450016022,173,,,0.09042265266180038,,,6.122874736785889,,,2.712384343794838e-07,10949,,,0.8644605278968811,
0.9835303425788879,,,173,5.271331787109375,,,111.41442108154297,,,9.138164520263672,,,10961,12.098678588867188,,,12.098678588867188
,0.651094377040863,,173,,2.083158016204834,,,24.068578720092773,,,1.8549860715866089,,10961,,5.249570369720459,,
0.9730452299118042,,,182,0.31644701957702637,,,1.6567585468292236,,,1.8065906104425267e-08,,,11528,3.0530872344970703,,,3.0530872344970703
,1.172658920288086,,182,,1.1228909492492676,,,1.2173492908477783,,,8.342051296494901e-05,,11528,,4.243272304534912,,
,,2.517366647720337,183,,,2.452312469482422,,,0.025433748960494995,,,0.0002991784713231027,11549,,,8.907944679260254,
,,0.15976083278656006,174,,,0.12657926976680756,,,3.7710678577423096,,,2.3764967238548707e-07,10999,,,1.1383033990859985,
1.0092155933380127,,,183,0.931267499923706,,,-0.13320833444595337,,,4.109638757654466e-05,,,11591,3.984515905380249,,,3.984515905380249
,1.4220465421676636,,183,,1.4141062498092651,,,-0.882239818572998,,,9.357964154332876e-05,,11591,,5.2334113121032715,,
0.8292310237884521,,,174,2.398959159851074,,,68.20210266113281,,,3.763671875,,,11024,6.101646423339844,,,6.101646423339844
,0.6981151700019836,,174,,2.8816356658935547,,,73.40432739257812,,,4.690985202789307,,11024,,6.957039833068848,,
,,2.6446173191070557,184,,,2.661362648010254,,,0.03536715731024742,,,0.0003731942269951105,11599,,,9.374744415283203,
,,1.7897900342941284,175,,,10.045267105102539,,,148.5261993408203,,,16.692920684814453,11049,,,22.705286026000977,
,,1.3090660572052002,184,,,0.44652917981147766,,,0.0007560760132037103,,,1.7354094550281474e-10,11649,,,2.410916328430176,
0.9153514504432678,,,184,0.6905085444450378,,,-0.6635153889656067,,,3.6211540432873335e-09,,,11654,2.788391590118408,,,2.788391590118408
,1.2788547277450562,,184,,1.0612812042236328,,,0.009134111925959587,,,6.0349644627422094e-05,,11654,,4.3394389152526855,,
1.102070689201355,,,175,3.9150662422180176,,,140.8116912841797,,,9.267522811889648,,,11087,9.35333251953125,,,9.35333251953125
,0.5711716413497925,,175,,1.688179850578308,,,30.99336051940918,,,2.1393089294433594,,11087,,4.386438846588135,,
,,0.16597723960876465,176,,,0.2122982293367386,,,80.58942413330078,,,8.145570973283611e-08,11099,,,0.8768591284751892,
,,0.3125809133052826,185,,,0.1475212126970291,,,2.12068772315979,,,2.287709577331043e-09,11699,,,0.6973839402198792,
1.407554030418396,,,185,1.1190680265426636,,,-0.8363496661186218,,,2.5794410248636268e-05,,,11717,4.46053409576416,,,4.46053409576416
,0.9019817113876343,,185,,0.7205485105514526,,,0.18230551481246948,,,3.830019340966828e-05,,11717,,3.080536127090454,,
,,0.8737552165985107,176,,,9.873967170715332,,,-33.5648078918457,,,3.945406206184998e-07,11149,,,20.848834991455078,
0.5637339949607849,,,176,1.636031150817871,,,116.37207794189453,,,4.122014999389648,,,11150,4.237065315246582,,,4.237065315246582
,0.6572599411010742,,176,,2.490206003189087,,,48.96718215942383,,,3.254760265350342,,11150,,6.0321478843688965,,
,,0.9010617136955261,186,,,0.3202590346336365,,,0.00013880782353226095,,,6.462876456225786e-09,11749,,,3.2274386882781982,
,,0.10813024640083313,177,,,0.229625403881073,,,0.42079731822013855,,,1.5365642980214034e-08,11199,,,0.7900387644767761,
1.5750371217727661,,,186,1.3333663940429688,,,-0.7600973844528198,,,7.256719982251525e-05,,,11780,4.940907001495361,,,4.940907001495361
,1.1617486476898193,,186,,0.9913700819015503,,,-0.21415571868419647,,,4.509452628553845e-05,,11780,,3.851369619369507,,
0.7693066596984863,,,177,1.7195087671279907,,,-17.33656883239746,,,2.742664548804896e-07,,,11213,4.564877986907959,,,4.564877986907959
,0.65828537940979,,177,,2.3168208599090576,,,85.40262603759766,,,3.7064249515533447,,11213,,5.679095268249512,,
,,1.6718087196350098,187,,,1.5919554233551025,,,-3.2804174423217773,,,3.4535201365315515e-09,11799,,,4.995516300201416,
,,2.398458957672119,178,,,13.45821762084961,,,291.20196533203125,,,23.631000518798828,11249,,,29.937105178833008,
0.745118260383606,,,187,0.7813087105751038,,,0.22371168434619904,,,2.886196853069123e-05,,,11843,3.007322072982788,,,3.007322072982788
,0.8733178973197937,,187,,0.7298452258110046,,,-0.10113253444433212,,,2.1392184862634167e-05,,11843,,2.963517904281616,,
,,1.6209421157836914,188,,,2.401545524597168,,,-1.6427174806594849,,,1.585644615609283e-09,11849,,,6.577680587768555,
0.7818168997764587,,,178,1.8208105564117432,,,48.6203498840332,,,3.8153839111328125,,,11276,4.715145111083984,,,4.715145111083984
,0.6635076403617859,,178,,2.2011220455169678,,,101.83917999267578,,,4.322953701019287,,11276,,5.5372748374938965,,
,,0.8135069608688354,179,,,0.0856529027223587,,,0.21888834238052368,,,3.4883487209924624e-09,11299,,,1.1013200283050537,
,,0.7516646385192871,188,,,0.26609811186790466,,,0.10037997364997864,,,4.997145808260939e-09,11899,,,2.7306764125823975,
1.6865524053573608,,,188,1.4138857126235962,,,-0.9467558860778809,,,4.4297132262727246e-05,,,11906,5.23849630355835,,,5.23849630355835
,0.9806298017501831,,188,,0.8242750763893127,,,0.06474778801202774,,,2.1870675482205115e-05,,11906,,3.1923727989196777,,
0.9064575433731079,,,179,2.0994460582733154,,,164.58021545410156,,,4.863837242126465,,,11339,5.444484710693359,,,5.444484710693359
,0.6271595358848572,,179,,2.1423425674438477,,,73.01507568359375,,,2.5332934856414795,,11339,,5.229087829589844,,
,,0.19372324645519257,180,,,0.34324726462364197,,,7.556339263916016,,,2.4586506697232835e-07,11349,,,1.3849080801010132,
,,0.15631712973117828,189,,,0.10036130249500275,,,0.007310919463634491,,,1.031500773684968e-09,11949,,,0.5078481435775757,
1.0185697078704834,,,189,0.7472905516624451,,,-0.009578748606145382,,,1.278505351365311e-05,,,11969,3.1107892990112305,,,3.1107892990112305
,0.884480893611908,,189,,0.7112588286399841,,,0.07883284240961075,,,1.740926381899044e-05,,11969,,2.8427608013153076,,
,,0.6684146523475647,180,,,0.42447179555892944,,,22.488237380981445,,,2.752030354713497e-07,11399,,,2.7046282291412354,
0.6424781680107117,,,180,2.108847141265869,,,146.01759338378906,,,3.8101484775543213,,,11402,5.222783088684082,,,5.222783088684082
,0.6451600193977356,,180,,2.487185478210449,,,130.24974060058594,,,4.318014621734619,,11402,,6.082258701324463,,
,,0.22928357124328613,190,,,0.18638646602630615,,,0.30598175525665283,,,7.644201716061616e-09,11999,,,1.2304433584213257,
1.1639227867126465,,,190,0.6709115505218506,,,0.07608122378587723,,,1.575682108523324e-05,,,12032,2.813382387161255,,,2.813382387161255
,0.8470879197120667,,190,,0.6716772317886353,,,0.2706325650215149,,,1.5111513675947208e-05,,12032,,2.8033456802368164,,
,,0.19962078332901,181,,,0.326505184173584,,,3.001244306564331,,,2.057405481536989e-07,11449,,,1.3580409288406372,
,,0.13912564516067505,191,,,0.12438084930181503,,,0.059633661061525345,,,1.571144991885376e-09,12049,,,0.5954685807228088,
0.4803016781806946,,,181,1.6877776384353638,,,46.47585678100586,,,3.4159348011016846,,,11465,4.148256778717041,,,4.148256778717041
,0.6042283177375793,,181,,1.6211862564086914,,,72.54203033447266,,,2.233865261077881,,11465,,4.276960372924805,,
1.6604394912719727,,,191,1.3212684392929077,,,0.15855368971824646,,,3.1107119866646826e-05,,,12095,5.042177677154541,,,5.042177677154541
,1.1043206453323364,,191,,0.9519556760787964,,,0.05885837972164154,,,2.0013538232888095e-05,,12095,,3.5053224563598633,,
,,0.109390988945961,182,,,0.21653926372528076,,,34.41008758544922,,,5.677972580997448e-08,11499,,,0.7633766531944275,
,,0.11735541373491287,192,,,0.07848458737134933,,,0.04515538737177849,,,1.3872687443239329e-09,12099,,,0.4644550681114197,
0.43497779965400696,,,182,0.34200960397720337,,,1.5570204257965088,,,1.2153348905030725e-07,,,11528,1.2503231763839722,,,1.2503231763839722
,0.5832013487815857,,182,,2.178030014038086,,,123.3677978515625,,,4.642685890197754,,11528,,5.317852973937988,,
,,0.09740849584341049,192,,,0.052461832761764526,,,0.00948058720678091,,,1.4766914357977612e-09,12149,,,0.3427027463912964,
,,0.13659271597862244,183,,,0.07470714300870895,,,0.6626476645469666,,,1.6738351149570008e-08,11549,,,0.39774277806282043,
0.5361750721931458,,,192,0.6074992418289185,,,0.33104589581489563,,,3.5325660174834184e-09,,,12158,2.175784111022949,,,2.175784111022949
,0.8492242693901062,,192,,0.6733658313751221,,,0.013127940706908703,,,7.087971425789874e-06,,12158,,2.686184883117676,,
,,1.1897809505462646,193,,,0.7140430808067322,,,-1.012816071510315,,,2.745750293797755e-09,12199,,,2.7553186416625977,
0.2571885585784912,,,183,0.23074162006378174,,,23.75438117980957,,,1.0775363534776261e-07,,,11591,0.9734253883361816,,,0.9734253883361816
,0.5678587555885315,,183,,1.8319330215454102,,,55.41075897216797,,,2.375514030456543,,11591,,4.552363395690918,,
,,0.41845589876174927,184,,,0.355851411819458,,,26.934967041015625,,,3.405971256142948e-07,11599,,,1.9692457914352417,
1.3094964027404785,,,193,0.9568424820899963,,,0.09568729996681213,,,2.0872083041467704e-05,,,12221,4.065423011779785,,,4.065423011779785
,1.0300867557525635,,193,,0.8473880887031555,,,0.1890106052160263,,,1.4596834262192715e-05,,12221,,3.304826021194458,,
,,1.2821826934814453,194,,,0.5785908699035645,,,-0.5837640762329102,,,3.8213410213927546e-09,12249,,,2.572713851928711,
,,1.1813751459121704,184,,,11.161506652832031,,,1424.892578125,,,29.076454162597656,11649,,,24.337371826171875,
1.1455018520355225,,,184,3.3658454418182373,,,-19.44451141357422,,,2.439467152726138e-07,,,11654,8.5475492477417,,,8.5475492477417
,0.7837709188461304,,184,,3.702744245529175,,,164.2928924560547,,,4.568671703338623,,11654,,9.04709243774414,,
1.0331406593322754,,,194,0.7107527256011963,,,0.17473657429218292,,,1.0204848877037875e-05,,,12284,3.1054258346557617,,,3.1054258346557617
,0.872157633304596,,194,,0.6874380111694336,,,0.14968450367450714,,,8.216071364586242e-06,,12284,,2.8500266075134277,,
,,1.086794376373291,195,,,0.38912537693977356,,,9.135901927947998e-05,,,5.046596474045373e-10,12299,,,1.9767695665359497,
,,2.2813944816589355,185,,,7.14957332611084,,,-100.71357727050781,,,3.866782662953483e-07,11699,,,16.83808135986328,
1.165696620941162,,,185,3.453096866607666,,,26.57606315612793,,,4.11600923538208,,,11717,8.950288772583008,,,8.950288772583008
,1.2258751392364502,,185,,3.2749171257019043,,,90.72515106201172,,,2.6010215282440186,,11717,,8.606545448303223,,
1.2570140361785889,,,195,0.7990472316741943,,,-0.1497865468263626,,,6.963326541153947e-06,,,12347,3.373882532119751,,,3.373882532119751
,0.9618119597434998,,195,,0.8428978323936462,,,-0.326039582490921,,,8.748755135457031e-06,,12347,,3.2193427085876465,,
,,0.27403420209884644,196,,,0.3905702233314514,,,0.6417271494865417,,,5.734753560915351e-09,12349,,,1.7108163833618164,
,,0.37976518273353577,186,,,0.6580110192298889,,,4.523654937744141,,,9.607343542938906e-08,11749,,,3.21463680267334,
,,2.635300397872925,196,,,2.1016812324523926,,,0.00280685699544847,,,3.547975575202145e-05,12399,,,7.967746257781982,
1.1800284385681152,,,186,4.104151248931885,,,1150.0277099609375,,,11.084587097167969,,,11780,10.512922286987305,,,10.512922286987305
,1.1691608428955078,,186,,3.1131699085235596,,,168.41928100585938,,,3.7254230976104736,,11780,,8.172822952270508,,
0.8100885152816772,,,196,0.5304555892944336,,,-0.03517770394682884,,,2.117430453196789e-09,,,12410,2.1625399589538574,,,2.1625399589538574
,0.9992941617965698,,196,,0.7377359867095947,,,0.11217257380485535,,,7.090096005413216e-06,,12410,,2.941793441772461,,
,,0.6843115091323853,187,,,1.007889986038208,,,32.00907897949219,,,3.750644594902042e-08,11799,,,2.9685146808624268,
,,0.6035666465759277,197,,,0.17453673481941223,,,0.1320320963859558,,,6.563193100106446e-09,12449,,,2.0563676357269287,
0.6187958717346191,,,197,0.3137897551059723,,,0.5369052886962891,,,2.707412516400609e-09,,,12473,1.7326610088348389,,,1.7326610088348389
,0.9325226545333862,,197,,0.7433310747146606,,,0.33210015296936035,,,5.662171133735683e-06,,12473,,2.9981329441070557,,
0.7824763059616089,,,187,2.7610344886779785,,,285.1592102050781,,,5.679649353027344,,,11843,6.713228702545166,,,6.713228702545166
,0.98671954870224,,187,,2.5152900218963623,,,192.3293914794922,,,4.504260063171387,,11843,,6.759061813354492,,
,,0.11098450422286987,188,,,0.3533018231391907,,,2.336129903793335,,,1.4717882379500224e-07,11849,,,2.136414051055908,
,,0.28880226612091064,198,,,0.4946136176586151,,,0.7176809906959534,,,5.807777370137046e-09,12499,,,1.7939797639846802,
0.699118971824646,,,198,0.5533891320228577,,,0.279293030500412,,,4.8308206714864355e-06,,,12536,2.278269052505493,,,2.278269052505493
,0.80991131067276,,198,,0.5843584537506104,,,0.27865076065063477,,,5.1771203288808465e-06,,12536,,2.4338812828063965,,
,,0.5534935593605042,188,,,0.056354254484176636,,,0.216311976313591,,,4.849693091557583e-09,11899,,,0.6959598660469055,
0.7251765727996826,,,188,2.4365997314453125,,,333.6075439453125,,,5.465259552001953,,,11906,5.903807163238525,,,5.903807163238525
,0.7795168161392212,,188,,2.6289055347442627,,,323.9736633300781,,,6.448819637298584,,11906,,6.717686653137207,,
,,0.23085248470306396,199,,,0.22085146605968475,,,1.2016583681106567,,,1.6668142421849552e-09,12549,,,0.8925934433937073,
,,0.109491266310215,189,,,0.21689514815807343,,,2.3806419372558594,,,1.7704832089293632e-07,11949,,,1.5506144762039185,
,,0.5466065406799316,199,,,0.24842789769172668,,,0.20824679732322693,,,7.113184263829453e-09,12599,,,2.0722782611846924,
0.7705909013748169,,,199,0.5194311738014221,,,0.15859471261501312,,,2.773126198007958e-06,,,12599,2.355484962463379,,,2.355484962463379
,0.7698176503181458,,199,,0.6545204520225525,,,0.3011215627193451,,,2.5287583866884233e-06,,12599,,2.5538055896759033,,
0.9358308911323547,,,189,3.176727056503296,,,702.2078247070312,,,4.206131935119629,,,11969,7.699303150177002,,,7.699303150177002
,0.8464305996894836,,189,,2.421656847000122,,,280.0909729003906,,,4.329671859741211,,11969,,6.170674800872803,,
,,0.30826807022094727,200,,,0.26208990812301636,,,0.38118964433670044,,,9.103281684019748e-09,12649,,,1.3142865896224976,
,,1.7241181135177612,190,,,11.798822402954102,,,8032.38818359375,,,40.485355377197266,11999,,,25.959346771240234,
0.7461894750595093,,,200,0.5099249482154846,,,0.24711614847183228,,,5.9426165535114706e-06,,,12662,2.209491491317749,,,2.209491491317749
,0.8442281484603882,,200,,0.6802899241447449,,,0.2590312361717224,,,2.790475491565303e-06,,12662,,2.6824522018432617,,
0.6489172577857971,,,190,1.6635957956314087,,,966.32080078125,,,4.427661418914795,,,12032,4.198879241943359,,,4.198879241943359
,0.7137386202812195,,190,,2.479116439819336,,,922.9617309570312,,,5.901605129241943,,12032,,6.285696506500244,,
,,1.1144545078277588,201,,,0.43966180086135864,,,3.7378295019152574e-06,,,4.727251923242193e-10,12699,,,2.081662178039551,
,,0.2157108187675476,191,,,0.14161813259124756,,,42.47249984741211,,,6.376048844458637e-08,12049,,,0.575954258441925,
1.1201075315475464,,,201,0.8993440270423889,,,0.4718550443649292,,,8.944955879996996e-06,,,12725,3.6269266605377197,,,3.6269266605377197
,0.7994771003723145,,201,,0.5732760429382324,,,0.37112030386924744,,,3.0532532946381252e-06,,12725,,2.437413454055786,,
,,0.1202281266450882,202,,,0.07612325996160507,,,7.039211050141603e-05,,,9.430525249598531e-10,12749,,,0.4717855751514435,
0.5915451645851135,,,191,1.7651276588439941,,,116.64007568359375,,,3.9671900272369385,,,12095,4.478622913360596,,,4.478622913360596
,0.6912221908569336,,191,,2.6911771297454834,,,351.4135437011719,,,5.4461469650268555,,12095,,6.553919315338135,,
,,0.7669367790222168,192,,,0.23637917637825012,,,18.036075592041016,,,2.430158474453492e-07,12099,,,2.483309745788574,
0.48882463574409485,,,202,0.22078460454940796,,,0.2835652828216553,,,5.05146147133928e-09,,,12788,1.6424295902252197,,,1.6424295902252197
,0.7869006395339966,,202,,0.5849665403366089,,,0.4070754945278168,,,3.295794385849149e-06,,12788,,2.4153406620025635,,
,,0.5119027495384216,203,,,0.19025948643684387,,,0.7472023963928223,,,6.432807175826838e-09,12799,,,2.0222532749176025,
,,0.09074990451335907,192,,,0.08265087008476257,,,0.7534539699554443,,,1.5997450475424557e-08,12149,,,0.3286695182323456,
1.176518440246582,,,192,4.349437713623047,,,329.91558837890625,,,8.347577095031738,,,12158,10.328341484069824,,,10.328341484069824
,0.529373288154602,,192,,1.0832163095474243,,,74.8717041015625,,,1.7798885107040405,,12158,,3.187957286834717,,
,,0.4611542820930481,203,,,0.19732330739498138,,,0.3789002299308777,,,7.667243728803896e-09,12849,,,1.8842720985412598,
0.49690717458724976,,,203,0.7600888609886169,,,0.16989442706108093,,,3.9492449310785105e-09,,,12851,2.302543878555298,,,2.302543878555298
,0.7586226463317871,,203,,0.5764856338500977,,,0.22726240754127502,,,3.002507128258003e-06,,12851,,2.4085140228271484,,
,,0.5273057222366333,193,,,0.046432048082351685,,,0.20781904458999634,,,3.826811312279688e-09,12199,,,0.698111891746521,
0.46334123611450195,,,193,1.4863046407699585,,,2.1662333011627197,,,1.1234936891924008e-07,,,12221,3.6213908195495605,,,3.6213908195495605
,0.5759677886962891,,193,,2.476818323135376,,,65.09364318847656,,,1.9349441528320312,,12221,,5.923954010009766,,
,,2.585345983505249,204,,,1.9872053861618042,,,0.0031980127096176147,,,1.3891523849451914e-05,12899,,,7.710284233093262,
0.7263336777687073,,,204,0.5915622115135193,,,-0.51678067445755,,,4.2469294747604636e-09,,,12914,2.10383677482605,,,2.10383677482605
,0.8383244276046753,,204,,0.7534371018409729,,,0.21551461517810822,,,2.917379106293083e-06,,12914,,2.812734365463257,,
,,0.5671286582946777,194,,,0.060896098613739014,,,0.12400884926319122,,,3.2251445958308977e-09,12249,,,0.762859046459198,
,,0.3560013175010681,205,,,0.2401595264673233,,,0.3510206937789917,,,1.0068195166468286e-08,12949,,,1.2441747188568115,
0.7526654005050659,,,194,2.185885429382324,,,364.97381591796875,,,4.743842124938965,,,12284,5.645566940307617,,,5.645566940307617
,0.6963744163513184,,194,,2.1730949878692627,,,101.75363159179688,,,1.7470015287399292,,12284,,5.464062690734863,,
,,1.5838913917541504,195,,,11.431819915771484,,,-11.94174861907959,,,7.461355266968894e-08,12299,,,24.641582489013672,
1.649984359741211,,,205,1.428828477859497,,,0.32231655716896057,,,6.7216469687991776e-06,,,12977,5.21627140045166,,,5.21627140045166
,0.7638267874717712,,205,,0.5545558929443359,,,0.2878822684288025,,,2.008725232371944e-06,,12977,,2.3431243896484375,,
,,0.20952367782592773,206,,,0.3394666910171509,,,4.287086009979248,,,2.822663880408527e-09,12999,,,1.253129482269287,
0.4901454746723175,,,195,0.31252816319465637,,,5.9073662757873535,,,3.511199508920981e-08,,,12347,1.4825389385223389,,,1.4825389385223389
,0.7849074602127075,,195,,2.7949321269989014,,,327.4961853027344,,,5.722288608551025,,12347,,6.890275478363037,,
,,0.6102341413497925,196,,,0.06616321206092834,,,0.15365366637706757,,,2.8396831552868207e-09,12349,,,0.827552855014801,
1.2456179857254028,,,206,0.6994732618331909,,,0.11390047520399094,,,2.4767582544882316e-06,,,13040,3.2188549041748047,,,3.2188549041748047
,0.7789632081985474,,206,,0.5690900683403015,,,0.4798973798751831,,,1.7259250171264284e-06,,13040,,2.4126241207122803,,
,,1.1152992248535156,207,,,0.3734378516674042,,,8.143325248965994e-05,,,4.3392694992760994e-10,13049,,,1.9436203241348267,
,,0.1521981805562973,196,,,0.2602947950363159,,,0.7012682557106018,,,1.14227034941905e-07,12399,,,1.2999509572982788,
,,0.25127744674682617,207,,,0.272999107837677,,,2.991036891937256,,,2.2294894819196998e-09,13099,,,1.1562119722366333,
0.44047123193740845,,,196,1.3046314716339111,,,6.543383598327637,,,5.484382015197298e-08,,,12410,3.4695048332214355,,,3.4695048332214355
,0.5426332354545593,,196,,1.9858092069625854,,,159.27328491210938,,,4.713608264923096,,12410,,5.015624523162842,,
0.8628508448600769,,,207,0.5391526222229004,,,0.7104737162590027,,,1.590723627487023e-06,,,13103,2.3213815689086914,,,2.3213815689086914
,1.0960127115249634,,207,,0.8756341338157654,,,0.2852766811847687,,,4.178582912572892e-06,,13103,,3.524155616760254,,
,,0.14081385731697083,197,,,0.4454517960548401,,,49.75825881958008,,,5.763700627881008e-08,12449,,,1.3096674680709839,
,,0.3362284302711487,208,,,0.34510648250579834,,,0.37642496824264526,,,1.0719356069444075e-08,13149,,,1.5020995140075684,
0.5468400120735168,,,208,0.3009520471096039,,,-0.18119658529758453,,,4.7533821323497705e-09,,,13166,1.361851453781128,,,1.361851453781128
,0.7003966569900513,,208,,0.7601327896118164,,,0.31640052795410156,,,1.3146179753675824e-06,,13166,,2.715405225753784,,
0.8589663505554199,,,197,1.850512146949768,,,87.86946105957031,,,3.9948887825012207,,,12473,4.941579818725586,,,4.941579818725586
,0.6078940629959106,,197,,2.33756422996521,,,162.41275024414062,,,4.72211217880249,,12473,,5.720839500427246,,
,,0.2979941964149475,209,,,0.5301141142845154,,,0.6067026853561401,,,9.516763377348525e-09,13199,,,1.8443074226379395,
,,0.14646309614181519,198,,,0.2779074013233185,,,41.040626525878906,,,5.789077306417312e-08,12499,,,0.8980086445808411,
0.7331545352935791,,,209,0.5155335068702698,,,0.47066599130630493,,,1.4124110521152033e-06,,,13229,2.245967388153076,,,2.245967388153076
,0.6812968850135803,,209,,0.5482617020606995,,,0.5548746585845947,,,7.81644871494791e-07,,13229,,2.13948392868042,,
0.670521080493927,,,198,1.9479678869247437,,,341.36468505859375,,,3.950608253479004,,,12536,4.938080310821533,,,4.938080310821533
,0.5878499746322632,,198,,2.5340869426727295,,,321.2450866699219,,,5.67258358001709,,12536,,6.071598052978516,,
,,2.2984964847564697,210,,,1.8287296295166016,,,0.0010261823190376163,,,8.747565516387112e-06,13249,,,6.984260559082031,
,,0.20940382778644562,199,,,0.11734558641910553,,,1.332375407218933,,,1.3730060288708046e-07,12549,,,0.9299927949905396,
1.268965244293213,,,210,6.086071491241455,,,47.85808181762695,,,3.4655496961022436e-07,,,13292,13.970181465148926,,,13.970181465148926
,1.053924560546875,,210,,2.6157991886138916,,,5.392604351043701,,,1.6312054640366114e-06,,13292,,6.9961676597595215,,
,,1.5012805461883545,211,,,0.8922630548477173,,,0.19952751696109772,,,9.960088309668436e-10,13299,,,3.7912771701812744,
,,0.48243337869644165,199,,,0.048406824469566345,,,0.1387091428041458,,,2.520097241998087e-09,12599,,,0.6605252027511597,
0.6143622994422913,,,199,3.5038669109344482,,,342.1767272949219,,,7.7709150314331055,,,12599,7.96867036819458,,,7.96867036819458
,0.5749202370643616,,199,,2.2906949520111084,,,214.12991333007812,,,4.570468425750732,,12599,,5.447364330291748,,
