GENE NAMES,,,,,,,,,,,,,,,,,,,,,,,,
Low-output_Rodriguez_et_al,High-output_Rodriguez_et_al,Multilineage_Rodriguez_et_al,Mk-bias_Rodriguez_et_al,Serial-engraftment_Rodriguez_et_al,Stemscore_Giladi_et_al,RACFP_DIM_Lauridsen_et_al,SuMO_Wilson_et_al,MolO_Wilson_et_al,HSC_vs_MPP4_Cabezas-Wallscheid_et_al,dHSC_vs_aHSC_Cabezas-Wallscheid_et_al,HSC_Pietras_et_al,HSC1 cluster,HSC2 cluster,HSC3 cluster,HSC4 cluster,dHSC_aHSC_single-cell_Cabezas-Wallscheid_et_al,,,,,,,,
Mpl,Plac8,Plac8,Ifitm3,Ifitm1,1110017F19Rik,Ltb,Ly6a,Procr,Prss41,Bst1,Fzd3,Hlf,Fos,Ppia,Jun,ENSMUSG00000064339,,,,,,,,
Ifitm3,H2afy,H2afy,Rbms3,Tsc22d1,2410006H16Rik;Snord65,Lst1,Ifitm1,Pdzk1ip1,Sh3gl3,ENSMUSG00000080851,Lhcgr,mt-Co1,Zfp36,Ptma,Egr1,ENSMUSG00000098178,,,,,,,,
Ifitm1,Cdk6,Mpo,Ifitm1,Mycn,2900062L11Rik;6530401D17Rik,Ypel3,Inhba,Ltb,Ncam2,Ace,Kif21a,Ifitm3,Junb,Tuba1b,Ier2,CYTB,,,,,,,,
Tgm2,Cd34,Elane,Adgrg1,Vwf,4931406C07Rik,Ly6a,Mllt3,Mllt3,Sh3rf3,Blk,Pabpc4l,Mpl,Jun,Stmn1,Plac8,Serpinb1a,,,,,,,,
H2-K1,Nkg7,Ybx1,Tsc22d1,Glul,AK046388,Ctsf,Wfdc2,Ifitm1,Ak7,Gpr35,Abcg3,Iigp1,Jund,Hmgb2,Ptma,Actb,,,,,,,,
Socs2,Ptma,Car1,Tgm2,Procr,AK079675,Ifitm1,Ifitm3,Gimap1,Fam83h,Sh2d2a,Dlg2,mt-Cytb,Dusp1,Cdk6,Apoe,COX2,,,,,,,,
Mycn,Mpo,Hba-a1,Nupr1,Nupr1,AK197603;Uba7;AK157941;Cdh29;Ube1l;D330022A01Rik;Cdhr4;Ip6k1,Meg3,Gbp6,Gimap6,Dusp26,Il13ra1,Arhgap29,Socs2,Nr4a1,H2afz,H2afz,ENSMUSG000001020,,,,,,,,
Nupr1,Cd48,Stmn1,S100a6,Pik3r1,Acot1,H2-Aa,Ramp2,Limd2,Pla2g7,Cebpe,Mmrn1,Mllt3,Egr1,Plac8,Ppia,ENSMUSG00000101111,,,,,,,,
Hacd4,Stmn1,Cdk6,Mpl,Pim1,Aldoc,Eno2,Sult1a1,Trim47,Tgfa,Lcn2,Ctnnal1,mt-Nd4,Ier2,Eif5a,Junb,ATP6,,,,,,,,
Mllt3,Fam117a,Ctsg,Mllt3,Hlf,B144;Lst1,Procr,Gbp8,Neil2,Bmper,Col8a2,Nckap1,H2-Eb1,H3f3b,H2afy,Hmgb2,B2m,,,,,,,,
Gda,Slc22a3,Ppia,Sult1a1,Mt1,Basp1,Cd74,Ablim1,Vwf,I830012O16Rik,Tnfrsf19,Itm2a,Mycn,Rgs1,Hdgf,Btg2,ENSMUSG00000100862,,,,,,,,
B2m,Adgrg3,H2afz,Socs2,Matn4,Bgn,Pim1,Ralgapa1,Pde1b,Pon1,Gp49a,Akap7,Clec2d,Ppp1r15a,Fam117a,H3f3b,COX3,,,,,,,,
Procr,Ppia,Cd34,Glul,Mllt3,Car2,Dlgap4,Cd74,Neo1,Csdc2,Rnf39,Tbxas1,Hacd4,Btg2,Hnrnpab,Nr4a1,ENSMUSG00000083863,,,,,,,,
Txnip,Car1,Hnrnpa2b1,Procr,Art4,Cd27,Pbxip1,Cyp27a1,Sqrdl,Gm14252,LOC101055671,Fam110c,Itm2b,Rgs2,Actb,Nkg7,Malat1,,,,,,,,
Clu,Ctsg,Dut,Trim47,St3gal1,Cd274,Gimap6,Procr,Sult1a1,Gprc5c,Mcemp1,Evi1,Mecom,Klf6,Ran,Stmn1,Mrpl50,,,,,,,,
Sult1a1,Flt3,Hbb-bs,Lmo2,Mt2,Cd74,B230378P21Rik,St8sia4,Cd82,Cldn4,Pid1,Tek,H2-Aa,Tsc22d1,Snrpd1,H3f3a,COX1,,,,,,,,
S100a6,Lgals1,Tuba1b,Mycn,Selp,Cd81,BC005764,Gm4951,Ramp2,Gm14207,Wfdc21,Gbp4,Gstm1,Hes1,Mcm6,Pf4,Gm11974,,,,,,,,
Rpl36a,Muc4,Nkg7,Hacd4,Prtn3,Cish,Sult1a1,Ly6e,Ubl3,Gbp10,Clmp,Slc6a15,Procr,Rhob,Lgals9,Cdk6,Farsa,,,,,,,,
Tsc22d1,Gpx1,Mcm7,H2-K1,Fut8,Clip3,Stxbp4,Ndnf,Ly6a,Ccr5,Ccr2,Tnip3,S100a6,Mcl1,Slc25a5,Jund,ENSMUSG00000064337,,,,,,,,
Gng11,Hmgb2,2810417H13Rik,Selp,Adgrg1,Dapp1,Gm14302,Mapk12,Cdkn1c,Slc19a3,Mmp9,Plxdc2,Ly6a,Cdkn1a,Ybx1,Hdgf,ND4,,,,,,,,
Ccnd2,Ndufa4,Cks1b,S100a9,Hoxb8,Dkkl1,Zfp467,Tgtp2,Fgfr3,2010015L04Rik,Cd2,4930470H14Rik,Tnip3,Ier3,Serbp1,Cks2,Rps21,,,,,,,,
mt-Co3,Serpinb1a,Ap3s1,Rps14,Ifitm3,Eltd1,Ifit1,,Cldn10,Chst7,Ms4a4b,Rapgef4,mt-Co2,Klf2,Cdk4,Itga2b,Cs,,,,,,,,
Tmem176b,Ccl9,Hnrnph1,Rpl13,Ptk2b,Fchsd2;mKIAA0769,Carns1,,Ptpn14,Panx2,Ifitm6,Myom1,Mettl7a1,Cebpb,Rps17,Hist1h2ap,ND1,,,,,,,,
Lmo2,Oaz1,Hmgb2,Ly6a,Lmo2,Gabarapl1,Gstm1,,Mettl7a1,Ccdc152,ENSMUSG00000096982,Lrrc66,H2-K1,Nfkbiz,Dut,Car1,Entpd7,,,,,,,,
Ly6a,H2afz,Snrpf,Lrrc56,Gclm,Gcnt2,Pdzk1ip1,,Smtnl1,4933406I18Rik,Gpr141,Lrch2,Gimap1,Nr4a2,Lmnb1,Vim,Rps28,,,,,,,,
Mmrn1,Crip1,Sell,Vwf,Sbspon,Gimap1,Sytl1,,Ctsf,Actn3,Upb1,9930014A18Rik,Ltb,Eif1,Dynll1,Lgals9,Rps19,,,,,,,,
Trim47,Mcm7,Tmem14c,Gda,Bex4,Gimap6,Tcp11l2,,Gstm1,Stx1a,ENSMUSG00000081953,Trpc6,Ogt,Hist1h1c,Nucks1,Slc25a5,Rpl23,,,,,,,,
St3gal1,Cpa3,Ptma,Rps13,Ccnd1,Gm6251,Hoxa7,,Sox18,Sntg2,Nova1,Ptn,Cbx6,Srsf5,Rrm1,Hn1,Rpl37,,,,,,,,
Mecom,Vim,Mcm4,mt-Co3,Pgr,Gpr56,A430104N18Rik,,Fads3,Glis1,Gm14085,Eya2,Lst1,Fosb,Cd34,Crip1,Lsm2,,,,,,,,
Pik3r1,Ybx1,Pdss1,Rpl30,Gstm2,H2-K1,Tecpr1,,,Gfi1,Col1a1,Anpep,mt-Co3,Nfkbia,Pa2g4,Tuba1b,Rps3a1,,,,,,,,
Adgrg1,Sell,Npm1,Hlf,Oxr1,H2-T10;H2-T22;H2-T9;H2-t9;H2-T23,Ikbke,,,Gm15034,Atp8b4,Adarb1,Gbp2,Btg1,Eif4a1,Serbp1,Ubap2,,,,,,,,
Esam,Sh3bgrl3,Myb,Pik3r1,Socs2,Hlf,Mboat4,,,Sema6d,Hsd11b1,Cldn12,B2m,Socs3,Igfbp4,Plek,Eef1a1,,,,,,,,
Ryk,H3f3a,Rps24,Rpl5,Gapdh,Hoxb2,Tmem53,,,Inhba,ENSMUSG00000097383,OTTMUSG00000004461,Igtp,Zfp36l2,Rps8,Dut,ENSMUSG00000083563,,,,,,,,
Rps21,Dut,Igkc,Txnip,Cdkn1c,Ifitm1,Gm2830,,,Shd,Lilrb4,Plscr4,Psap,Csrnp1,Serf2,Adgrg3,Rpl37a,,,,,,,,
Hoxb8,Atpif1,Ndufa4,Rps21,Mpl,Ifitm2,5830416P10Rik,,,Neo1,Pik3r6,Fstl1,Camk2d,Dnajb1,Hnrnpf,Ier3,Eed,,,,,,,,
Ccnd1,Ran,Pabpc1,Mecom,Clec1a,Ifitm3,Cln3,,,Gm9378,Ebf1,1700029J07Rik,Ifitm1,Adrb2,Sh3bgrl3,Hmgb1,Rps18,,,,,,,,
Uba7,Hnrnpa2b1,Cd48,Hoxb8,Adgrl4,Krt18,Sox4,,,Cyp26b1,Gypa,Bex4,Itsn1,Ccl4,Ranbp1,Pdcd4,ND2,,,,,,,,
Rps28,Hdgf,Ms4a3,Rps4x,F11r,Ldhb,Jhdm1d,,,A3galt2,Wasf1,ENSMUSG00000055181,Rpl17,Klf4,Cdca8,Set,Ddt,,,,,,,,
Serpina3g,Mcm4,Top2a,Pdzk1ip1,S100a6,Leprel2,BC026585,,,Gimap3,ENSMUSG00000085872,ENSMUSG00000073019,Nfic,Pim1,Anp32b,Gata1,Rps14,,,,,,,,
Rpl37a,Elane,Tk1,Gm17541,Gstm1,Lhcgr,H2-Eb1,,,Klrb1c,Ccr1,Cc2d2a,Esam,Cd69,Snrpf,Atp5k,Rheb,,,,,,,,
Fkbp1a,Rabgap1l,Ran,St3gal1,Slamf1,Lmo2,Mvp,,,Fut4,Klra13-ps,Gbp2,Zfp467,Dusp2,Cks1b,2010107E04Rik,Rpl13,,,,,,,,
Pdzk1ip1,Cmtm7,Chchd2,Def8,Serinc3,Ly6a,Rps27,,,Efna1,Yap1,Nbea,Cyp2j6,Fgfr1op2,Dctpp1,Cuta,1110038F14Rik,,,,,,,,
Selp,Rpsa,Gapdh,Rps11,Cd63,Malat1,Tmem176b,,,D230022J07Rik,Siglech,Arhgef6,Aldoa,Ptgs2,Cdk1,Samd14,Rps20,,,,,,,,
Eif4a2,Mcm6,Smc2,Ccnd2,Pdlim7,Mecom,Gimap1,,,Meg3,Tifab,Mboat2,Tgm2,Pnrc1,Cd48,Ewsr1,Isoc1,,,,,,,,
Tmem176a,Plek,Lgals1,Prss34,Ccnd2,Mllt3,Zbtb4,,,Exph5,Cd79a,Cish,Gng11,Txnip,Dnmt1,Cox5b,Dnajc10,,,,,,,,
Bex4,Set,Snrpd1,Fhl1,Sult1a1,Mpl,Rpgrip1,,,Tenc1,Sparc,Gsta4,Pik3r1,Maff,Hn1,Eif5a,Snx27,,,,,,,,
Grb10,Atp5g3,Cited4,Rps16,Tgoln1,Msi2;msi2;LOC100504473,Kdm6b,,,Igf2,Tyrobp,Fam18b,Vwf,mt-Co1,Nkg7,Mcm7,ENSMUSG00000101249,,,,,,,,
H2-D1,Myc,BC035044,Enpp5,Ptger4,Mycn,Rps16,,,Zfp37,Lonrf2,Fech,Fam43a,Ier5,Calr,Cox5a,Nop14,,,,,,,,
Cd74,Fam65a,Atp1b2,Rpl36a,Tspan14,Myct1,Ptges,,,Sox9,Hba-a2,Cmas,Ifi203,2410006H16Rik,Cox6c,1110001J03Rik,Psat1,,,,,,,,
Iigp1,Ap3s1,Rrm2,Art4,Marveld1,Myl10,Pde1b,,,Setbp1,Mpo,Bpgm,Cd74,Plk2,Cks2,Banf1,Rps23,,,,,,,,
Aldh1a1,Klf1,AI506816,Gng11,Ehd3,Nfe2,Pik3ip1,,,Gbp9,Irf8,Klhl4,Uba7,Atf3,Rpsa,U2af1,Timm10,,,,,,,,
Rpl37,Taldo1,Prss57,Rps20,Setd7,Oasl2,Chd3,,,Slc17a8,Fabp4,Mllt3,Ppp1r9a,Stk17b,Snrpb,Cox6b1,Rpl18a,,,,,,,,
Myl10,Cks2,Fam117a,Jund,Gda,Osbpl1a,Hk3,,,Gm23706,Zfp82,Prex2,Adgrg1,Taf7,Fam65a,Eif4a1,Ddx26b,,,,,,,,
Gstm1,Slc25a5,Cst7,Rpl37,Fnbp4,Pcp4l1,Smpdl3a,,,Igf1,Klrd1,Marveld2,Gm12185,Spc24,Trim28,Hist1h2bc,Rps7,,,,,,,,
Vwf,Hn1,Mcm3,Bex4,Aldh1a1,Pde4b,mt-Co1,,,Nova1,Cybb,Wdr19,Efna1,Klf9,Atp1b3,Tubb5,Gas5,,,,,,,,
Rps3a1,Bex6,Calr,Cdkn1c,Ltb,Pdzk1ip1,Samhd1,,,Npas2,Hp,Mageh1,Ryk,Hspa5,Ptbp1,Rps16,Senp1,,,,,,,,
Cish,Snrpf,Ighm,Lyz2,Hoxb4,Pglyrp2;tagL,Cd37,,,Zfr2,Gzma,F11r,Mmrn1,Trmt6,Oaz1,,Rpl36,,,,,,,,
Art4,Tmsb10,Cks2,Cd63,Tgm2,Pla2g16,9930104L06Rik,,,Ccdc136,Hbb-bs,Bex1,Gimap8,Pde4b,Set,,Rpsa,,,,,,,,
Glul,Golm1,Mcm6,Ryk,Neurl1a,Pnrc1,Lax1,,,Ocln,Spon1,Iigp1,Cd81,Fam110a,Rpl19,,Icam2,,,,,,,,
Cbx6,Tuba1b,Alyref,Rps18,Samsn1,Procr,Gapdh,,,Ptges,Clec12a,Fam110a,Grb10,Nap1l1,Pfn1,,Rplp1,,,,,,,,
Gstm2,Anp32b,Hdgf,Rps15,Mecom,Ptplad2,Gbp8,,,Gm13111,Lpxn,Prkcq,Ifi44,Gem,Crip1,,ENSMUSG00000100131,,,,,,,,
H2-Eb1,Cebpa,mt-Nd1,Gm10369,Gng11,Ptpn18,Ctsl,,,Wnk4,Add2,Nap1l3,Enpp5,Srsf1,Hmgb3,,Rnf144a,,,,,,,,
Scarf1,Fam46a,Atp5g3,Matn4,Amotl2,Ptprcap,Cd82,,,Gm6939,Ctss,Mtss1l,Tmem140,Bub1b,Mcm3,,Snrnp48,,,,,,,,
Rps4x,Hnrnpab,Tfrc,Gstm2,Kit,Rbp1,Cyp2j9,,,Disc1,Elane,Stau2,Mamdc2,Rpn1,Hsp90aa1,,H3f3b,,,,,,,,
mt-Nd5,Aqp1,Bub1b,Uba7,Pnpla1,Rbpms;Rbpms2,4930581F22Rik,,,Plekhg1,Ccl5,Abca5,Pik3ip1,Pim3,Cenpa,,Ap2b1,,,,,,,,
Tspan14,BC035044,Fignl1,Aldh1a1,Nkain3,Rgs1,E430024P14Rik,,,Sdc4,Igf1,Itga6,Tns2,H2afy,Ndufa4,,Sptan1,,,,,,,,
Fam63a,Sh2d5,Ctse,2410131K14Rik,Itga6,Rtp4,Mib2,,,Pbld1,Ctsg,Vegfc,H2-DMb1,Nkx2-3,Mcm7,,Rps9,,,,,,,,
Aplp2,Bin1,Btf3,Col16a1,Sat1,Serpina3f;Serpina3g,Upp1,,,Unc45b,Glcci1,Rex2,Gm19590,Id3,Slc22a3,,Arhgap17,,,,,,,,
Tbxas1,Ffar2,Cdca8,Rpl31,Fam107b,Shisa5,Padi4,,,Gbp6,Ptpru,Emcn,Slc50a1,Zfp36l1,Gata1,,Trappc1,,,,,,,,
Laptm4a,Dtymk,Rpsa,Msi2,Trim47,Srgn,Neurl3,,,Maf,Ms4a3,Pctk3,Neo1,Ubc,Sfxn1,,Syce2,,,,,,,,
Cdkn1c,Itga2b,Uhrf1,Rpl39,Jam3,Stxbp4,AC149090.1,,,Sfrp1,Meg3,P2rx1,Gbp4,Yrdc,Ncapd2,,Rpl32,,,,,,,,
H2-Q4,Rfc2,Slc29a1,Cd74,Camk2n1,Tbxas1,Parp3,,,Spin4,F13a1,Kdelc2,Limd2,Rpl30,Mcm5,,Rpl9,,,,,,,,
Rpl5,Cst7,Rps27l,Tspan14,Podxl,Tgtp2;Gm12185,Klc4,,,Chi3l7,Plac8,Cadps2,Meis1,Tra2b,Hint1,,Rpl5,,,,,,,,
Ppic,Itgal,Slc22a3,Cbx6,Gnat2,Tmem176a,Ltbp3,,,Amigo2,Ly6d,Arhgap12,Gprasp1,Tk1,Nme1,,Ifitm1,,,,,,,,
Fstl1,Anxa2,Fen1,Ptk2b,Eif4a2,Tmem176b,Tbkbp1,,,Cd74,Cd52,Slamf1,Pygm,mt-Nd4,Gnb2,,Ptrh2,,,,,,,,
Fgd5,Tyrobp,Vim,Clu,Efna1,Tnip3,Parp14,,,Ifitm7,Vpreb3,Enpp4,Irgm2,Hsp90b1,Actg1,,Rps5,,,,,,,,
Col16a1,Fgf18,Fcgr3,Rpl37a,Cldn12,Txnip,Neat1,,,1810062G17Rik,Ahnak,Pdcd6,Tcf15,Gars,Snrpd3,,Nbr1,,,,,,,,
D630039A03Rik,Irf2bp2,Birc5,Tmem176b,Enpp5,Ube2l6,Mapk1ip1,,,F830016B08Rik,Camk2n1,Aldh1a1,Col4a2,Fam171a2,Tubb5,,Cwf19l2,,,,,,,,
Ptk2b,Emilin2,Flt3,Esam,Mcfd2,Wfdc2,Use1,,,Atp9a,A330023F24Rik,Slc27a6,Trim47,Rpl13,Aqp1,,Rps6,,,,,,,,
Myof,Lgals9,Rabgap1l,Clec1a,Gimap4,Whamm;mKIAA1971,Cbx7,,,Procr,ENSMUSG00000097138,Pftk1,Hmgn3,Trib1,Txn1,,Prpf31,,,,,,,,
Mylk,Calr,Nop56,Iigp1,Nicn1,Zfand5,2310015A10Rik,,,Runx1t1,Abcg4,Cysltr2,Traip,Lars2,Mcm2,,Rps27,,,,,,,,
Ctsl,Ramp1,Hnrnpf,Serpina3g,Bhlhe41,Zfp608;mKIAA1281;Znf608;AK155149,Anxa6,,,Plekhg6,Cd53,Grb10,Sesn1,Slc25a5,Top2a,,Opa1,,,,,,,,
Nedd4,Cd52,Psma1,Slamf1,Vmp1,Zfp831,Acot1,,,Trib2,Pld4,Tie1,Abcg3,Tcp1,Chchd2,,Mpp7,,,,,,,,
Tcf15,Hmgn5,Cdk4,Exosc4,Calm1,,2810008D09Rik,,,Gm11100,Nrp1,Mras,Art4,Hsp90aa1,Atp5g3,,Rps4x,,,,,,,,
Abcg3,Parvg,Ermap,B2m,Fam63a,,Ifitm3,,,Chst2,Cd209a,Mtap9,Rras,Tpx2,Bub1b,,Myh9,,,,,,,,
F11r,Banf1,Atpif1,Clec4g,Slc24a5,,Sema4g,,,Cpne8,Hdc,Mamdc2,Jam3,Hlf,Parp1,,Hsp90ab1,,,,,,,,
Ltb,Gata1,Cdk1,Apoe,Cdc42,,Tle2,,,Pde1b,Amica1,Rell2,Nedd4,,Adgrg3,,Rpl41,,,,,,,,
Mir9-3hg,Myb,Rpl4,Unc45b,Ly6e,,Ctss,,,Sult1a1,Gfi1,Ccdc28a,Tm4sf1,,Mcm4,,AI987944,,,,,,,,
Rpl30,Mcm2,Gm10053,Rplp2,Rpl12,,H2-T23,,,Tead3,Atp1b1,Dsel,Obsl1,,Cbx3,,Zfp318,,,,,,,,
Hlf,Hnrnpf,Oaz1,Rpl32,Traip,,Npr2,,,Cd28,Dse,Ptger3,Selm,,Cks1brt,,Rpl14,,,,,,,,
Gabarapl1,Cox5a,Rhd,Wdpcp,Nxpe5,,Gramd1b,,,Gkn3,Tcf7,Ehbp1,Gbp8,,Cbx1,,Cd37,,,,,,,,
Bex1,Lmnb1,Rcc1,Rps6,Col4a2,,Limd2,,,Neil2,ENSMUSG00000097579,Sfrs12ip1,Ctsf,,Rpl4,,Yif1b,,,,,,,,
Clec1a,Cd37,Actr3,Sec14l1,Cbfa2t3,,Myof,,,Gm10499,Gprc5c,D14Ertd668e,Apbb1,,Ncl,,Rps15,,,,,,,,
H2-Q7,Chchd2,Clec12a,Myct1,Plod2,,Inadl,,,Kazn,Klf2,Lgals8,Smpdl3a,,H2afv,,Rpl21,,,,,,,,
H2-Aa,Asrgl1,Ddx39,Rps9,Lpar6,,Pnpla7,,,Gm4951,Evi2a,Pdk3,Gimap6,,Flna,,Rps8,,,,,,,,
Rps20,Palm,Chdh,Rpl11,Bmp4,,Islr,,,Clip3,AI607873,Plag1,Pdzk1ip1,,Uqcr11,,Rps3,,,,,,,,
Jam3,Mfsd2b,Nolc1,Fam210b,Serpinb10,,5830428H23Rik,,,Glipr1l1,Kcnd3,Prcp,Fstl1,,Siva1,,Rpl13a,,,,,,,,
Ndn,Syce2,Set,Rpl26,Hgs,,Lsp1,,,Neb,Sorl1,Pja2,St3gal1,,Mbd3,,Ptp4a3,,,,,,,,
Gimap8,Lig1,Dtl,Tmem176a,mt-Nd5,,Sema7a,,,Sox5,Hbb-bt,Ric3,Nkain3,,Pcbp1,,Rpl8,,,,,,,,
Casp12,Nrm,Nme1,Zfand5,Rhoq,,Rab6b,,,Rhbdf1,ENSMUSG00000097035,Fam49a,Dlgap4,,Atp5k,,Rpl38,,,,,,,,
Cd63,2810417H13Rik,Itgal,Mylk,Ptprn,,Cuedc1,,,Pde6h,ENSMUSG00000097451,Cdkl5,D630039A03Rik,,Mdh2,,Tmem30a,,,,,,,,
Vmp1,Ccl3,Aqp1,H2-Aa,Pum1,,Chrnb1,,,Efcab4a,Usp27x,Epcam,mt-Nd5,,Cox5a,,Tlcd1,,,,,,,,
Csgalnact1,Satb1,Asf1b,Cyp26b1,Sec14l1,,Fau,,,Mmp28,Ccl6,Treml2,Neat1,,Pcna,,Rps25,,,,,,,,
Rhof,Ptbp3,Atp1b3,Fgd5,Psme3,,Efcc1,,,Mapre3,Sema4a,Klf12,Ptrf,,Rfc2,,Ddx18,,,,,,,,
Rpl21,Paics,Fgf18,Cbfa2t3,Myof,,Atp6v1d,,,Zfp612,Mpeg1,Acy3,Slc22a17,,Rpl18,,Skp1a,,,,,,,,
Gbp8,Rrm1,Satb1,F11r,Junb,,Mllt3,,,Dnajb5,Fcrla,Eng,Npdc1,,Calm3,,Rplp2,,,,,,,,
Gbp7,Cdt1,Rrm1,Rps28,Rnf187,,Gm16104,,,Pygm,ENSMUSG00000093760,Ptplad2,Plcl1,,H1fx,,ENSMUSG00000060143,,,,,,,,
Gimap6,Pdss1,Adgrg3,H2-Q4,Tm4sf1,,Flot1,,,Myof,Lgals3,Pafah1b2,Rpl36a,,Rpl28,,Rpl4,,,,,,,,
Klf9,Ndrg1,Lsm6,Angpt1,Tmem176b,,Dkkl1,,,Mgst2,ENSMUSG00000079357,Sema4b,Rps21,,Banf1,,Ptges3,,,,,,,,
Matn4,Snrpd1,Sdhd,Mmrn1,Rpl5,,Fam53b,,,Ryr3,Trpm5,Inadl,Tie1,,Fermt3,,Tmsb4x,,,,,,,,
Hsd17b10,Stx3,Sdf2l1,Gabarapl1,Peg12,,Shisa5,,,Traf1,1700022I11Rik,Myh10,Ndn,,Ube2c,,Rpl6,,,,,,,,
Enpp5,Hp1bp3,Csgalnact2,Vmp1,Oasl2,,Gstm7,,,3222401L13Rik,Rab44,Fads3,Gata3,,Srsf1,,Rps11,,,,,,,,
Gm29123,Nucks1,Topbp1,Npr1,Tnfsf10,,Clip3,,,Sgsm1,ENSMUSG00000099757,Zfp248,Gm4841,,Nrm,,Serinc3,,,,,,,,
Clca3a1,Snrpd3,Swi5,Scarf1,Zfp36l2,,Dok3,,,Clec1a,Ap1s2,Jam3,Tbxas1,,Tpx2,,Rpl23a,,,,,,,,
Sdpr,E2f8,Dtymk,Rpl3,Sema7a,,Pou2f2,,,Mks1,Pirb,Pkdrej,Cers4,,Uhrf1,,Rps27a,,,,,,,,
Sox18,Nme1,Gata1,Rplp1,Gpr4,,Abcg3,,,Osgin1,Mb21d2,Tceal1,Mgst2,,Cpa3,,Rpl19,,,,,,,,
Supt6,Ucp2,Cdt1,App,Zfp958,,Ndn,,,Magi2,Ms4a6c,Rbl2,Ldhb,,Kpna2,,Rpl30,,,,,,,,
Selm,Pgam1,Tcp1,Myof,Rftn1,,Smad7,,,Aim1,ENSMUSG00000097274,Sorbs1,Magi2,,Pmf1,,Lmo2,,,,,,,,
App,Pitpnc1,Srgn,Klf9,Chst2,,Rnasel,,,Card10,Ncf1,Plod2,Mga,,Rrm2,,ENSMUSG00000086583,,,,,,,,
Rps14,Hdac7,Gpx1,Tbxas1,Ubxn6,,Hid1,,,Wfdc2,Csf1r,Pgrmc1,Plekhb2,,Atp5b,,Ubb,,,,,,,,
Hid1,Hmgb3,Tex30,H2afx,Ampd3,,Rplp2,,,Gas6,Arhgef26,Ddx50,Gprc5b,,Hnrnpa3,,Rpl35,,,,,,,,
Oxr1,Clec4d,Klf1,Plxnc1,Cebpd,,Pdlim2,,,Mboat2,Sfrp2,Spire1,Hivep3,,Tmsb10,,Ppia,,,,,,,,
Rpl17,Igfbp4,Cpa3,Pbx1,D630039A03Rik,,Ubl7,,,Upp1,Milr1,Enox2,Mylk,,Nap1l1,,Smarcc1,,,,,,,,
Tspan4,Cdk4,2010107E04Rik,Asb13,Glud1,,Mettl7a1,,,Cystm1,Itga9,Mmp16,Fcgrt,,Atp5a1,,Madd,,,,,,,,
Neo1,Gmfg,Muc4,Bex1,Csgalnact1,,Ecscr,,,Gbp8,Csf2rb2,Zc3h12b,Tspan3,,Rps27l,,ENSMUSG00000085334,,,,,,,,
Nisch,Cks1b,Rnaseh2b,Nr1d2,Mgam,,Tmub1,,,Ikzf4,ENSMUSG00000076609,Esam,Stat1,,Csrp1,,Cab39,,,,,,,,
Rpl13,Lat2,Fam49b,Ccnd1,Tmem263,,4732463B04Rik,,,Hoxb5,BC035044,Gkap1,Ddx58,,Arhgef39,,Ptma,,,,,,,,
Gm9493,Xylt1,Eif5a,Smagp,Clu,,Tbc1d10c,,,Prex2,Sell,Myct1,B4galt4,,Cuta,,Rpl17,,,,,,,,
Limd2,Mcm5,Rasa4,Lhx3,Tox,,Ramp1,,,Gm13822,Bmp8a,Psmf1,Pura,,Ndufa11,,Uba52,,,,,,,,
Rps9,Prss57,Eef1b2,Rpl22l1,Srgn,,Atp6v1g2,,,Csf2rb2,Cldn5,Pla2g16,Ids,,Thoc6,,Pan3,,,,,,,,
Gimap1,Tkt,F630028O10Rik,Rpl17,Msl1,,Rnf125,,,Gm16565,Tulp1,Fam171b,Kazald1,,Atpif1,,Rpl24,,,,,,,,
Itga6,Hnf4a,Slpi,Cd38,Smim8,,Gm3345,,,H2-Eb1,Ppargc1a,5730469M10Rik,Trim30a,,Mrpl57,,ND5,,,,,,,,
Angpt1,H2afj,Hint1,Col4a2,Gdf3,,Rpl18a,,,Jhdm1d,Mzb1,Tsga14,Gbp5,,Rfwd3,,Fau,,,,,,,,
Jam2,Syk,Mad2l1,H2-Eb1,Lpl,,Tinagl1,,,Gm10651,Atp1a3,2010011I20Rik,Ly6e,,Gpx1,,Ddx5,,,,,,,,
Obsl1,Mgat5,Tipin,2700081O15Rik,Pfdn2,,Rpl28,,,Vsig2,Anxa2,Slc41a1,Sult1a1,,Metrn,,Eml4,,,,,,,,
Hes1,Gm10053,H3f3a,Fam63a,Tgfbr1,,Ppcdc,,,Gm5148,Xdh,Cyp4v3,mt-Atp6,,Lig1,,Rpl3,,,,,,,,
Basp1,Etfb,Mars2,Chst2,N4bp2l2,,Mrpl23,,,Pou2f2,Slpi,Parp12,Cish,,Fen1,,Adgrg1,,,,,,,,
Tspan3,Samd14,Sh2d5,Itm2b,Trappc4,,Trim47,,,Lurap1,Ablim1,Golph3l,Gda,,Ccna2,,ENSMUSG00000082536,,,,,,,,
Rgs18,Siglecf,Pabpc4,Ly6e,Smarca2,,9030025P20Rik,,,Hivep3,Jag1,1110032A03Rik,Rtp4,,Cux1,,Son,,,,,,,,
Fhl1,Txn1,Mrpl18,Hoxb6,Dusp2,,Itfg3,,,Gm12258,Cd7,Polr2b,Ctsb,,Vcp,,Pim1,,,,,,,,
Cyp26b1,Kmt5a,E2f8,Samt3,Klf9,,Eef1a1,,,Abcg3,Trps1,Fkbp9,Cpne8,,Tubb4b,,Rps17,,,,,,,,
Itgb3,Btf3,Kmt5a,Defb40,Dlc1,,Gas6,,,Mllt3,Gimap3,Slc24a5,Bex4,,Nup210,,Rpl7,,,,,,,,
Clec2d,Il17ra,Snrpd3,Praf2,Ddx3y,,Cox7a2l,,,Irf6,Slc31a2,Ube1l,Tmem176b,,Srsf2,,Tubb5,,,,,,,,
Col4a2,Ewsr1,Sh3bgrl3,Fkbp1a,Mtus2,,Aph1c,,,Xkr6,Satb1,H1f0,Gaa,,Serpinb1a,,Hnrnpa2b1,,,,,,,,
Npdc1,Calm3,Eif1ad,S100a8,Erg,,Camk1,,,Rab20,Cpm,Usp54,Acer2,,Mthfd1l,,Spag9,,,,,,,,
Gimap4,Tmem14c,Rpn1,Itga6,Esam,,Clcf1,,,Spo11,Eno2,Snx25,Dock2,,Dek,,ND6,,,,,,,,
Rplp1,Dntt,Myc,Ltb,Ar,,Rpl36,,,Fam131a,Sfmbt2,Pdxdc1,Bdh2,,Hnrnpu,,Car2,,,,,,,,
Zfp467,Hint1,Ybx3,Pofut1,Rpl36a,,Acap1,,,Egln3,Dusp5,Lrrc49,Irgm1,,Rangap1,,Ftl1,,,,,,,,
Podxl,4932411E22Rik,Dnmt1,Igtp,Hoxa5,,Ergic3,,,Art4,Ly86,Dpy19l3,Myof,,Prmt1,,Rpl10a,,,,,,,,
Rab11a,Rps27l,Erdr1,Jam3,Ube2h,,Il18,,,Mgst1,Bach2,Ppap2b,Padi4,,Ckap2l,,Rpl26,,,,,,,,
Gm4951,Ighm,Ccnb2,Meis1,Cnpy3,,Rhbdf1,,,Btc,Exph5,Ccdc46,E2f5,,Syce2,,Rpl35a,,,,,,,,
Mettl7a1,Swi5,Serbp1,Rpl34,Sec31a,,Rpl35,,,Hid1,Igsf6,1110020G09Rik,Wls,,Ybx3,,Serf2,,,,,,,,
Rgs1,Eif5a,Stx3,Amigo3,4930555A03Rik,,Cyp4f13,,,Tnip3,Gpx3,Tgfb3,Sgms1,,Rpl32,,Rps12,,,,,,,,
Tns2,Birc5,Ccdc125,H1f0,Eaf1,,Rps14,,,Rusc2,Pou2f1,Ccdc62,Zbtb20,,Itpa,,Rpl11,,,,,,,,
Rbp1,Nap1l1,Npm3,Oxr1,Gfi1,,Csf2rb2,,,Airn,Boc,Tmbim1,Zbtb4,,Tacc3,,Cul3,,,,,,,,
Pnmal1,Nek10,Ncaph,Grb10,Zfp143,,Hdac11,,,Coro2b,Ctsh,Krt18,App,,Ilf3,,Rplp0,,,,,,,,
Praf2,Pf4,Tra2b,Itgb3,Irak2,,2410004N09Rik,,,Insrr,Hk3,Cbr3,Slc16a2,,Rbmxl1,,Dnajc19,,,,,,,,
Ampd2,Slc16a11,Cox5a,Sox18,Angpt1,,G430095P16Rik,,,Ppp1r16b,Zc3h12d,Magee1,Fam49a,,Fabp5,,Rps24,,,,,,,,
Itsn1,Ifngr1,Pcbp2,Fut8,Lrrc57,,Tcf7l2,,,Chst15,Cd68,Lrrc9,Pdgfc,,,,Stt3b,,,,,,,,
Arf3,Top2a,Atp6ap2,Asap3,Mat2b,,Pstpip1,,,Hdac11,Gria3,Itsn1,Marveld1,,,,Wdr76,,,,,,,,
Marveld1,Dnmt1,Mfsd2b,Cpne8,Obsl1,,Tef,,,Agpat4,ENSMUSG00000070271,Ttc8,Stat3,,,,Arglu1,,,,,,,,
Smarca2,Brd2,Slc38a5,Gimap5,Ackr1,,Mecom,,,Neu1,Dnhd1,2310057J16Rik,Slc25a36,,,,Rps13,,,,,,,,
Chst2,Dock8,Snrnp70,Tns2,Lin54,,Ccbl1,,,Elmo3,Relb,Slc35f2,Trp53i11,,,,Rab32,,,,,,,,
Epb41l4b,Pilra,Syncrip,Evc2,Zg16,,Guca1a,,,Pvrl4,Ctse,EG240327,Emcn,,,,Smim20,,,,,,,,
Unc45b,Srsf2,Acss1,Fstl1,Zfp324,,Il2rg,,,Erp27,Blnk,Fut10,Irf9,,,,Rps26,,,,,,,,
Zfand5,Nhp2,Tubb5,H2-D1,Mboat2,,Cnrip1,,,Wdr78,Pglyrp1,Rcor2,Ms4a6c,,,,Sod1,,,,,,,,
Rpl3,Cenpn,Rfc2,Krtap4-9,Pnp,,Psd4,,,Ctsf,Cyp26b1,Mansc1,Pcmtd2,,,,Hnrnpl,,,,,,,,
Itm2b,Rasa4,Pcna,Slc24a5,Gimap1,,Ifi44,,,Gm7676,Pou6f1,Rnf113a2,Frmd4b,,,,Ifitm3,,,,,,,,
Msi2,Ung,Parvg,Mettl7a1,Ptprm,,Dennd1c,,,Ccdc60,2010002M12Rik,Acox1,Gbp7,,,,Rpl18,,,,,,,,
Syde1,Dctpp1,Srsf1,Npdc1,Drg2,,Fgd2,,,Satb1,Plk2,Wbscr27,Soga1,,,,Rap2b,,,,,,,,
Mfng,Ube2s,Serpinb1a,Sh3bp5,Rdh10,,Hlf,,,H2-K2,Ror2,Palld,Fam219a,,,,Pet100,,,,,,,,
Rab11fip3,Gadd45a,Rad54l,Samsn1,Tmem158,,Sft2d2,,,5830444B04Rik,Rfx3,OTTMUSG00000005523,Tapbpl,,,,Emb,,,,,,,,
Ldhb,Cenpa,Hba-a2,Nsa2,Mtfr1l,,Prtn3,,,Igf2bp2,9930111J21Rik2,Irgm2,Rpl5,,,,Bloc1s6,,,,,,,,
Gbp2,Actb,Emb,Tcf15,Eif4g2,,Rps23,,,Ifitm1,Smtnl1,Fads1,Gm4951,,,,Cox14,,,,,,,,
Jak1,Cox6b2,Banf1,Soga1,Map2k1,,Arid5a,,,Gm11696,Gbp9,Cryz,Smarca2,,,,Zfp706,,,,,,,,
Hoxb3,Ddx39,Ung,Jam2,Polr3b,,Ptpre,,,Igf2r,ENSMUSG00000081974,Tfb1m,Dlg5,,,,Rpl34,,,,,,,,
Pde3b,Ptbp1,Dmkn,Gimap6,Fam217b,,Rps27a,,,Sqrdl,Ms4a6b,Rhobtb3,Zfand5,,,,Prrc2c,,,,,,,,
Foxk1,Add3,Cox6c,Plxdc2,Rraga,,S1pr4,,,Gm19967,4632428N05Rik,H2-T22,Cd2ap,,,,Fth1,,,,,,,,
Soga1,Hnrnpm,C330027C09Rik,Gm12289,Tfpi,,Snx20,,,Tox,Maf,Arl4a,Ptger4,,,,H2-K1,,,,,,,,
Tinagl1,Gp6,Ncapd2,Mmd2,Grb10,,Ldlrap1,,,Gimap5,Lipo1,OTTMUSG00000009332,Hid1,,,,Rpl27,,,,,,,,
mt-Nd3,Rbl1,Pgd,C2cd4c,Palld,,Ppap2c,,,Arl10,M1ap,Rai14,Glul,,,,Hspa8,,,,,,,,
Rpl38,Cpsf2,Naa50,Hid1,Ptprk,,Sgpl1,,,Zbtb4,Fgfr3,Ptpn21,Gm4631,,,,Set,,,,,,,,
Tmem246,Uhrf1,Tpx2,Csgalnact1,Smc5,,Tmem176a,,,Ghr,Npr2,Trim21,Tmem176a,,,,Arid1b,,,,,,,,
Meis1,Tmem180,Fam132a,Ehd3,Mtmr4,,Fmnl2,,,Rhbdf2,St8sia4,Rg9mtd1,Trib3,,,,Eef2,,,,,,,,
Gm4076,Selplg,Hells,Gimap4,Eif2s2,,Gbp3,,,Snn,Acbd4,Zfp637,Mitf,,,,Rps29,,,,,,,,
Shisa5,Icam4,Dtx4,Marveld1,Gabarapl1,,Bcl9l,,,Mageh1,Fcer1g,Tmem67,Man1a,,,,Lrrc58,,,,,,,,
Slamf1,Mcm3,Ptbp3,Clca3a1,Git1,,Unc93b1,,,Dnhd1,Cnbd2,Abcg2,Gcnt2,,,,Sec24c,,,,,,,,
Gm43536,Ezh2,Suv39h1,Gm15469,Rorc,,Rgl1,,,Gm20467,ENSMUSG00000089706,Cyp2j6,Gimap4,,,,Nfia,,,,,,,,
Rftn1,Hist1h2ap,Bex6,Ppic,Sqrdl,,Pvr,,,Mecom,ENSMUSG00000084760,Vipr2,Ezh1,,,,Msi2,,,,,,,,
Gas2l3,Sla,Psmd14,Gimap1,Mpp5,,Rltpr,,,Lhcgr,Fam102a,Myof,mt-Nd4l,,,,Rpl7a,,,,,,,,
Plscr4,Csrp3,Ifngr1,Sord,Hoxb9,,Tnfsf12,,,Rarb,Trib1,Stard4,Ccser1,,,,Rps16,,,,,,,,
Csf1,Cdk1,Nup107,Neo1,Dr1,,P2rx7,,,Gimap8,ENSMUSG00000097250,Sytl5,H13,,,,Rbm39,,,,,,,,
A830029E22Rik,Atp5c1,Spcs2,Hmgn3,Tnip2,,C1rl,,,Dock6,ENSMUSG00000067017,Lpin1,Zfp638,,,,Rpl27a,,,,,,,,
Plxnc1,Btg2,Slc11a2,Npr2,Oxsr1,,Itgb7,,,Nav2,Trp53inp1,Csgalnact1,St5,,,,H2-Q8,,,,,,,,
Abcg2,Gm31406,Dctpp1,Dusp1,Epb41l4b,,Plcb2,,,Gm15651,Slc4a3,Gng11,Angpt1,,,,Rpl29,,,,,,,,
Fam3c,Cenpm,Blvrb,Efna1,Klrb1c,,Tmem63b,,,Fam84b,Gpr183,Zdhhc17,Pdgfd,,,,Prps1,,,,,,,,
Spata13,Actr3,Tmpo,Jazf1,Fscn1,,Ebi3,,,Slc39a13,Nrk,Gata3,Tead2,,,,Rpl28,,,,,,,,
Tgfbr3,Il12a,Msrb1,Cish,Nbea,,Csf2rb,,,Gstm1,ENSMUSG00000097507,Npr2,Zfhx2,,,,Rpl31,,,,,,,,
P2rx1,Mlec,E2f1,Prkcdbp,4632427E13Rik,,Slfn2,,,Inadl,Medag,Mpa2l,Ptk2b,,,,Ppp2r2a,,,,,,,,
Gbp3,Asf1b,Sla,Rpl21,Ctsc,,Entpd1,,,Tnks1bp1,Net1,Etv3,Lcp1,,,,Ywhaz,,,,,,,,
Tnip3,Ccnb2,Lgals9,Gas2l3,Ints10,,Sh3bp1,,,Zfp831,Tnfaip1,Shroom4,Thra,,,,Fli1,,,,,,,,
Rbms3,Gins2,Pin1,Fam213a,Enpp4,,2410006H16Rik,,,Adarb1,Cd247,Serpina3f,Aldh1a1,,,,H2-D1,,,,,,,,
Eng,Snhg4,Bard1,Eif4a2,Ryk,,Sgip1,,,Trim14,5031434O11Rik,Gramd1c,Clip3,,,,Angpt1,,,,,,,,
Rpl22l1,Pin4,Rab7b,Gns,Hoxb6,,Rnf25,,,Vdr,Syn3,Ift81,Rsrp1,,,,Rpl36a,,,,,,,,
Serpina3f,H2-Ob,Hspe1,Zfp36l2,Zrsr1,,Cyth4,,,Gda,Psap,Lonp2,Ankrd33b,,,,Rps15a,,,,,,,,
3632454L22Rik,Psma1,Snhg5,D630039A03Rik,Fbxl12,,Dync1h1,,,Tmcc1,Naip5,Ptgs1,Lyz2,,,,Rpl12,,,,,,,,
Smagp,Hmgb1,Dhx9,Polb,Cftr,,Dcxr,,,Rgl1,ENSMUSG00000084756,Fnbp1l,Isg15,,,,Rps2,,,,,,,,
Evc2,Cotl1,Pabpn1,Adgrl4,Gas5,,Map3k14,,,Nabp1,ENSMUSG00000097838,Prkag2,Csf1,,,,Txnip,,,,,,,,
Hoxb6,Hist1h2ae,Knstrn,Casp12,Ints8,,9930111J21Rik2,,,Crebl2,Ticam2,Rufy2,Jam2,,,,ENSMUSG00000044285,,,,,,,,
Ptrf,Srsf7,Rad51,Abcg3,Srgap3,,Robo4,,,Fcgrt,Nhsl2,Zfp455,H2-Ab1,,,,Rpl39,,,,,,,,
Krt18,Alg3,Cenpa,Fos,Bex1,,Hyi,,,Mfap2,Camk2b,Mpl,Scarf1,,,,Cd47,,,,,,,,
Nfix,Kif22,Prss50,Map1lc3b,Vdr,,Gm15473,,,Ccdc157,Lck,ENSMUSG00000058736,Reck,,,,Pabpc1,,,,,,,,
Cd81,Nup210,Rpa2,Sbspon,Samhd1,,Gltscr2,,,Nrk,Clcn5,Clstn3,Tom1l1,,,,Gpx1,,,,,,,,
Pde1b,Cox6a1,Anxa2,Smarca2,Efhd2,,Ltbr,,,Ecscr,Ehd2,Ppp1r13b,Sptbn1,,,,Gigyf2,,,,,,,,
Ehd3,Dynll1,Ddx39b,Rpl28,Marveld2,,Clip1,,,D630039A03Rik,Klrc2,Igf2bp2,Wdpcp,,,,Cdkn1b,,,,,,,,
Cited2,Cd53,Plek,Adgra3,Vps54,,E2f5,,,Csad,Zcchc18,Rpl7,Calcrl,,,,Pi4ka,,,,,,,,
Nckap1,Dnajc6,Nasp,Slc6a15,Gimap3,,Fam63a,,,Atp10d,4930486L24Rik,Ndrg3,Rufy2,,,,Rps10,,,,,,,,
Lgals3bp,Cyc1,Srsf7,Ptger4,Foxp2,,Eva1b,,,Obscn,Mapk12,Rasgef1b,Rps9,,,,Hnrnpa1,,,,,,,,
Sptbn1,Srgn,Psmd3,Rps15a,Mfhas1,,Trav7n-6,,,Fam213a,Prkcb,Robo4,Epm2aip1,,,,Actr2,,,,,,,,
Efna1,Mfap4,Palm,Gcnt2,Sdc4,,Il16,,,Ndn,Btbd3,Sbf2,Slc24a5,,,,Camk2d,,,,,,,,
mt-Nd2,AI506816,Foxk2,8030423F21Rik,Gprasp1,,Prrg2,,,Fam222b,Clec7a,Il22ra2,Lmo2,,,,Tpt1,,,,,,,,
Prkcdbp,Ddx39b,Ciapin1,Podxl,Gm17322,,Gm20467,,,Arhgap31,Arhgap26,Tgfbr3,Serpina3g,,,,Gnb2l1,,,,,,,,
Lpar6,Atp1b3,Sf3b4,Hoxb3,Neat1,,Fam21,,,Znfx1,B4galt6,Ccl27a,4930412C18Rik,,,,Rpl22,,,,,,,,
Ptprcap,Atp5b,Mcm2,Nt5c3,Cpxm1,,Lpin1,,,Kcnip3,Ccpg1,Aldoc,Epb41l4b,,,,Pdzk1ip1,,,,,,,,
Phactr2,Runx3,Hspd1,Mef2c,Nudt11,,Serpinb6a,,,Rhoj,B130006D01Rik,Arl15,Jak1,,,,Zfp207,,,,,,,,
Slc6a15,Tmem147,Gnptab,Srebf2,Thnsl1,,Tspyl2,,,Pqlc3,Ncf2,Tmem40,Peak1,,,,Gm2a,,,,,,,,
Fos,Hnrnph1,Mlec,Rasgef1b,Haghl,,Lfng,,,4930481A15Rik,Pkib,St6galnac3,Hbp1,,,,Rpl15,,,,,,,,
Gm13889,Dtl,Tespa1,Obsl1,Slc2a3,,Gimap5,,,Sorbs2,Ets1,Erp27,Gfi1,,,,Cbx3,,,,,,,,
Rnd3,Man2b1,Ipo5,Shisa5,Coro2a,,Zfp773,,,Sema4b,Fgd4,Slc18a2,Insig1,,,,Rpl10,,,,,,,,
Ipo11,Mad2l1,Top2b,Rps12-ps3,Slc25a17,,Dusp5,,,Pdzk1ip1,Zfp354c,E2f5,Marcks,,,,37500,,,,,,,,
Igtp,Tm6sf1,Gart,Rgs1,Exoc3l,,Rpl19,,,Pnck,Mn1,Srr,Abcg2,,,,Pdcd4,,,,,,,,
Dio1,Cdca5,Il10rb,Bhlhe40,Tmtc2,,Tie1,,,Tbc1d8,2810055G20Rik,Mfng,Phf1,,,,Rbm25,,,,,,,,
Ctla2b,Tcp1,Cdc45,Laptm4a,Golga2,,Itpkb,,,A230050P20Rik,Shroom1,Dctn4,Gbp6,,,,Tsc22d3,,,,,,,,
Chchd7,Ndufa1,Nucks1,Ost4,Klhdc2,,Hbp1,,,Dsel,Fscn1,Pomt2,Vmn1r65,,,,Ly6e,,,,,,,,
Etv4,Exosc8,Hsph1,Tspan3,Mylk,,Aim2,,,Hilpda,Tulp4,Zfp26,Furin,,,,Hnrnph1,,,,,,,,
Tm2d2,Kcnab2,Hpn,Phyhipl,Clpb,,Dnah1,,,Adrb2,Gm12185,Plekha5,Rnf145,,,,H2afy,,,,,,,,
Slc50a1,Anp32e,08-Sep,Eid1,Guca1a,,Sash3,,,Stxbp4,Rpgrip1,Adipor2,Txnip,,,,Scmh1,,,,,,,,
Gimap5,S100a10,Kif15,C1rl,Gm7609,,2210404O07Rik,,,Sat1,Gbp4,Raver2,Abcb1a,,,,Cbx1,,,,,,,,
Lhcgr,Exosc5,Ect2,Tjp1,Thsd1,,Rps3a1,,,Hs1bp3,ENSMUSG00000092274,Ap3b1,Gns,,,,Srgn,,,,,,,,
Nt5c3,Zfp422,Ewsr1,Hmga2,Spin1,,Cd27,,,Ypel2,Sh3bp5,Rab12,Eid1,,,,Gmps,,,,,,,,
Map4k2,F13b,Trip13,Wdr77,Mat2a,,Galnt6,,,Birc3,ENSMUSG00000097045,Mat2b,Arhgef3,,,,Oaz1,,,,,,,,
Ramp2,Cd47,Rpf2,Fmnl2,Spats2,,Gabarapl1,,,Zfp184,Peli2,Adam22,Trim46,,,,Uba7,,,,,,,,
Wfdc2,Rpl4,F13a1,Treml2,Arhgef6,,Tnfaip8l2,,,1700094D03Rik,Nacc2,Fads2,Rpl3,,,,Celf2,,,,,,,,
Gbp6,Tpbpa,Taf2,Mast4,Kdr,,Iigp1,,,Mylk,Zfp287,Tceal5,Tpd52,,,,Ywhab,,,,,,,,
Sh3bp5,Tipin,Dnajc6,Gimap8,Cacna2d1,,Lyl1,,,Grina,Nbea,Mettl7a1,Socs1,,,,Uqcrh,,,,,,,,
Fads1,Minos1,Crip1,Rps7,Pkm,,Vat1,,,Nbeal2,Cdc42se2,Stat4,Stxbp4,,,,Eif1,,,,,,,,
Myl6,Spcs3,Hmgn5,Gabarap,Slc9a1,,Lrrn4,,,Hlf,Ddhd1,Dynlt3,Agpat3,,,,Zbtb20,,,,,,,,
Sec14l1,Cenpw,Smc3,Gm4707,Cbl,,Rabac1,,,Selm,Pik3r1,Crispld1,Fam174a,,,,Nt5dc1,,,,,,,,
Vdr,Rec114,Vdac2,Ensa,Phf21a,,Tcf25,,,C1rl,Il4,Dock1,Pim1,,,,Clk1,,,,,,,,
Prcp,Fen1,Actl6a,Aplp2,Gm1673,,Fis1,,,Samhd1,Zhx2,BC057079,Setd7,,,,Abcc5,,,,,,,,
Aldh6a1,Tspo2,Cenpw,Spata13,Hacd4,,Mamdc2,,,6720401G13Rik,Exoc6b,Srgap3,Mkl2,,,,Tnfaip8,,,,,,,,
Cracr2b,Slc45a3,Clec4e,Hoxb9,Gigyf2,,Zbtb20,,,1110008F13Rik,Sdc4,Pon3,Mpdz,,,,Iqgap1,,,,,,,,
2410006H16Rik,Rasl2-9,Mcm5,Mpdz,Trim6,,Ptk2b,,,Snord14a,Pqlc3,Nedd4,Pde6h,,,,Ndufa3,,,,,,,,
Ncoa7,Mdh2,Cacybp,Lgals3bp,Grn,,Irgm2,,,Wbscr27,Tmc4,Ccl19,Atp10a,,,,Ddx17,,,,,,,,
Sft2d2,Pabpc1,Odc1,Rpl35a,Zdhhc9,,Oasl2,,,Gata3,Sqrdl,Fntb,H2-Q4,,,,Mbip,,,,,,,,
Klf2,Gapdh,Haao,Magee1,Fam46c,,Gprasp1,,,Tcf7l2,D17H6S53E,Khdrbs3,Rab19,,,,Ssr3,,,,,,,,
Hmga2,Pdcd4,Dntt,Pim1,Uba7,,P2rx4,,,Lima1,Gm973,Ghr,Usp14,,,,Rgs18,,,,,,,,
Grasp,Rps19,Slc25a5,H2-Q7,Brdt,,Ccdc88b,,,Cry2,Lyz2,Tom1l1,Cracr2b,,,,Rbm15,,,,,,,,
Rpl36,Abracl,Cbx3,Rab38,Nedd4,,Ldhb,,,Rufy2,Tifa,Vps39,Uba5,,,,Ankle2,,,,,,,,
Mt1,Actg1,Mgat5,Itsn1,Mbd5,,Hoxb6,,,Pkn1,Tgfbr1,Ccdc122,Siae,,,,Calm2,,,,,,,,
Fam219a,Mdga1,Slc16a1,Sdc2,Pnrc1,,B4galt6,,,Crebrf,Catsperg1,Il7,Unc45b,,,,Pcbp1,,,,,,,,
Igf2r,Tespa1,Evl,Oasl2,Smtnl2,,Kazald1,,,Naip5,Slc44a1,Sepp1,Dtx3l,,,,Ptp4a2,,,,,,,,
Rps7,Hnrnpd,Rpa1,Selm,Tspan13,,Pim2,,,St7,Socs2,Arsk,H2-Q7,,,,Ly6a,,,,,,,,
Grina,Bcor,Syce2,Sdpr,Def8,,Fam109a,,,Cd151,ENSMUSG00000089829,Trim47,Nfix,,,,Insig1,,,,,,,,
Hoxb9,Rtn3,Slx4ip,Pgr,Cd302,,Odf3b,,,Dhx57,Alas1,Frmd4b,Gimap1os,,,,Fubp1,,,,,,,,
Psap,Hnrnpdl,Mms22l,Tmem246,Fn1,,Ccl4,,,Zfp945,ENSMUSG00000100691,Cd99l2,Asb4,,,,Arpc2,,,,,,,,
Gns,G6pc3,Ffar2,Nfkbia,5031434O11Rik,,Slc35c2,,,Sgms1,Dock10,Timp3,Ms4a6b,,,,Gnb1,,,,,,,,
Clstn1,Atp5g1,Armc1,Pcdhb18,Tfec,,Rap1gap,,,Nlrc5,Zfp612,Plk2,Slfn2,,,,Fcho2,,,,,,,,
Eid1,Cd244,Snx14,Katnal2,Mterf4,,Arid4a,,,Eng,S100a6,Ctso,Nt5c3,,,,Notch2,,,,,,,,
Sike1,Gtpbp1,Hbb-bt,Mtmr14,BC064078,,Col4a2,,,Adcy7,Aff1,Rnf14,Adam22,,,,Wtap,,,,,,,,
Rdh10,Tap2,Smarca5,Mfng,Sf3b6,,St3gal1,,,St3gal6,Osbpl5,Txnl1,Raver2,,,,Cox6a1,,,,,,,,
Bmp1,Fmo4,Golm1,Tinagl1,Trim46,,Lgals1,,,Dennd4a,B4galnt4,Txnrd3,Gm5148,,,,Arl6ip1,,,,,,,,
Smpdl3a,Haao,Mthfd1l,Fads1,Casp12,,Ptk7,,,Adipor1,Kazald1,Slc30a4,Tnfrsf1a,,,,Vmp1,,,,,,,,
Gm20125,Mns1,Plk4,Serpinb6a,Kcnab1,,Sh3bgrl3,,,,Trim5,Ahi1,Mtor,,,,H2afz,,,,,,,,
Maged1,Rnaseh2b,Psmc6,Rack1,Nt5c3,,Armc3,,,,Prnp,Ppic,Pex11a,,,,Ube2b,,,,,,,,
Gm19461,Snrpb,Fgfr1op,Gbp7,Wdr41,,Ddit3,,,,Plag1,Vdr,Efnb2,,,,Pabpc4l,,,,,,,,
Ly6e,Macrod1,Spdl1,Ttc39b,Dennd2a,,Prdx5,,,,Idh1,Serinc1,Tinagl1,,,,Hlf,,,,,,,,
Myct1,Cox6c,Cebpa,Tpst2,Dync2h1,,Psme1,,,,Igf2r,Eepd1,Ampd2,,,,Rpgrip1,,,,,,,,
Ski,Atp5k,Evi2b,Pex11a,Wbscr27,,Laptm5,,,,Phkb,Ctsf,Gbas,,,,Cnot8,,,,,,,,
Rhoj,Igfals,Tspo2,Vdr,Igfbp4,,Pnrc1,,,,Ikzf2,Maged2,Slc30a4,,,,Wwp2,,,,,,,,
Prkd2,Atp1b2,Pgam1,Tpd52,Fnbp1,,Bmyc,,,,Tpm4,Ptpn14,Il27,,,,Tma7,,,,,,,,
Irgm2,Rpa2,Rnaseh2a,Rybp,Caml,,Ahnak,,,,Sirpa,Aida,Rbms3,,,,Clasp2,,,,,,,,
Zdhhc9,Sh3kbp1,Gins4,Dnajb4,Snx7,,Xaf1,,,,Mmp16,Tfpi,Sbspon,,,,Ptprc,,,,,,,,
Slc48a1,Npc2,Srsf10,Junb,2210408F21Rik,,Ankrd13d,,,,Tulp3,Lrp12,Neurl3,,,,Kmt2c,,,,,,,,
Ormdl3,Cox7c,Rbbp4,Qsox1,Cep131,,Zfp618,,,,Efnb2,Naip5,Eif4b,,,,Rsrp1,,,,,,,,
Slfn2,Ermap,Hnrnpm,Ssbp3,Foxd2,,Gm12575,,,,Brwd1,Prdx6,Grina,,,,Jak1,,,,,,,,
Cltb,Frat2,Cd37,Sepw1,Prr5l,,Rpl21,,,,Chst2,Stau1,Ncor2,,,,Lyz2,,,,,,,,
2610035D17Rik,Irf8,Gatm,Plscr4,Rnmtl1,,Uba7,,,,Luc7l2,Cav2,Mfap2,,,,Gstm1,,,,,,,,
Pnp,Rgs2,Frat2,Bmp4,C2cd2l,,B4galnt4,,,,Scpep1,Spg20,Slc6a6,,,,Ogt,,,,,,,,
Camkk1,Rnaseh2a,Espl1,Ppp1r15a,Amacr,,Zfp959,,,,Lzts1,Ifih1,Ak1,,,,Eid1,,,,,,,,
Stat1,Psmd13,Sphk1,Nckap1,Cdkn1b,,Orai1,,,,Hivep3,Snx6,Cldn12,,,,Srsf3,,,,,,,,
Sepp1,Snrpd2,Rbm3,Ptrf,Ldhd,,Ric8,,,,Zfp318,Iqcb1,Eef2kmt,,,,Khsrp,,,,,,,,
Ecscr,H2afv,Hspa8,Ptpn18,Fzd8,,Wash,,,,Lyst,Vsig2,Samhd1,,,,Slc35a1,,,,,,,,
AW112010,Gnptab,Umps,Sptbn1,Ccdc86,,Tsc22d1,,,,Oraov1,Acss3,Ftl1,,,,Alox5ap,,,,,,,,
Lst1,Twf2,Hnf4a,Rnd2,Plscr4,,Gm13822,,,,Iigp1,Etv5,H2-T23,,,,Selk,,,,,,,,
Gm19590,Fam173a,Pcbp1,Rgp1,Gfpt1,,Clec2d,,,,Smurf2,Anxa4,Pqlc3,,,,Cln6,,,,,,,,
Ak1,Alyref,Cdc123,Itgb1,Mylpf,,Aplp2,,,,Notch1,Sox6,Vmp1,,,,ENSMUSG00000084349,,,,,,,,
Tmem37,Alkbh1,Gm5616,Pdlim7,1110059E24Rik,,Rpl5,,,,Dpp4,Phkb,Serinc3,,,,Map1lc3b,,,,,,,,
Gprasp1,Gm128,Uqcr11,Jun,Fkbp1a,,Tbc1d17,,,,Cd82,Car2,Tmbim1,,,,Dtx3l,,,,,,,,
Exoc6b,2010107E04Rik,Cirh1a,Cyp4v3,Gpr137b-ps,,Spi1,,,,Camk2d,Casp12,Casd1,,,,Tagln2,,,,,,,,
Col4a1,Siglecg,Ivns1abp,Abcg2,Rasal2,,Pcmtd2,,,,Ptpn14,Xk,Msi2,,,,Tmem176b,,,,,,,,
Fads3,Gng12,Ndc1,Tgfbi,Fbxo21,,Bdh2,,,,Fcho2,Tnfrsf18,Pde2a,,,,Gimap5,,,,,,,,
Dnajb4,Fabp5,Cry1,Klhdc10,Treml2,,Sesn1,,,,Clcf1,Mettl3,B4galnt4,,,,Itm2b,,,,,,,,
Lcp2,Pa2g4,Nutf2-ps1,Ctsb,Invs,,Tspan4,,,,Elac1,Efhc2,Flcn,,,,Ptpn18,,,,,,,,
Mtss1l,Hnrnpl,Fam105a,Ddx58,Gimap5,,Mpnd,,,,Rit1,Oasl2,Ttc39b,,,,Ccnd2,,,,,,,,
Adgra3,Smc2,Dbf4,Gucy1a3,Cdkn1a,,Snn,,,,Qprt,A2ld1,Cacnb1,,,,Tra2b,,,,,,,,
Hcfc1r1,E130309D02Rik,Ccz1,Palld,Gm28557,,Arhgdib,,,,Ifitm7,Xlr3b,Adcy9,,,,Bcl11a,,,,,,,,
Gem,Psmb3,Snhg4,Nedd4,Cdcp1,,Poli,,,,Nipa1,Aldh1l1,Spag16,,,,Sepw1,,,,,,,,
Palld,Knstrn,Srm,Irgm2,C1rl,,Tns1,,,,Hdac10,Fpgt,Tmem154,,,,,,,,,,,,
Rras,Cd69,Gins2,Tln1,Tspyl1,,Iqce,,,,Lsp1,Ccdc112,Wbscr27,,,,,,,,,,,,
Lurap1,Acap2,Il6ra,Rps29,Pou2f2,,Gba2,,,,Blzf1,Xrcc5,Nupr1,,,,,,,,,,,,
Plxdc2,AB041806,Nrm,Epb41l4b,Pdpr,,Dusp2,,,,Sat1,4152,Slc18a2,,,,,,,,,,,,
Slc24a5,Top2b,Tacc3,Hsd17b10,Dnaja2,,Rps15,,,,Rrm2b,Gnat2,Pim2,,,,,,,,,,,,
Ankrd33b,Cep112os1,Tmem258,Phactr1,Senp2,,Ftl1,,,,Zscan26,Aplp2,Krt18,,,,,,,,,,,,
Anxa5,Syncrip,Tm6sf1,Cpne3,Eif4b,,2410002F23Rik,,,,Znfx1,Me1,Trim34a,,,,,,,,,,,,
Gaa,Atad5,Cycs,Spint2,Sepw1,,Art4,,,,Agpat4,Ppt1,Il21r,,,,,,,,,,,,
Ost4,Nop56,Tmem97,4930458D05Rik,Dock2,,Gabbr1,,,,Pfkfb2,Crot,Oas3,,,,,,,,,,,,
Mboat2,Rad18,Hmgb3,Ctsl,Itgb3,,Itsn1,,,,Zfp937,Prkacb,Tspan9,,,,,,,,,,,,
Pqlc3,Bub1b,Dynll1,Aldh2,Lyplal1,,Pkp3,,,,Ugcg,Mak10,Fez1,,,,,,,,,,,,
Myo3b,Snx14,Ube2i,Mink1,L3mbtl3,,Gbp7,,,,Tecpr1,Pam,Gm20559,,,,,,,,,,,,
Pkm,Npm1,Snrnp40,P3h3,Numb,,Pccb,,,,Alcam,Xlr3c,Il16,,,,,,,,,,,,
Ptger4,Eif4a1,Bcor,Pde1b,Suv420h2,,Zfp677,,,,Parp14,Ift122,Mospd2,,,,,,,,,,,,
Cenpt,Rrm2,Emilin2,Por,Il4ra,,Ptprcap,,,,Tns1,Trfr2,Arhgap28,,,,,,,,,,,,
Pnrc2,Ube2i,Vrk2,Marcks,Mpdz,,Gm5148,,,,Zfp329,Cytsa,Rbm47,,,,,,,,,,,,
Dcaf12l1,Ybx3,Gmnn,S100a4,Rtp4,,Arid3b,,,,Pam,Pik3r1,Csgalnact1,,,,,,,,,,,,
Pgr,Mrpl34,Rgcc,Myl10,Rhoj,,Slc50a1,,,,Zfp831,Prdm5,Rps4x,,,,,,,,,,,,
Pcolce2,Tubb5,Cd69,Gm10419,Plcg2,,Pafah2,,,,Apbb1,Slc25a3,Guca1a,,,,,,,,,,,,
Serpinf1,Eif1ad,Myo15b,Tspan4,Cd38,,Vamp2,,,,Cyb561a3,Bbs4,Cdkn1c,,,,,,,,,,,,
Tmem158,Taok3,Nup43,Lhcgr,Insr,,Leng8,,,,ENSMUSG00000087390,Tsr2,Uaca,,,,,,,,,,,,
Prr13,B9d2,Hars,Hk2,2310015A10Rik,,Vamp1,,,,Rhbdf1,Aasdh,Lurap1,,,,,,,,,,,,
Nsa2,Fbxo5,Paics,Ptgs1,Dctn1,,Gbp6,,,,Tenc1,Sgce,AW112010,,,,,,,,,,,,
mt-Nd4l,Steap3,Nrp1,Rpl13a,Cdc23,,Mylk,,,,Fam208a,Sult1a1,Mb21d2,,,,,,,,,,,,
Ppp1r15a,Nudt21,Clec4d,Ncor2,Acin1,,Rpl27a,,,,Anxa6,Ubl7,9130221H12Rik,,,,,,,,,,,,
Cxxc5,Pold1,Zfp422,Nub1,Mir22hg,,Ctsh,,,,Hspa2,Htr2a,Hebp1,,,,,,,,,,,,
Gabarap,Fam49b,Gm13075,Cdc42bpb,Adgrd1,,Eid1,,,,Galm,Enpp5,Inpp4b,,,,,,,,,,,,
A830019P07Rik,Itpa,Snrpb2,Capns1,Hook3,,Ptplad2,,,,Notch3,Cyp7b1,Fgfr3,,,,,,,,,,,,
Neurl3,Rtn4ip1,Plk1,Socs5,Nfic,,Casd1,,,,Dok1,Zfp239,Fam171b,,,,,,,,,,,,
Diaph1,Fignl1,Smc4,Ccdc181,4930556M19Rik,,Acer2,,,,Rin2,Hmox2,Nfat5,,,,,,,,,,,,
Pou2f2,Dmkn,Tamm41,Nisch,Phyhd1,,Tom1l2,,,,Mturn,Maged1,Gm10030,,,,,,,,,,,,
Nkx2-3,Ckap2l,Anxa3,Crebrf,Gng10,,Sidt2,,,,Tmem161b,Mbtps1,Akap7,,,,,,,,,,,,
Mbd6,Capza1,Tfap2b,Kirrel3os,Snapc3,,Zfp1,,,,Rab11fip3,Bex2,Cbr3,,,,,,,,,,,,
Cc2d2a,Cenph,Nudcd2,Smo,Dusp4,,Naip5,,,,Galnt7,Isg20,Ptprc,,,,,,,,,,,,
Gm12185,Rpl41,Mapk10,Bbx,Nceh1,,Hoxa9,,,,Slfn2,Cfl2,Hdac9,,,,,,,,,,,,
Flywch2,Ncl,Nkrf,Ormdl3,Add1,,Copg1,,,,Ccl4,Rragb,Pou2f2,,,,,,,,,,,,
Ctnnal1,Armc1,Rhag,Slfn2,Lrch3,,Rps7,,,,Glipr2,Pgcp,Lrrc49,,,,,,,,,,,,
Poglut1,Siva1,Dcun1d5,Camk2d,Rbks,,Adcy7,,,,Zcchc7,Camkk1,Abhd18,,,,,,,,,,,,
Rpl7,Sec11c,Kcnab2,Efcab14,Ppfia4,,Slfn8,,,,Pde8b,Zfp94,Bbx,,,,,,,,,,,,
Smg7,Bri3bp,Spire1,Mt1,Fam184a,,Car11,,,,Nav2,Zik1,Bcam,,,,,,,,,,,,
Csad,E2f1,Nek2,Rbp1,Slpi,,Gm4841,,,,Uspl1,Taf9b,Ccpg1os,,,,,,,,,,,,
Por,Gm4473,Sf3b6,Pqlc3,2510009E07Rik,,Srsf12,,,,Fn3k,Rab27b,Ebi3,,,,,,,,,,,,
Gm4707,Elf1,Frem1,Aldh3a2,Unc5a,,Ddx31,,,,Rgl1,Ephx1,Fam21,,,,,,,,,,,,
Trib3,Csgalnact2,Nap1l1,Fam43a,Ift43,,Oas1a,,,,Ltb,Aspa,Fchsd1,,,,,,,,,,,,
Dst,Sdhd,Pdhx,Zfp467,Id2,,Mcfd2,,,,Zfp560,Hsd17b10,Zbtb26,,,,,,,,,,,,
Hoxa5,Tacc3,Rbl1,Rhof,Sft2d2,,Sdsl,,,,Gsta4,Ktelc1,2410017I17Rik,,,,,,,,,,,,
Gimap1os,Caprin1,Elovl5,Klf2,Rnf128,,Sqrdl,,,,Fam118b,Zmym4,Fam184a,,,,,,,,,,,,
Lgals8,Arrb2,Xndc1,Nceh1,Rad9a,,AI462493,,,,Arid5b,Mtap7d3,Skap2,,,,,,,,,,,,
Rhob,Prdx2,Ckap2l,Cldn12,Utp6,,Napsa,,,,Emb,4732418C07Rik,4930568A12Rik,,,,,,,,,,,,
Pcbd1,Cdca8,G3bp1,Stat3,Ctbs,,Ptger1,,,,Zmat1,Pter,Fkbp7,,,,,,,,,,,,
Trappc8,Chchd1,Kif22,Gata2,Nfia,,Ccnd2,,,,Mfhas1,Mettl11b,Parp14,,,,,,,,,,,,
Fam213a,Ppp1ca,Tbc1d31,Il2rg,Rgs14,,Rasgef1a,,,,F830016B08Rik,Syde1,Auts2,,,,,,,,,,,,
Rab2a,Rbbp4,Dnm1,Nfe2,Hspa5,,Txndc15,,,,Elmod3,Gorab,Lrp6,,,,,,,,,,,,
Camk2d,Ndufb6,Tbrg4,Zfp36,Ankrd39,,Gm16201,,,,Cish,Ryk,Rbm38,,,,,,,,,,,,
H2-T22,Slco3a1,Epha4,Lpin2,Ctnnal1,,Tmem37,,,,Ebi3,Cyp51,Large,,,,,,,,,,,,
Tnfrsf1a,Psmc4,Atp5c1,Slc2a3,Orc4,,Lbp,,,,Cd2ap,Rab38,Glis2,,,,,,,,,,,,
Irf9,Sipa1l1,Cmtm7,Clec2d,Plppr3,,Wdr83,,,,Neil1,Mapk9,Rassf2,,,,,,,,,,,,
Tnfsf12,Sfxn1,Hnrnpab,Adck3,Nsun2,,Tmem132a,,,,Apobec1,Tnfsf4,Hdac11,,,,,,,,,,,,
Tapbp,Cyp2a5,Rcc2,Anxa5,Chrnb1,,Pold4,,,,Gchfr,C030039L03Rik,Rhof,,,,,,,,,,,,
Tnfsf10,St8sia6,Dnajc8,Bdh2,Foxd2os,,Agpat2,,,,Slc31a1,Kbtbd4,Kit,,,,,,,,,,,,
Hmgn3,Med21,Rec114,Ascl4,Sh3bgrl2,,Lat2,,,,Arid5a,Nomo1,Psme1,,,,,,,,,,,,
Lyz2,Evl,Bri3bp,Tgfbr3,Cic,,Ubl3,,,,1810013L24Rik,Gpr128,Vdr,,,,,,,,,,,,
Gm36888,Fgf3,Ssb,Rftn1,Pyurf,,Elmo3,,,,5930430L01Rik,Prkch,Laptm4a,,,,,,,,,,,,
Ywhab,Raly,Wee1,Tfpi,U2af2,,,,,,Pde7a,Olfr134,Sirpa,,,,,,,,,,,,
Hk2,Ppp1cc,Gm11267,Ldhb,Ccdc92,,,,,,Marf1,Tcam1,Slfn8,,,,,,,,,,,,
Kiz,Gm17590,Ephx2,Amotl2,Nr4a2,,,,,,Stat2,Ophn1,C030037D09Rik,,,,,,,,,,,,
Fmnl2,Tex30,Pin4,Erg,Phactr2,,,,,,Gm2a,Spred2,Ank2,,,,,,,,,,,,
Snhg20,Ube2a,Ppp2ca,Pomgnt2,Alg10b,,,,,,Ccdc171,Slc16a9,Trim12a,,,,,,,,,,,,
Rell2,Pfn1,Cyc1,Coro2a,Cables2,,,,,,Cd83,Wbp5,Atp6v1a,,,,,,,,,,,,
B4galt6,Hk3,Ppil3,0610009E02Rik,App,,,,,,Cd84,Hmgn3,Prdm16,,,,,,,,,,,,
Eepd1,2700094K13Rik,Bora,Stat1,Clca3a1,,,,,,Arl6ip5,Myo5c,Osbpl9,,,,,,,,,,,,
C1rl,Usp1,Fam65a,Prr13,Sh3gl3,,,,,,Sgms1,Alg11,Nabp1,,,,,,,,,,,,
Cpne8,Nasp,4930469G21Rik,Rhoj,Aldh6a1,,,,,,Mgst1,Arhgap5,Insr,,,,,,,,,,,,
Psme1,Ube2c,Platr17,Slc15a2,Pygm,,,,,,ENSMUSG00000097777,Dtnb,Gm29123,,,,,,,,,,,,
Prnp,Orc1,Gna11,Saraf,Llgl2,,,,,,Ikbke,Tbc1d19,Krcc1,,,,,,,,,,,,
Tm4sf1,1810065E05Rik,Sigmar1,Gm13546,Ncam2,,,,,,Zc2hc1a,Kptn,Zfp532,,,,,,,,,,,,
Ntrk3,Srm,Tyms,Aldh7a1,Pcsk4,,,,,,Traf1,Gimap8,Nefh,,,,,,,,,,,,
Map2k1,Npm3,Naa15,Slc25a4,Pcyt1a,,,,,,Plxdc2,BC055004,Tm9sf2,,,,,,,,,,,,
Net1,Erdr1,Gapt,Fam187b,Mbnl2,,,,,,Dmtf1,Exoc6b,Gimap5,,,,,,,,,,,,
Cyp4v3,Fer1l4,Ostc,Tnfsf10,Fez1,,,,,,Cyba,Trpc4ap,Cd80,,,,,,,,,,,,
Ubqln2,Chdh,Nebl,Raver2,Cnn3,,,,,,Mroh1,Kif3a,Fam134b,,,,,,,,,,,,
Ctsc,Rab37,Idh3a,Mllt6,Ankrd13a,,,,,,Spata13,Mtap,Zfp92,,,,,,,,,,,,
Pura,Endod1,Aldh1a7,Fhdc1,Yipf2,,,,,,Btd,Cpne2,Phf11b,,,,,,,,,,,,
Mef2c,Spns3,Ddx28,Zbtb25,Prkcdbp,,,,,,Sgsm1,Extl3,Cenpt,,,,,,,,,,,,
Gm17541,Mms22l,Rab44,Ago3,Tiam1,,,,,,Usb1,D16H22S680E,Pdlim7,,,,,,,,,,,,
2410131K14Rik,Car11,Ccne1,Atp13a4,Acadsb,,,,,,Ivd,Acadm,Ecscr,,,,,,,,,,,,
Mfn2,Snrpb2,Fasn,mt-Nd5,Gpr45,,,,,,Tinagl1,Siae,Tcf20,,,,,,,,,,,,
Tgoln1,Hnrnpll,Pmf1,Thra,Bsg,,,,,,Tbce,4732471D19Rik,Plcg2,,,,,,,,,,,,
Pbx1,Bola1,Hdac2,Ppp1r18,Zfp706,,,,,,Ptafr,Irak3,Arhgap18,,,,,,,,,,,,
Mansc1,Sdf2l1,Anp32e,Sgms1,Cmss1,,,,,,Taf8,Stxbp4,Kctd15,,,,,,,,,,,,
Rpl26,Tbc1d2b,Irf8,Hnrnph3,Phf21b,,,,,,Atg10,Dusp4,H2-T24,,,,,,,,,,,,
Cox7a2l,Erp29,Stx2,A830019P07Rik,Sesn2,,,,,,Lgr4,Arl3,Rsad2,,,,,,,,,,,,
Bmp4,Rin3,Siva1,Maged1,Jak1,,,,,,Myadm,Lix1l,Trim26,,,,,,,,,,,,
Wls,Nfya,Ankrd44,Hoxb7,AU040320,,,,,,ENSMUSG00000101609,Acyp2,Ift46,,,,,,,,,,,,
Rgs3,Cox6b1,Incenp,Pdlim1,Apba3,,,,,,Islr,Mllt4,Pld3,,,,,,,,,,,,
Abca3,Tdrd3,Hnrnpdl,Mill2,Oxsm,,,,,,Rbl2,Chic1,Zbp1,,,,,,,,,,,,
Cd38,Serbp1,Hspa14,Gm11724,Apbb2,,,,,,Xrn1,Crebl2,Gm16104,,,,,,,,,,,,
Insig1,Mrps18c,Eef1e1,Zbtb4,Cebpb,,,,,,Map3k1,Mynn,Eif3e,,,,,,,,,,,,
Epb41,Spi1,Ppm1g,Ywhab,Gm10125,,,,,,Akap7,Apoe,Mmp16,,,,,,,,,,,,
Gbp4,Fcho1,Uqcrc1,Grina,Tacstd2,,,,,,Map4k2,Mtmr11,Ldhd,,,,,,,,,,,,
Acox1,Il10rb,Dnah8,C1ra,1110034G24Rik,,,,,,2310035C23Rik,Jam2,Lamtor3,,,,,,,,,,,,
Cept1,Mrpl18,Olfr796,Gm9899,Srd5a1,,,,,,Mpzl1,Zfp521,Cyp27a1,,,,,,,,,,,,
Sdc2,Tra2b,Rgs10,Krt18,Zfp287,,,,,,Cirbp,Pot1a,H2-D1,,,,,,,,,,,,
Cdk17,Mrps26,Atp7b,Fam171b,Dhx34,,,,,,Vps45,C330011K17Rik,Jade2,,,,,,,,,,,,
6330562C20Rik,Dek,Ppid,Rps8,Rbm27,,,,,,Tmem154,Dand5,Spata13,,,,,,,,,,,,
St7,Egln3,Cd244,Cltb,Stxbp6,,,,,,ENSMUSG00000085334,Tceal8,Hoxb2,,,,,,,,,,,,
Dennd1c,Psme3,Mutyh,Glrx,Lrrc49,,,,,,Pde2a,Ctnnd1,Ptprcap,,,,,,,,,,,,
Raver2,Atxn7l3,Zeb2,Nkx2-9,Akt1s1,,,,,,Erlec1,N6amt1,Treml2,,,,,,,,,,,,
Plpp3,Hmha1,Srsf2,Pde9a,Galnt12,,,,,,Med11,Gfpt1,Chst2,,,,,,,,,,,,
Emcn,Aff3,Rb1,Lima1,Nat8l,,,,,,Zfp36,Lmo2,Gm16083,,,,,,,,,,,,
Tbl1x,Cdc42se1,Cenpq,Evc,Rgmb,,,,,,Tax1bp3,8430406I07Rik,Rtkn,,,,,,,,,,,,
Trip6,Clec4e,Sumo2,Nkain3,Bre,,,,,,Gbp8,BC026585,Dcun1d1,,,,,,,,,,,,
Hs2st1,Luc7l3,Skp2,Smtnl1,Zfp7,,,,,,5830428H23Rik,Echdc1,Scd2,,,,,,,,,,,,
Psma8,Pgls,Sfpq,Camkk1,Tmlhe,,,,,,Kif1b,Samd12,2900005J15Rik,,,,,,,,,,,,
Triobp,Ddx28,Fbl,Dhrs11,Rp2,,,,,,Kat6b,D630039A03Rik,Rnasel,,,,,,,,,,,,
Evx2,Clic1,Metap2,Arhgap28,Card10,,,,,,Cd1d1,Copz2,Il18,,,,,,,,,,,,
Il27ra,Ccdc125,Tifab,Ube2e2,Tmem2,,,,,,Ly6a,Tmem140,Plscr2,,,,,,,,,,,,
Mink1,Grb2,Eif4enif1,Gbp8,Slc12a9,,,,,,Hid1,Fam110b,Ppic,,,,,,,,,,,,
Gata2,Sf3b6,Farsa,Ebi3,Zfyve16,,,,,,Cd200r1,Ghitm,Hoxa9,,,,,,,,,,,,
Fcho2,Mrvi1,Ggta1,Cnn2,Tsnax,,,,,,Slc25a44,Tmem218,Gatsl2,,,,,,,,,,,,
Usp46,Ccr2,Ppp1cc,Pcsk4,Stard7,,,,,,D930015E06Rik,Dnajc16,Itgb3,,,,,,,,,,,,
Tceal8,Lrrc59,Suz12,Slc48a1,Dlg2,,,,,,Gimap8,Lmbr1,Gabarapl1,,,,,,,,,,,,
Efcab14,Hras,Ptcd3,Mamdc2,C1ra,,,,,,Ctsl,Decr1,Msantd4,,,,,,,,,,,,
Fam110c,A230087F16Rik,Dctn6,Agpat3,Ssbp2,,,,,,Rnf167,Parn,Pkn3,,,,,,,,,,,,
Amotl2,Mrpl19,AB041806,Pdxk,Kcnd3,,,,,,ENSMUSG00000097258,Nmt2,Llgl2,,,,,,,,,,,,
B3gat2,Casp6,Hn1,Cldn10,Col4a1,,,,,,Phf8,Casd1,Itga6,,,,,,,,,,,,
Gimap3,Tspo,Hsp90aa1,Cdcp1,Tns2,,,,,,Slfn8,4833408A19Rik,Rps26,,,,,,,,,,,,
Card19,Emid1,Nxpe2,Glipr1l1,AI606181,,,,,,Prpf39,Plxnc1,Pomk,,,,,,,,,,,,
Ehd4,Rusc1,Gtf3c6,Aig1,Adora2b,,,,,,ENSMUSG00000073274,N4bp2l2,Dmd,,,,,,,,,,,,
H1f0,Mrps35,Igfals,Pde6h,Tgif1,,,,,,Smpdl3a,BC020535,Fhl1,,,,,,,,,,,,
H2-T23,Ptrh2,Itga8,Lin54,Panx2,,,,,,Sp100,F2rl3,Nectin4,,,,,,,,,,,,
Traip,Mrpl51,8030442B05Rik,Gas5,Pdlim1,,,,,,Ankrd12,Eif4a2,Il2rg,,,,,,,,,,,,
Irf2bpl,Msh6,Ssrp1,Rab7,Dio2,,,,,,Syne1,Pfkm,Ramp2,,,,,,,,,,,,
Ptpn18,9330159M07Rik,Dazap1,Spr,Pde6h,,,,,,Trim34a,Tmem135,Sft2d2,,,,,,,,,,,,
Phactr1,Adgrl2,Hnrnpu,Pml,Zfp467,,,,,,Arhgap17,Spo11,Rin2,,,,,,,,,,,,
Aldh3a2,Gm43549,Col5a1,Map2k1,Fnip1,,,,,,Ell2,Ranbp17,Pak1,,,,,,,,,,,,
Smo,Ndufb7,Tmed2,Ccdc126,Fzd1,,,,,,Itsn1,Spa17,Ppp1r18,,,,,,,,,,,,
Bdh2,Bard1,Dram1,Itpkb,Ccl9,,,,,,Arid4a,Cd81,Eng,,,,,,,,,,,,
Jund,Hist1h4i,Upf3a,Ptprn,Stx2,,,,,,Hoxb3,Prrg4,Tpst2,,,,,,,,,,,,
Nr1d2,Llph,Chtf18,Rab11a,Max,,,,,,Creb3,Mink1,Mab21l2,,,,,,,,,,,,
Rps18,Ccnf,Prmt7,Card19,Cpa6,,,,,,Kdm5b,Epb4.1l4b,1110046J04Rik,,,,,,,,,,,,
Nceh1,Atp8b4,Tshr,Nicn1,Khsrp,,,,,,Letm2,BC067074,Rab2a,,,,,,,,,,,,
Arhgef6,Panx1,Siglecf,Dusp18,Brip1os,,,,,,Gm12942,Upp1,Serpinb6a,,,,,,,,,,,,
Tpd52,F830045P16Rik,Ndufs6,Wdr89,Gata3,,,,,,Nr6a1,Ebpl,Itga3,,,,,,,,,,,,
Aldh1l1,Stom,Gclm,Eya2,Col16a1,,,,,,Id2,Serpinb6b,Gm13889,,,,,,,,,,,,
Gkap1,Hist1h4a,Adamts17,Kcnv2,Trmt2a,,,,,,Chmp5,Arrdc4,Serpinf1,,,,,,,,,,,,
Plpp2,Mb21d1,Zbed4,Nos1ap,Unc45b,,,,,,Isca1,6230427J02Rik,Efcab14,,,,,,,,,,,,
Cers4,Kif11,Ezh2,Zdhhc9,Erlin2,,,,,,Rbm47,Srxn1,Chil5,,,,,,,,,,,,
Rnasel,Cenpo,Pola2,Gm12185,Arhgap23,,,,,,Zfp60,Fam135a,,,,,,,,,,,,,
Fchsd1,Gins1,Gsr,Mboat2,Jmjd8,,,,,,Gimap6,Selm,,,,,,,,,,,,,
Eid2,Wdr74,Eny2,Hdc,Zbtb3,,,,,,Dpm2,Ldb2,,,,,,,,,,,,,
Rfk,Hes6,Wdr12,Cebpb,Men1,,,,,,Kdelc2,Rora,,,,,,,,,,,,,
Slc18a2,Rasgrp2,Arhgap11a,Neat1,Ccdc51,,,,,,Utrn,V1ra5,,,,,,,,,,,,,
Gbas,Nat9,Pitpnc1,Lysmd2,Chchd10,,,,,,Pnck,Tcfcp2,,,,,,,,,,,,,
Gm4631,Efnb3,Arpc5l,Runx1t1,Atrn,,,,,,Ptprc,2810051F02Rik,,,,,,,,,,,,,
Il2rg,D1Ertd622e,Wbp4,Tmem9,Naca,,,,,,Zcchc10,Dhx32,,,,,,,,,,,,,
Glipr1l1,Oip5,Lpcat2,Faap20,Lst1,,,,,,R3hdm1,Ttpa,,,,,,,,,,,,,
Zbp1,Tamm41,Tcf3,Sft2d2,Bend5,,,,,,Acsl1,Dyrk3,,,,,,,,,,,,,
Fam43a,Letm1,Mb21d1,Fkrp,Ogt,,,,,,Sult1a1,Smarca2,,,,,,,,,,,,,
Aig1,Tk1,Prps1,Fzd8,Lins1,,,,,,Rbm18,Nrk,,,,,,,,,,,,,
Mpdz,Eif4ebp2,Cdc5l,Pnpla8,Slfn8,,,,,,Rnf216,1810048J11Rik,,,,,,,,,,,,,
Pbx3,Tgfb1,Aars,Prkca,Man2c1,,,,,,Ccnt1,Prdm16,,,,,,,,,,,,,
Fam171b,Gm6471,Snhg3,Gbas,Slc35f5,,,,,,Bgn,Tmod3,,,,,,,,,,,,,
Klf6,1110038B12Rik,Slc39a8,Tbl1x,Eid2,,,,,,ENSMUSG00000079143,Zfp161,,,,,,,,,,,,,
Mpzl1,Hypk,Panx1,Kifc3,Ift80,,,,,,Ric1,Pttg1ip,,,,,,,,,,,,,
Rgp1,Chek1,Arap2,Klra4,Hspa12b,,,,,,Rora,Zfp780b,,,,,,,,,,,,,
Nbea,Lamtor2,Suds3,Pbx3,Itm2b,,,,,,Trip4,Wdr5b,,,,,,,,,,,,,
Agpat3,Mis18a,Krtap13-1,Cyp2j6,Ncam1,,,,,,Kdm6b,Cog6,,,,,,,,,,,,,
Ctsb,Topbp1,Tdg,Cadps2,Fam43a,,,,,,Agtrap,6230409E13Rik,,,,,,,,,,,,,
Frmd6,Dnajc9,Rad54b,Kiz,Pepd,,,,,,Tnip3,Dctn5,,,,,,,,,,,,,
Ncoa1,Nup188,1700006J14Rik,Emc1,Acad8,,,,,,Tbc1d8,V1rd20,,,,,,,,,,,,,
Fut10,Crx,Ccdc124,Bbs10,Tcf15,,,,,,Snx18,Car13,,,,,,,,,,,,,
Ensa,Ccdc12,Uchl3,Prcp,Pdgfb,,,,,,6330416G13Rik,Jak1,,,,,,,,,,,,,
Timp3,Tead4,Mbtd1,Sdcbp,Als2cl,,,,,,Procr,Txnip,,,,,,,,,,,,,
H2-Q6,Aspm,2010300C02Rik,Zfp579,Sgms1,,,,,,Lbp,Atpbd4,,,,,,,,,,,,,
Itgb1,Pcnx3,Nudt7,Atp2c1,Agpat4,,,,,,Trim30a,Xlr3a,,,,,,,,,,,,,
Cbfa2t3,Ranbp1,Olr1,Gys1,Sdad1,,,,,,2310001H17Rik,Rwdd3,,,,,,,,,,,,,
Crim1,Ltf,Gid8,Epsti1,Sesn1,,,,,,Tgtp2,Hlf,,,,,,,,,,,,,
Prdx6,Nktr,Nrbf2,Nf2,Xk,,,,,,Pygl,Irak1bp1,,,,,,,,,,,,,
Ms4a13,Fbl,Nars,Slc25a22,Galnt11,,,,,,Serpinb9,Arhgef5,,,,,,,,,,,,,
Dusp3,B4galnt1,Hnrnpd,Pcolce2,Ahctf1,,,,,,Ndrg2,Rbm43,,,,,,,,,,,,,
Pdxk,Rab44,Mrpl3,Lst1,Plekhm1,,,,,,Irf9,Ifitm1,,,,,,,,,,,,,
Gm13177,Sox4,Lmnb1,Itm2a,Rexo2,,,,,,Lurap1,Fscn1,,,,,,,,,,,,,
Rps15,Ciapin1,Abat,Paqr7,Mdh1,,,,,,Smap2,Fam109b,,,,,,,,,,,,,
Ginm1,Cycs,Fam133b,Smim14,Sdhaf4,,,,,,Ctns,Pbx3,,,,,,,,,,,,,
Tpst2,Mthfd1l,Pdcd4,Fam219b,Sepsecs,,,,,,ENSMUSG00000073867,Hspa4l,,,,,,,,,,,,,
Zbtb20,Arhgef39,Dhx15,Nat8f3,Rpap3,,,,,,Rnf214,Rgs18,,,,,,,,,,,,,
Rbm38,C1qbp,Cd47,Gbp2,C130026I21Rik,,,,,,Ifngr1,Ltb,,,,,,,,,,,,,
Chst7,Aqp9,Inip,Fkbp7,Ddx58,,,,,,Cers4,Ptrf,,,,,,,,,,,,,
Sgms1,Gm2a,Uchl5,Timp2,Edar,,,,,,Bin3,Lyplal1,,,,,,,,,,,,,
Tox,Cuta,4930558C23Rik,Padi4,Cyp20a1,,,,,,Cox7a2l,Sdc2,,,,,,,,,,,,,
Cyp2j9,Cypt15,Mthfd1,Wbscr27,Fgf12,,,,,,Tubb6,Cox7a2l,,,,,,,,,,,,,
Rchy1,Hba-a1,Papd4,Tes,Mfng,,,,,,Xbp1,Gcnt2,,,,,,,,,,,,,
Ube2e2,Sh3bgrl,Mdh2,Rplp0,Zfp46,,,,,,Eya2,Procr,,,,,,,,,,,,,
Lrrc56,Scamp3,Hsd11b1,Gspt2,Gm9830,,,,,,Trim65,Gabarapl1,,,,,,,,,,,,,
Pex11a,Ndufb2,Rims4,Traip,Gpr35,,,,,,Ccser2,Rras2,,,,,,,,,,,,,
Cldn12,Kcnn2,Klhl12,Dennd2d,Zfp689,,,,,,Lima1,Scfd1,,,,,,,,,,,,,
Tmem194,Eef1e1,Psme3,Acox1,Kcmf1,,,,,,Ctsb,Zfp827,,,,,,,,,,,,,
Gm11837,Arhgap33,Lig1,Mier1,Cytip,,,,,,Cd24a,Zfp111,,,,,,,,,,,,,
Ppa1,Fam78a,Trpm5,Capg,4930480K23Rik,,,,,,Cyth4,Obfc2b,,,,,,,,,,,,,
Evc,Platr6,Pole2,Timp3,Spcs2,,,,,,ENSMUSG00000044867,Socs2,,,,,,,,,,,,,
Lrrc16a,Cdkl3,Polr2d,Actn3,Stxbp4,,,,,,Ube2f,Dock7,,,,,,,,,,,,,
Maff,Tuba4a,Znhit3,Adgrd1,Acbd5,,,,,,Ezh1,Gnb5,,,,,,,,,,,,,
Nos1ap,A230028O05Rik,Stil,Tas2r124,1700029J07Rik,,,,,,Cdc26,Pi4ka,,,,,,,,,,,,,
Dbnl,Tada2b,Emc10,Trpc6,Sh3yl1,,,,,,Hoxb5,Zrsr1,,,,,,,,,,,,,
Nrap,Fam111a,Gypa,Gm12942,Gcnt2,,,,,,Cyp4f13,4833442J19Rik,,,,,,,,,,,,,
Chil6,Sssca1,Trmt6,Dio1,Pid1,,,,,,Nsun4,EG625110,,,,,,,,,,,,,
Cetn4,Ccz1,Sgms2,Neurl3,Flcn,,,,,,Gpn1,Grinl1a,,,,,,,,,,,,,
Plekho2,Snhg3,Rfx6,Gm6297,Hnrnpc,,,,,,Mettl7a1,St14,,,,,,,,,,,,,
Irak3,1700006J14Rik,Casp6,Mctp1,Usp3,,,,,,Slc25a36,Tjp2,,,,,,,,,,,,,
Gm26870,Cmklr1,Ccnb1,Psap,Rasip1,,,,,,Oasl2,Acsl3,,,,,,,,,,,,,
Sord,Ctcflos,Nudt21,Csrp2,Tjp1,,,,,,Slc22a18,Serhl,,,,,,,,,,,,,
1700021P04Rik,Srpk1,Bid,Cecr2,Fam45a,,,,,,Lst1,Hey1,,,,,,,,,,,,,
Slc2a3,Ms4a3,Metrn,Utrn,Rab11fip2,,,,,,Trib3,Stox1,,,,,,,,,,,,,
Capn5,Stil,Poc1a,Pcbd1,Atp1a1,,,,,,Inpp4a,Pus3,,,,,,,,,,,,,
Tbkbp1,Mrps28,Ssr2,Orai1,Il6st,,,,,,Il2rg,2310016E02Rik,,,,,,,,,,,,,
Pde9a,Smim5,Hnrnpc,Syt11,Hs3st1,,,,,,Samhd1,Fam184a,,,,,,,,,,,,,
Pcmtd1,Rbm3,Taok3,Tmbim4,Mecomos,,,,,,Tsc22d1,Cln6,,,,,,,,,,,,,
Tpst1,Spc24,Dot1l,Zfp952,Rcan1,,,,,,Epb4.1l4b,Olfr930,,,,,,,,,,,,,
Prkd3,Ssrp1,Mrpl55,Tnfsf12,Hmgn3,,,,,,Cytip,Zkscan5,,,,,,,,,,,,,
Srr,Cbx3,Itgbl1,Adad1,Thbd,,,,,,Ecscr,Arpp19,,,,,,,,,,,,,
Med31,Mylk3,2310005E17Rik,Prnp,4930415F15Rik,,,,,,Araf,Cfdp1,,,,,,,,,,,,,
Tm9sf3,Cox7b,Zcwpw1,Trav21-dv12,Pogz,,,,,,St7,Stx12,,,,,,,,,,,,,
Mamdc2,Arl11,Tmem147,Ncoa7,Ndel1,,,,,,Traf3ip3,Bbs12,,,,,,,,,,,,,
Pomgnt2,Slbp,Med21,Ipo11,Dbhos,,,,,,Gstm1,Ifi44,,,,,,,,,,,,,
Pld1,Ndufb8,Fis1,Pkp4,Fchsd1,,,,,,Rock2,Clec1a,,,,,,,,,,,,,
Nrarp,2810408I11Rik,Add2,Tm4sf1,Nrap,,,,,,ENSMUSG00000041481,Dst,,,,,,,,,,,,,
Gm16702,Gse1,Nup93,Mt2,Frmd6,,,,,,Il16,Mettl4,,,,,,,,,,,,,
Rmdn1,Tomm40,Ptpn11,Slc6a6,Nsf,,,,,,Tspan14,Zmynd11,,,,,,,,,,,,,
Polb,Gm5616,Serf2,Nab1,Il1f9,,,,,,Impact,Acat1,,,,,,,,,,,,,
Grid1,Spag5,Itpripl1,Luzp1,Rbm4b,,,,,,Trim41,Ly6a,,,,,,,,,,,,,
Tmem52,Gtf3c6,Mmp19,Armcx6,Rps6ka2,,,,,,Arglu1,9130008F23Rik,,,,,,,,,,,,,
Fam210b,Zfp568,Gpr87,Tmem134,Cx3cr1,,,,,,Fam107b,Pkhd1l1,,,,,,,,,,,,,
Gbp5,Zfp518b,Ppat,Slc35e4,,,,,,,Slfn5,Cabc1,,,,,,,,,,,,,
Zfp395,Lsm4,Adam17,Cracr2b,,,,,,,Mcoln2,Vwa5a,,,,,,,,,,,,,
Mageh1,Gmnn,Gm15326,Igf1,,,,,,,Gm4951,2810432L12Rik,,,,,,,,,,,,,
C1ra,Tdg,Cenpm,Tox,,,,,,,Phyh,Bicd1,,,,,,,,,,,,,
Tmem109,Tceb2,Bin1,Robo4,,,,,,,Sepp1,Hdac9,,,,,,,,,,,,,
Cpt1a,Ptp4a3,Plaa,Sfrp1,,,,,,,Vamp4,Nt5c3,,,,,,,,,,,,,
Gm15688,Ccng2,Pyhin1,Uba52,,,,,,,Foxp1,Zc3h8,,,,,,,,,,,,,
Lysmd2,Acss1,Slf1,Hist3h2a,,,,,,,Dtx4,E430025E21Rik,,,,,,,,,,,,,
Cyb5a,Ncapd2,Tctn3,Trip6,,,,,,,Nipbl,Reep6,,,,,,,,,,,,,
Paqr7,Rpf2,Znrf2,Bmpr2,,,,,,,Il15,Fam114a2,,,,,,,,,,,,,
Pygm,Rpl27,Usp1,Camk2n1,,,,,,,Pgpep1,Adamts1,,,,,,,,,,,,,
Fbxo11,E2f4,Mns1,Siae,,,,,,,Ip6k1,Gimap6,,,,,,,,,,,,,
Glrx,Col15a1,Selplg,Dr1,,,,,,,ENSMUSG00000069540,Tgm2,,,,,,,,,,,,,
Fam120aos,Usp11,9230105E05Rik,Clstn1,,,,,,,Vipas39,Phlpp,,,,,,,,,,,,,
Ddx17,Rpn2,Fabp5,Atp6v1b2,,,,,,,Rab3il1,Gucy1a3,,,,,,,,,,,,,
Dennd2d,Npepps,Lax1,Tnks1bp1,,,,,,,Abhd14b,Il15ra,,,,,,,,,,,,,
mt-Atp8,Cdca7,Fcgr2b,Amacr,,,,,,,Klc4,Rbbp7,,,,,,,,,,,,,
Prdx4,Trim28,Eif3h,Lamp2,,,,,,,Igf1r,Myd116,,,,,,,,,,,,,
Smad5,Svbp,Gprin1,Grn,,,,,,,Pla2g15,Rhof,,,,,,,,,,,,,
Gm27002,Tshb,Bcas2,Olfr455,,,,,,,Marcks,Hmg20a,,,,,,,,,,,,,
Fcor,Bora,Spcs3,Rnf24,,,,,,,Prrg2,Rabepk,,,,,,,,,,,,,
Zmynd11,Acads,Cd44,Fundc2,,,,,,,Ginm1,Bcs1l,,,,,,,,,,,,,
Neat1,Thop1,Zfp568,Gm13889,,,,,,,Ppox,Mfhas1,,,,,,,,,,,,,
Dlg2,Pdhx,Fam46a,Il18bp,,,,,,,Elk4,1700019E19Rik,,,,,,,,,,,,,
Tas1r3,Orc2,Hyou1,Plcg2,,,,,,,Copz1,Zfp763,,,,,,,,,,,,,
Med28,Hyal3,Ndufs5,4931413I07Rik,,,,,,,Pan3,Seh1l,,,,,,,,,,,,,
Npr1,Ube2m,Thoc6,4933407I08Rik,,,,,,,Ifitm1,Def8,,,,,,,,,,,,,
Gata3,Wasf2,Ica1l,Pim2,,,,,,,ENSMUSG00000064339,Tox,,,,,,,,,,,,,
Gm16140,Tpte,Sf3b1,Tshz1,,,,,,,Gatsl2,Eif2c1,,,,,,,,,,,,,
Rnf24,Umps,Mthfd2,Dcun1d1,,,,,,,Pdzk1ip1,EG626854,,,,,,,,,,,,,
Rom1,Cntrl,Phf10,1110002L01Rik,,,,,,,Ndn,Ldhb,,,,,,,,,,,,,
Sec31a,Lrp1b,2810004N23Rik,Prss54,,,,,,,Irf7,Dpf2,,,,,,,,,,,,,
Nfia,Pkmyt1,Kif11,Pddc1,,,,,,,Pik3cd,2810047C21Rik1,,,,,,,,,,,,,
Gm20642,Arid1a,Ndufab1,Csnk1d,,,,,,,C530008M17Rik,Zfp551,,,,,,,,,,,,,
Ebi3,Gm12916,Ccl9,Gm20319,,,,,,,Ccnl2,Taf1b,,,,,,,,,,,,,
Vps41,Scrn3,Dek,Fscn1,,,,,,,Alkbh5,Gpr56,,,,,,,,,,,,,
Marcks,Dctn6,Rcl1,Klf6,,,,,,,Plin3,Gstm5,,,,,,,,,,,,,
Fnbp1,Kirrel2,Tpm4,Tcrg-C1,,,,,,,Ddx60,Pdlim1,,,,,,,,,,,,,
Wtip,Abcb10,Mapkap1,Nlgn2,,,,,,,Cyp2j9,Pja1,,,,,,,,,,,,,
Akap8,4930455G09Rik,Tubgcp4,Zfp2,,,,,,,Zbtb20,Tgtp,,,,,,,,,,,,,
Sh3gl1,Usf2,Mapt,Aldh6a1,,,,,,,Anxa1,Rcn2,,,,,,,,,,,,,
Faap20,Jph1,Pf4,Chchd7,,,,,,,Paqr7,Vwf,,,,,,,,,,,,,
Pitpnm1,Zbed4,Psmg3,Cytip,,,,,,,ENSMUSG00000097296,Eif5a2,,,,,,,,,,,,,
Anxa7,Ubn1,Lhx5,Ptk2,,,,,,,ENSMUSG00000092250,Ctsw,,,,,,,,,,,,,
Hmgcl,Ltb4r1,Paox,Ak1,,,,,,,Fyco1,Islr,,,,,,,,,,,,,
Scml4,Nfyb,Wdr83,Gnai2,,,,,,,Gfpt2,Nudt11,,,,,,,,,,,,,
Tmem150a,Litaf,Ank1,Tpbpa,,,,,,,Sp140,Rbms2,,,,,,,,,,,,,
Ncor2,Rbmxl1,Exosc5,Kcnk5,,,,,,,Notch2,Fzd6,,,,,,,,,,,,,
St3gal6,Clec12a,Orc2,Rfxap,,,,,,,Gimap5,Dtd1,,,,,,,,,,,,,
Xpo7,Zmym3,Fastkd3,Mkln1,,,,,,,Wtap,Ube2o,,,,,,,,,,,,,
Fjx1,Gm10827,Depdc1b,Cxxc5,,,,,,,Insig1,Pstk,,,,,,,,,,,,,
Tmub2,Prg4,Ube2s,Rpl7,,,,,,,Tbc1d20,BC030046,,,,,,,,,,,,,
Kcnk5,Atp5e,Ctcflos,Ighv6-5,,,,,,,Nfia,Tmem98,,,,,,,,,,,,,
Eef2kmt,Smc3,Cenpi,Ube2g1,,,,,,,Ctsf,Pdgfd,,,,,,,,,,,,,
Exosc4,Kdm4a,Wisp1,Irf2bpl,,,,,,,Hlf,Acat2,,,,,,,,,,,,,
Golga5,Psma6,Oip5,Cnot6l,,,,,,,Zeb1,Rshl2a,,,,,,,,,,,,,
Rpl24,Scin,Zfp277,Shroom4,,,,,,,Mllt3,Bivm,,,,,,,,,,,,,
Gm38404,Hnrnpul2,Cdc25a,Rpl24,,,,,,,Iqgap1,Obsl1,,,,,,,,,,,,,
Txndc15,Nop9,Anln,Olfr894,,,,,,,C1rl,Capsl,,,,,,,,,,,,,
Cd82,Cenpq,Sync,Smpd5,,,,,,,Mecom,Art4,,,,,,,,,,,,,
Plekhb2,Gnb2,Cox7c,Cyth4,,,,,,,Cbx6,Pik3c3,,,,,,,,,,,,,
Lmcd1,Inpp5b,Trp53,Slc9a8,,,,,,,Dennd1c,Rgnef,,,,,,,,,,,,,
Adck3,Gtf2ird1,Piezo1,Ube2l6,,,,,,,Sesn1,C630004H02Rik,,,,,,,,,,,,,
Zbtb4,Dbt,Ice2,Pcgf2,,,,,,,Mxd1,Nrap,,,,,,,,,,,,,
Gspt2,Rnf144a,Asf1a,Gm12374,,,,,,,Clip3,Fam164a,,,,,,,,,,,,,
Foxn3,Has2os,Slc25a21,Dnm3,,,,,,,Map3k5,ENSMUSG00000075240,,,,,,,,,,,,,
Mapk12,Stk11,St3gal5,Plscr2,,,,,,,Birc6,5033414D02Rik,,,,,,,,,,,,,
Pitpna,Fcrl1,Magohb,Gkn3,,,,,,,Eci2,Gstm4,,,,,,,,,,,,,
Akt1,Lsm6,Arhgap19,Cfl2,,,,,,,Crebrf,Dnajb4,,,,,,,,,,,,,
Csrp2,Eif4enif1,Ccne2,1500026H17Rik,,,,,,,Shisa5,4930579K19Rik,,,,,,,,,,,,,
Enpp4,Deb1,Cuta,Zmynd8,,,,,,,Tsc22d3,Zfp229,,,,,,,,,,,,,
Capns1,Tceb1,Ighe,Mansc1,,,,,,,Atp6v1b2,Efnb2,,,,,,,,,,,,,
4930407I10Rik,Ltc4s,Ammecr1,Fam212a,,,,,,,Cpq,Tmtc2,,,,,,,,,,,,,
Adgre5,Cks1brt,Ube2a,H2-T23,,,,,,,Kmt2d,Smyd3,,,,,,,,,,,,,
Trmt2b,Mslnl,Bik,Stk24,,,,,,,Abhd2,Olfr738,,,,,,,,,,,,,
Cyp2j6,4930516B21Rik,Dnajc9,Basp1,,,,,,,Fis1,Gpr64,,,,,,,,,,,,,
Gstt1,Tmem123,Sltm,Tie1,,,,,,,Nceh1,Slc3a2,,,,,,,,,,,,,
Cmtm4,Dhx57,Abcb10,Hoxa3,,,,,,,Pygm,Rhobtb1,,,,,,,,,,,,,
Actn3,Gpr65,Slbp,Rpl36,,,,,,,Tmem173,Aadacl1,,,,,,,,,,,,,
Clpb,Inpp5d,Gm4858,Tmem130,,,,,,,Tnip1,Zfp711,,,,,,,,,,,,,
Wdr89,Rps2,Egln3,Sema7a,,,,,,,H2-T23,AW146020,,,,,,,,,,,,,
S100a4,Nolc1,Psmb6,Rell2,,,,,,,D630039A03Rik,LOC100044195,,,,,,,,,,,,,
Slc25a4,Rad51,Ranbp1,Pabpc4l,,,,,,,4632427E13Rik,Cyr61,,,,,,,,,,,,,
Olfr1465,Xpc,Akap6,Scx,,,,,,,Srxn1,Stx6,,,,,,,,,,,,,
Tsc22d3,Cacng3,Ndufc2,1110008L16Rik,,,,,,,Tbxas1,Gltscr2,,,,,,,,,,,,,
Mrpl4,Ptpre,Paqr9,Twsg1,,,,,,,Slc39a1,Slc48a1,,,,,,,,,,,,,
Gm17677,Msrb1,Pate3,Mef2d,,,,,,,Npc2,Acss2,,,,,,,,,,,,,
Pde2a,Med8,Dazap2,Tmem64,,,,,,,Mtm1,Tbrg1,,,,,,,,,,,,,
Kazald1,Pif1,2010315B03Rik,Pigp,,,,,,,Zbtb4,Clip3,,,,,,,,,,,,,
Mrfap1,Gm32592,Cenpl,Cox7a2l,,,,,,,Baz2b,Tmem176a,,,,,,,,,,,,,
Cfl2,1110059G10Rik,Nhej1,Rdh10,,,,,,,Efna1,Zfp317,,,,,,,,,,,,,
Ppt2,Bag1,Smn1,2010106C02Rik,,,,,,,Tmem50a,Glul,,,,,,,,,,,,,
Rpl11,Lmo4,Gm16194,Col4a1,,,,,,,Tmem176a,Efr3a,,,,,,,,,,,,,
Hspbp1,Csk,Nat2,Aprt,,,,,,,Gata3,Ngfrap1,,,,,,,,,,,,,
Hbegf,Psmd8,Fer1l4,Clec14a,,,,,,,Btg1,Eid1,,,,,,,,,,,,,
Gab1,Gm13814,Hnrnpl,Aip,,,,,,,Hbp1,Zfp512,,,,,,,,,,,,,
Rorc,Cnst,Rfc5,Snx17,,,,,,,Rac2,Por,,,,,,,,,,,,,
Sema7a,Asf1a,Sim1,Epb41l4aos,,,,,,,Jam2,Cab39l,,,,,,,,,,,,,
Cx3cl1,Ypel1,Dcp2,Rhbdd2,,,,,,,Ago4,3110001K24Rik,,,,,,,,,,,,,
Bhlhe41,Trak1,Commd5,Cd9,,,,,,,Irf2,Maoa,,,,,,,,,,,,,
Olfr920,Psmd7,Syk,Dtx3l,,,,,,,Rabep2,Psmd12,,,,,,,,,,,,,
Tecpr1,Csf2rb,Gm16208,Golga5,,,,,,,Lpp,Rarb,,,,,,,,,,,,,
Sdc4,Timm17b,Atp5k,Ndn,,,,,,,Eps8l2,Anxa5,,,,,,,,,,,,,
Olfr1086,Wfdc17,Ccna2,Fam110c,,,,,,,Tgm2,Paip2,,,,,,,,,,,,,
Acot1,Cox10,Cfdp1,Gdf3,,,,,,,Kmt2a,Anapc4,,,,,,,,,,,,,
Slc9a8,Aatk,Rangap1,Aldoc,,,,,,,Scaper,Mina,,,,,,,,,,,,,
Plk2,Timm13,Pcdh11x,Ecscr,,,,,,,Ldhb,Ccnd1,,,,,,,,,,,,,
Pdlim1,Sms,Dhrs13,6330562C20Rik,,,,,,,Dcaf11,Dennd2d,,,,,,,,,,,,,
Ift43,Map3k6,Scin,9330175E14Rik,,,,,,,Irf1,Ccdc60,,,,,,,,,,,,,
A530010F05Rik,Cwc25,Ube2m,Rin2,,,,,,,Csad,Etfdh,,,,,,,,,,,,,
Micall1,Ptpn23,Rasgef1a,5330439B14Rik,,,,,,,Ppp1r16b,BC031353,,,,,,,,,,,,,
Pik3cd,Tmem125,Wdr18,Igf1r,,,,,,,Dus2,Zfp462,,,,,,,,,,,,,
Nr4a2,Mrpl13,Rnf5,Stx7,,,,,,,AW112010,Rbm22,,,,,,,,,,,,,
Rbbp9,Cnot6,Irf2bp2,Pear1,,,,,,,Gba,Hacl1,,,,,,,,,,,,,
Kmt2a,Msh3,Il17ra,Pxn,,,,,,,Prr13,Ripk2,,,,,,,,,,,,,
Cdc23,Hjurp,Tmem92,Adam1b,,,,,,,Use1,Gcnt1,,,,,,,,,,,,,
Rarb,Serf2,Pcmt1,Ttc14,,,,,,,Taf7,Dnajc18,,,,,,,,,,,,,
Olfr510,Rnf182,Selo,Cd302,,,,,,,Ephx1,Mtrf1,,,,,,,,,,,,,
Agt,Atp13a1,Uhrf1bp1l,Fam45a,,,,,,,Ftl1,ENSMUSG00000072769,,,,,,,,,,,,,
Tgfbi,Adm2,Lrrc16a,Ikzf4,,,,,,,9530082P21Rik,Cxx1c,,,,,,,,,,,,,
Pggt1b,Cep83,Wdr74,Zfand3,,,,,,,Acot2,Hsbp1,,,,,,,,,,,,,
Shank3,Psca,Polr2f,H3f3b,,,,,,,Porcn,Zfp184,,,,,,,,,,,,,
1700061E17Rik,Fes,Nsmce4a,Gm3106,,,,,,,Erg,Rnf4,,,,,,,,,,,,,
Arl3,Scrib,Uck2,Rmnd5b,,,,,,,Actb,Grik5,,,,,,,,,,,,,
Pigp,Polr1e,Dpysl4,Trappc9,,,,,,,E130102H24Rik,Pim2,,,,,,,,,,,,,
Kdr,Rmi2,Psmd13,2410006H16Rik,,,,,,,Lyrm5,ENSMUSG00000053218,,,,,,,,,,,,,
Slc6a20a,Fcer1g,Ccnf,Ptprcap,,,,,,,Pard3b,Mylk,,,,,,,,,,,,,
Dirc2,Fus,Cotl1,Ier2,,,,,,,Otub1,Gm447,,,,,,,,,,,,,
Xk,Scap,Shc4,A530032D15Rik,,,,,,,Tcp11l2,Impact,,,,,,,,,,,,,
Stat3,Gpbp1l1,Dbr1,Clstn3,,,,,,,Pnpla7,Reps2,,,,,,,,,,,,,
Gatsl2,Map1a,Cplx3,Psme1,,,,,,,Amz2,Serpinb6a,,,,,,,,,,,,,
Ppp1r9a,Psma2,Olfr608,Elf4,,,,,,,Saraf,Tcea2,,,,,,,,,,,,,
Adgrl4,Aldh9a1,Cpsf2,Gm9493,,,,,,,Arhgdib,Ell2,,,,,,,,,,,,,
BC089597,Cwc15,Ska1,Rnf185,,,,,,,Fbxo44,Itih5,,,,,,,,,,,,,
Eya2,Pola2,Cox5b,Insr,,,,,,,Pnp,Ptk2,,,,,,,,,,,,,
Map1lc3b,Lyve1,Atp5g1,Clip3,,,,,,,Vdr,Ccdc91,,,,,,,,,,,,,
Cog6,Mfsd9,Spta1,Gm16618,,,,,,,Frmd4b,Lphn2,,,,,,,,,,,,,
Dnajc3,Hdac2,Gemin6,Fpgt,,,,,,,Ppm1h,Sord,,,,,,,,,,,,,
Plekhm1,Nmral1,Ndufb4,Rbpms2,,,,,,,Myof,Wdr45,,,,,,,,,,,,,
Impact,Pcdhgb2,Zbtb45,Maff,,,,,,,Ccrl2,Gfpt2,,,,,,,,,,,,,
Zbtb14,Hspa1b,Cox4i1,Rgs18,,,,,,,Mfng,2610018G03Rik,,,,,,,,,,,,,
Aldoa,Baz1b,Polr3c,Vamp5,,,,,,,Dph5,Cat,,,,,,,,,,,,,
Pafah1b1,Uqcrq,Dnajb6,Rpl8,,,,,,,Crebl2,Isoc1,,,,,,,,,,,,,
Gucy1a3,Ass1,Pdf,Ifit1,,,,,,,Pak1,Atp8a1,,,,,,,,,,,,,
Gm26624,Ggt7,Tcof1,Klhdc1,,,,,,,Nudt12,2810002D19Rik,,,,,,,,,,,,,
Pim1,Tuba8,AI427809,Pdgfb,,,,,,,Tlr4,Pls3,,,,,,,,,,,,,
Gramd1c,Pirb,Gm128,Kcnb2,,,,,,,Nadk2,Plekha8,,,,,,,,,,,,,
Jsrp1,Cgnl1,Trnp1,Nfix,,,,,,,Tnfaip8,BC016495,,,,,,,,,,,,,
Gm16014,Gapt,Sclt1,Znrd1as,,,,,,,Pecam1,Scrn1,,,,,,,,,,,,,
Spry1,Il33,Ltv1,Clpb,,,,,,,Tox,Morf4l2,,,,,,,,,,,,,
Plin3,Slit3,Aspm,Smad4,,,,,,,Glul,Nelf,,,,,,,,,,,,,
Lcn5,Btnl9,Cenpn,Lcp1,,,,,,,Sash3,Hspa12b,,,,,,,,,,,,,
Cd164l2,1700052I22Rik,Ttc13,1700037C18Rik,,,,,,,Fam129a,Invs,,,,,,,,,,,,,
Atp8a1,Hnrnpu,Fam111a,Fut10,,,,,,,Tmsb15l,Galnt5,,,,,,,,,,,,,
Mthfsd,Fbll1,Rrs1,Ccndbp1,,,,,,,Dusp2,Serpinf1,,,,,,,,,,,,,
Malat1,Flot1,Ahsa2,Vasp,,,,,,,Enpp5,Btg3,,,,,,,,,,,,,
Prkce,Plppr3,Serp1,Itm2c,,,,,,,Gpr171,Pla2g4a,,,,,,,,,,,,,
Exoc3,Gm13151,Steap3,Terf2,,,,,,,Slc50a1,Meis1,,,,,,,,,,,,,
Ddx20,Map4k1,Slc26a9,Adtrp,,,,,,,Foxo3,Osbpl1a,,,,,,,,,,,,,
Rab7,Plcz1,Nek10,Pianp,,,,,,,Smim24,Bco2,,,,,,,,,,,,,
Gm43698,Fxn,Lyst,Lpar6,,,,,,,Cdkn1b,Hdac1,,,,,,,,,,,,,
Rmnd5b,Plekhf1,Prom1,Pef1,,,,,,,Tmem176b,Morn4,,,,,,,,,,,,,
Dzip3,Mthfd1,Npc2,Armc12,,,,,,,Uba7,Mid2,,,,,,,,,,,,,
Itgae,Cox4i1,Mrps14,Nkx2-3,,,,,,,Obscn,Oas1c,,,,,,,,,,,,,
Gm3411,9330151L19Rik,Tmsb10,Rps19,,,,,,,Ccndbp1,Tceal3,,,,,,,,,,,,,
Rhoc,Cnp,Ccdc96,Eya1,,,,,,,Por,Nat5,,,,,,,,,,,,,
A930005H10Rik,Mif4gd,Sval1,Aph1b,,,,,,,Anxa5,Pgm2,,,,,,,,,,,,,
Il21r,Sec61b,Atad5,Ctsf,,,,,,,Selenbp1,Cyp2j9,,,,,,,,,,,,,
Zfp456,Cox5b,Wsb1,1110012L19Rik,,,,,,,Tnfrsf1a,Map4k3,,,,,,,,,,,,,
Gm42709,Il1r1,Pop1,Crebl2,,,,,,,Fxyd5,Dusp16,,,,,,,,,,,,,
Dhrs11,Jakmip1,Sf1,Pea15a,,,,,,,Ifi44,Wdr47,,,,,,,,,,,,,
Sdhaf2,Farsa,Taldo1,Rgmb,,,,,,,Fcgrt,Ttll7,,,,,,,,,,,,,
Rybp,Ncaph,Acsl5,Exd2,,,,,,,AA986860,Aig1,,,,,,,,,,,,,
Elmo1,Cox7a2,Gtpbp10,Gbp5,,,,,,,9130008F23Rik,Pbx1,,,,,,,,,,,,,
Fkbp7,Bik,Pa2g4,Limd2,,,,,,,Mxra8,4933431E20Rik,,,,,,,,,,,,,
Numa1,Pgd,Sms,Cited2,,,,,,,Map1lc3b,Mcoln2,,,,,,,,,,,,,
Tomm34,Ndufs6,2310061I04Rik,Irf2,,,,,,,Txnip,OTTMUSG00000003456,,,,,,,,,,,,,
Fcgrt,Sel1l2,Grm1,BC031181,,,,,,,Runx1t1,As3mt,,,,,,,,,,,,,
Dusp1,Pole2,Clec10a,Plxna1,,,,,,,Mdh1,Prpf8,,,,,,,,,,,,,
Sgcg,Emb,Vrk1,Cx3cl1,,,,,,,Prkaa2,Enkur,,,,,,,,,,,,,
Wfdc1,Hcst,Cpox,Zbtb20,,,,,,,Renbp,C330018D20Rik,,,,,,,,,,,,,
Rps10,Ccdc62,Gm27153,Ctdsp2,,,,,,,Eef2,Arhgef12,,,,,,,,,,,,,
Pnpla8,Pspc1,Endod1,Hdac11,,,,,,,Dph7,Hdac8,,,,,,,,,,,,,
Capg,Alpk3,Dock8,Reep3,,,,,,,Tspan31,1300010F03Rik,,,,,,,,,,,,,
Tapbpl,Cmip,Nobox,Smcr8,,,,,,,LOC171588,Rbak,,,,,,,,,,,,,
Pttg1ip,Lat,Gm16286,Fam84b,,,,,,,Aldoa,Wfdc2,,,,,,,,,,,,,
Lrrn4,F630028O10Rik,Mrps5,Hspa12b,,,,,,,Gpr56,Sesn1,,,,,,,,,,,,,
Atp6v1d,Adam17,Xylt1,Rpl13-ps3,,,,,,,Mill2,Srebf2,,,,,,,,,,,,,
Pdgfra,Slc38a5,Ube2c,Pld1,,,,,,,Sqstm1,Akr1c13,,,,,,,,,,,,,
Terf2ip,Nup107,H2-Ob,Rtp4,,,,,,,B2m,Fgfbp3,,,,,,,,,,,,,
Apol9b,Gata5,Sod2,Cdkn1b,,,,,,,Tmem167b,Sgms1,,,,,,,,,,,,,
Cpq,Gm5591,Bag1,Glis2,,,,,,,Prom2,Gja1,,,,,,,,,,,,,
Prr5l,Rad51c,Ctsa,B4galt4,,,,,,,Spry2,Zmym6,,,,,,,,,,,,,
1700034G24Rik,Stmn4,Sox2ot,Prl2a1,,,,,,,Tctex1d2,Kdelc1,,,,,,,,,,,,,
Zfp36l2,Mcpt8,Hjurp,Map3k9,,,,,,,Tcn2,Tcf12,,,,,,,,,,,,,
Nefh,Zfp523,Lrp8os3,Wbp2,,,,,,,Cyb5a,Etnk1,,,,,,,,,,,,,
Gm28040,1700057H21Rik,Gm16272,Vpreb2,,,,,,,Ica1l,Ppa1,,,,,,,,,,,,,
Atn1,Gm17705,Slc16a6,Ypel3,,,,,,,Eef1a1,Hoxa5,,,,,,,,,,,,,
Tcrg-C4,Gm1604a,Atxn7l1,Igf2r,,,,,,,Lpin1,Cebpz,,,,,,,,,,,,,
Vegfc,Ppp2r4,Atp6v0c,Insig1,,,,,,,Nr1d1,Ttc21b,,,,,,,,,,,,,
Asap3,Ube2e3,Rbx1,Invs,,,,,,,Pla2g16,Cul1,,,,,,,,,,,,,
Frs3,Hspe1,Zfp605,Rorc,,,,,,,Hsd17b10,BC066107,,,,,,,,,,,,,
Cyth4,Gm17750,Srpk1,Atp11a,,,,,,,Hgfac,Galm,,,,,,,,,,,,,
Padi4,4930453N24Rik,Armcx4,Cd2ap,,,,,,,Art4,Caprin2,,,,,,,,,,,,,
Fam181b,Ikzf2,Utp14a,Dlg2,,,,,,,Rps3a1,Trove2,,,,,,,,,,,,,
Dtx3l,Wdr31,2700038G22Rik,Maged2,,,,,,,ENSMUSG00000089726,Car8,,,,,,,,,,,,,
Morc3,Oog2,Rheb,Rbm18,,,,,,,Gatad1,ENSMUSG00000074066,,,,,,,,,,,,,
Dlgap4,Mbd3,Cxcl1,Tmtc2,,,,,,,Txndc17,Afap1l1,,,,,,,,,,,,,
Zfp449,Nmnat2,Noa1,1500015O10Rik,,,,,,,Ubl7,Rab11a,,,,,,,,,,,,,
Glis2,Aunip,Fbxo5,Calcrl,,,,,,,Rpl7,Rbp1,,,,,,,,,,,,,
Rcn3,Xrcc1,Add3,Eva1b,,,,,,,Gstm5,Mds1,,,,,,,,,,,,,
Vmn1r31,Ercc6l,Sumo3,Fnbp1,,,,,,,Osgin1,Slc25a20,,,,,,,,,,,,,
B930041F14Rik,Psmb5,Lyar,Tmem37,,,,,,,Pcbd1,Ube2cbp,,,,,,,,,,,,,
Nlgn2,Baz1a,Gm13814,Diaph1,,,,,,,Prune2,Tm9sf4,,,,,,,,,,,,,
Vps37d,Lpcat2,Nubp1,Mtmr10,,,,,,,Npepps,Abcc3,,,,,,,,,,,,,
Ifitm7,Cdca2,Plekhf1,Zfp111,,,,,,,Gprasp2,Zfp11,,,,,,,,,,,,,
Sec14l2,Zranb3,Ttc17,Upp2,,,,,,,Rbbp9,Gbp5,,,,,,,,,,,,,
Fastk,Pmaip1,Ccdc178,Jade3,,,,,,,Osbpl1a,Cdcp1,,,,,,,,,,,,,
Otub2,Actl6a,Ube2k,Mbd6,,,,,,,Icam1,4930430F08Rik,,,,,,,,,,,,,
Zfand6,Mical1,Sf3a3,Arhgef3,,,,,,,Tmem141,Sepw1,,,,,,,,,,,,,
Trove2,Arhgef18,Mtus1,Gm13346,,,,,,,Cln3,Kit,,,,,,,,,,,,,
Afap1l1,Mxd4,Psmd10,Nrxn1,,,,,,,Cyp2j6,Elmo3,,,,,,,,,,,,,
Ttc14,Bmp10,Sec11c,Chil5,,,,,,,Maged1,Vmn2r34,,,,,,,,,,,,,
Tmod3,Fhl5,Gm16170,Adgrg6,,,,,,,Phpt1,Suclg2,,,,,,,,,,,,,
Rnf26,Ccdc68,Slc16a11,Ptprm,,,,,,,ENSMUSG00000086179,1110017F19Rik,,,,,,,,,,,,,
Nmt2,Ncapd3,Psma7,Nr4a2,,,,,,,Pglyrp2,Acvr1,,,,,,,,,,,,,
Acp6,Wdr83,Ankrd10,9530082P21Rik,,,,,,,Acaa2,Tmem59,,,,,,,,,,,,,
Trim34a,Hspa12a,Fcho1,Ehd4,,,,,,,Pml,Txndc14,,,,,,,,,,,,,
Wfikkn2,Gm29507,Polr2j,Slc37a1,,,,,,,Abhd14a,Tom1l2,,,,,,,,,,,,,
Chpf2,Gssos1,Cox17,Akt1,,,,,,,Tceal1,Rnf208,,,,,,,,,,,,,
Tmem120b,Rpl28,Klhl34,Bicd1,,,,,,,Tpp1,Pak1,,,,,,,,,,,,,
Tmem40,Med25,Arl11,Tmem38b,,,,,,,4930481A15Rik,Cpt1a,,,,,,,,,,,,,
Rtcb,D5Ertd605e,Pecr,R3hdm4,,,,,,,Meis3,Sqle,,,,,,,,,,,,,
Stard4,Ano5,Mpeg1,Habp4,,,,,,,Chil5,St5,,,,,,,,,,,,,
Arhgef12,Rpa1,Platr6,P2rx1,,,,,,,Stambp,Mitd1,,,,,,,,,,,,,
Sla2,Ddx21,Galk1,Abcb1a,,,,,,,Gstt1,Fbxo21,,,,,,,,,,,,,
Coa7,Ppp6r3,B4galnt1,Srgap3,,,,,,,Matn4,Copb1,,,,,,,,,,,,,
Ccl27a,Myeov2,Zfp101,Pkia,,,,,,,Cpne8,Akr1e1,,,,,,,,,,,,,
Taf7,Vrk2,Brip1,Ifi44,,,,,,,Dkkl1,Stk39,,,,,,,,,,,,,
Gm20089,Ndufs5,Kel,Csad,,,,,,,Snrpn,Rcn3,,,,,,,,,,,,,
Abcb9,Rad21l,St3gal3,Slc18a2,,,,,,,Ly9,Klhdc1,,,,,,,,,,,,,
Smcr8,Slc29a1,Med30,Foxk1,,,,,,,Cd302,BC066028,,,,,,,,,,,,,
Tspan9,Gm28548,Gm26523,Golgb1,,,,,,,Ssh3,Car5b,,,,,,,,,,,,,
D330041H03Rik,Ifnlr1,Lsm8,C2cd4b,,,,,,,3110043O21Rik,Tnfsf9,,,,,,,,,,,,,
Xpnpep3,Gm44854,Dhrs13os,Gm11131,,,,,,,Hhat,Fbxo25,,,,,,,,,,,,,
2700081O15Rik,Seh1l,1700122D07Rik,Tmco4,,,,,,,Slc26a11,Sdpr,,,,,,,,,,,,,
Snhg8,Il1rl1,Bzw1,Gm1123,,,,,,,,Cyp4f16,,,,,,,,,,,,,
Nab2,Tmem217,Gm13485,Tagln,,,,,,,,Adam10,,,,,,,,,,,,,
Fancd2os,Mif,Pi4k2b,Wt1,,,,,,,,Lamc1,,,,,,,,,,,,,
Cyp2c44,Vrk1,Fech,Rbfox2,,,,,,,,Fam119a,,,,,,,,,,,,,
Pcdhb18,Arhgef1,Sdcbp2,Fchsd1,,,,,,,,Slc36a4,,,,,,,,,,,,,
Mmp16,Dock11,Mrvi1,Eid2,,,,,,,,BC023179,,,,,,,,,,,,,
Eif1,Alad,Mrgprd,Frmd4b,,,,,,,,Hscb,,,,,,,,,,,,,
Mmd2,Lsm7,Tmem150cos,Gm11961,,,,,,,,Dnajc7,,,,,,,,,,,,,
Prp2,Rpl8,Cenph,Prrc2b,,,,,,,,Ift52,,,,,,,,,,,,,
4931422A03Rik,Paox,Efcc1,St7l,,,,,,,,Prpf6,,,,,,,,,,,,,
Trmt11,Uqcrc1,Foxe3,Ski,,,,,,,,Gnpda2,,,,,,,,,,,,,
Cyp4f13,Mob3a,Map2k6,Sdc4,,,,,,,,Gpr125,,,,,,,,,,,,,
Olfr1532-ps1,Sdhb,Cstf2,Gata3,,,,,,,,Ndst2,,,,,,,,,,,,,
Gypc,1700003D09Rik,Gpn3,Msmo1,,,,,,,,Cyb5,,,,,,,,,,,,,
Klhdc10,Nek2,Slc26a1,Arf3,,,,,,,,Aldh18a1,,,,,,,,,,,,,
Sqrdl,Atxn7l1,Prim2,Nmur1,,,,,,,,Arhgap6,,,,,,,,,,,,,
Eef2,Rassf1,Ago2,Il16,,,,,,,,Nupr1,,,,,,,,,,,,,
Eid2b,AI504432,Itpa,1810011H11Rik,,,,,,,,3110007F17Rik,,,,,,,,,,,,,
Galnt12,1700030M09Rik,C1qbp,Spry1,,,,,,,,Gns,,,,,,,,,,,,,
Zfp407,Bsn,U2af1,Gm9958,,,,,,,,Auh,,,,,,,,,,,,,
Zdhhc17,Ppp1r14b,Abca9,Snap29,,,,,,,,Akt3,,,,,,,,,,,,,
Alcam,Stk16,Aim1l,Panx2,,,,,,,,Rsad2,,,,,,,,,,,,,
Eif1b,Esco1,Hdhd2,Cfap36,,,,,,,,Tbc1d17,,,,,,,,,,,,,
Dennd2a,Zdhhc13,Agtr1a,9230114J08Rik,,,,,,,,Plcb4,,,,,,,,,,,,,
Lama3,3110001I22Rik,Phgdh,Prr5l,,,,,,,,Nicn1,,,,,,,,,,,,,
Galnt7,Hacd1,Hmha1,Ergic1,,,,,,,,Mapre3,,,,,,,,,,,,,
Uap1,Adamts13,Chd3os,Zbp1,,,,,,,,Ik,,,,,,,,,,,,,
Sis,Sumo2,Psenen,Gpx8,,,,,,,,Klhl6,,,,,,,,,,,,,
Osgin1,Selo,Cisd1,Skap2,,,,,,,,Kdm3a,,,,,,,,,,,,,
Ppp1r18,Parvb,1700063A18Rik,Armc3,,,,,,,,Pccb,,,,,,,,,,,,,
Lamp2,Tubd1,Glrx5,Tmem237,,,,,,,,Ehd2,,,,,,,,,,,,,
0610009E02Rik,Galnt1,Gm11772,Nefh,,,,,,,,Ttc23,,,,,,,,,,,,,
Serpinb6a,Ceacam18,Kremen1,Mroh7,,,,,,,,Lrrc1,,,,,,,,,,,,,
Pfkp,Phgdh,A730020E08Rik,Crtc2,,,,,,,,Tspan4,,,,,,,,,,,,,
Ece1,Edil3,Gm37041,Slc39a6,,,,,,,,Maff,,,,,,,,,,,,,
Actr3b,Smap1,Gm26839,Cd177,,,,,,,,6030445D17Rik,,,,,,,,,,,,,
Sema4b,Rcc2,Serpinb5,D330050G23Rik,,,,,,,,Ctla2b,,,,,,,,,,,,,
Plxna1,Olfr1020,Hgh1,Nfic,,,,,,,,Olfr341,,,,,,,,,,,,,
Rasl11a,Slc12a9,Naip1,Id2,,,,,,,,2700007P21Rik,,,,,,,,,,,,,
Pdgfd,Snrnp70,Gtse1,Gprasp2,,,,,,,,Cops4,,,,,,,,,,,,,
Cxx1a,Pqbp1,Clp1,Gpr157,,,,,,,,Tspan6,,,,,,,,,,,,,
Ctsh,Gm16336,Jakmip1,Neurl1a,,,,,,,,6330577E15Rik,,,,,,,,,,,,,
Cpd,Zyx,Ptbp1,Dnajc3,,,,,,,,2210023G05Rik,,,,,,,,,,,,,
Trim12a,Gm37214,Mis18bp1,Sorbs2,,,,,,,,AV320801,,,,,,,,,,,,,
Msantd1,Sox2ot,Zan,Terf2ip,,,,,,,,B230118H07Rik,,,,,,,,,,,,,
Rps13,Ccdc163,Ubc,Rras,,,,,,,,Sfxn4,,,,,,,,,,,,,
Pla2g4a,Cherp,Gm15581,Rab40c,,,,,,,,Bag2,,,,,,,,,,,,,
Plch1,Carhsp1,Gdpd5,Aff1,,,,,,,,Slc25a4,,,,,,,,,,,,,
Ap4b1,Gdpd5,Bzrap1,Krt32,,,,,,,,Thumpd2,,,,,,,,,,,,,
Smtnl1,H2-M1,Gins1,Lbh,,,,,,,,Tmem60,,,,,,,,,,,,,
Fscn1,Acsbg2,Slirp,Pitpna,,,,,,,,Gulp1,,,,,,,,,,,,,
Skp1a,Pop1,Pcnx3,5330417H12Rik,,,,,,,,2310045A20Rik,,,,,,,,,,,,,
Irf2,Exo1,Csf2rb,Zfp324,,,,,,,,Muc13,,,,,,,,,,,,,
Calml4,Ndufv1,Muc6,Ltf,,,,,,,,Rad9b,,,,,,,,,,,,,
Rhbdd2,AK157302,Npepps,Etv6,,,,,,,,Batf2,,,,,,,,,,,,,
Myadm,Six3,Dlat,Bak1,,,,,,,,8430410K20Rik,,,,,,,,,,,,,
Rpl6,Jmjd4,Apool,Eml4,,,,,,,,Nsfl1c,,,,,,,,,,,,,
Vasp,Gxylt1,Alg5,Cdipt,,,,,,,,Ube3c,,,,,,,,,,,,,
Ebpl,Car6,Srsf6,Zmynd11,,,,,,,,Fbxo32,,,,,,,,,,,,,
Tnks1bp1,Tomt,Arhgef39,Trip10,,,,,,,,Art2b  // Art2b,,,,,,,,,,,,,
Dock9,Commd5,Gp6,Crim1,,,,,,,,Rbpms2,,,,,,,,,,,,,
Ift57,Sod1,2610020H08Rik,Crtap,,,,,,,,Lin7c,,,,,,,,,,,,,
Gm13546,Lrrc8c,Bmx,Gm10735,,,,,,,,Tarsl2,,,,,,,,,,,,,
Lpp,Tcf3,Bsn,6030498E09Rik,,,,,,,,Pkia,,,,,,,,,,,,,
Evi5,Marcksl1,Chchd1,Akap10,,,,,,,,BC051142,,,,,,,,,,,,,
B3gnt8,Lars2,Mis18a,Spink6,,,,,,,,Rbbp9,,,,,,,,,,,,,
Phf1,Hadhb,Ccdc12,Ampd2,,,,,,,,1200014M14Rik,,,,,,,,,,,,,
Csde1,Kdm2b,H2-Q6,Teddm1b,,,,,,,,Galc,,,,,,,,,,,,,
1600025M17Rik,Cyb561d1,Eif2s2,Atp6v1d,,,,,,,,Gnl3l,,,,,,,,,,,,,
Gm10369,Dynlt1a,Gpr26,Msantd4,,,,,,,,Ppm1a,,,,,,,,,,,,,
Gm15083,Sf3b4,Pptc7,Fzd1,,,,,,,,Cpxm1,,,,,,,,,,,,,
Zcchc24,Chil4,Lrpprc,1110037F02Rik,,,,,,,,Cct4,,,,,,,,,,,,,
Pcsk7,Pi4k2b,Rfc3,Arhgef26,,,,,,,,Abi2,,,,,,,,,,,,,
Pcf11,Coa3,Phf5a,Ntrk2,,,,,,,,Rab13,,,,,,,,,,,,,
1700048O20Rik,Ppp1cb,Zfp740,Cdc34b,,,,,,,,Zbtb38,,,,,,,,,,,,,
Ifit3,Gm20546,Pcdhgb2,Eef2,,,,,,,,Zfp27,,,,,,,,,,,,,
Pkd1,Hsp90ab1,Shmt2,Klhl7,,,,,,,,Fmnl2,,,,,,,,,,,,,
Rhoq,Ugdh,Sympk,Tcf25,,,,,,,,Clock,,,,,,,,,,,,,
Wars,Cep128,4930505N22Rik,Rit1,,,,,,,,Map3k12,,,,,,,,,,,,,
Dlx4,Hist1h2aa,Scn2b,Serinc3,,,,,,,,Gtf2i,,,,,,,,,,,,,
Vipr2,Tnfaip1,Gtpbp1,Prdx6,,,,,,,,Cdc42bpa,,,,,,,,,,,,,
Dag1,Rbfa,Alad,Rhbdf1,,,,,,,,Zfp799,,,,,,,,,,,,,
Rab20,Gad1os,Il1r1,Fermt1,,,,,,,,Ppme1,,,,,,,,,,,,,
Adprh,Wnt8b,Anapc5,Ticam1,,,,,,,,Ttc39b,,,,,,,,,,,,,
Spo11,Ttc39d,Ly86,1700023C21Rik,,,,,,,,Nipal2,,,,,,,,,,,,,
Insr,4930579C12Rik,Hypk,Il22ra2,,,,,,,,Rcor3,,,,,,,,,,,,,
Gpr108,C630028M04Rik,Kif14,4922502D21Rik,,,,,,,,Rhoj,,,,,,,,,,,,,
Fam107a,Kcnj5,Parp1,Uchl1,,,,,,,,Nxf2,,,,,,,,,,,,,
Tceal5,Blm,Anp32b,Tmem140,,,,,,,,Med23,,,,,,,,,,,,,
Lamb2,Clec11a,Mical2,Bbs1,,,,,,,,Ift172,,,,,,,,,,,,,
Unc5a,Metrn,Aunip,Dlg5,,,,,,,,S1pr1,,,,,,,,,,,,,
Rnf185,Sfpq,Fam64a,Rab11fip3,,,,,,,,Ahcyl2,,,,,,,,,,,,,
Prpsap2,Trem3,Rin3,Ppp1r11,,,,,,,,Slc17a8,,,,,,,,,,,,,
Mtmr1,Atp6ap2,Mettl8,Tmem158,,,,,,,,Kcnk5,,,,,,,,,,,,,
Itga2,Fitm1,P2ry10,Fcor,,,,,,,,Chchd7,,,,,,,,,,,,,
Rtp4,Hist1h2bc,Gm43920,Chpf2,,,,,,,,Myo1d,,,,,,,,,,,,,
Mctp1,Cd5l,1700009C05Rik,Pqlc2,,,,,,,,Gatad1,,,,,,,,,,,,,
Utrn,Abca7,Olfr283,Prkacb,,,,,,,,Fkbp7,,,,,,,,,,,,,
Vamp4,Cox8a,Dock11,Ifi203,,,,,,,,Mpdz,,,,,,,,,,,,,
9430076C15Rik,1700027F09Rik,Wdr24,Rcn1,,,,,,,,Zfp560,,,,,,,,,,,,,
Gm12301,Snrnp25,Sh2d4b,Abi2,,,,,,,,EG638904,,,,,,,,,,,,,
Gcnt2,Gm15672,Efcab11,Tmem94,,,,,,,,Adamts6,,,,,,,,,,,,,
Lypd5,Lyar,Gm10857,Tnfaip8,,,,,,,,Ift20,,,,,,,,,,,,,
Gm17396,Mis18bp1,Eed,Ankrd13d,,,,,,,,Slc16a12,,,,,,,,,,,,,
Isg20,Coro1a,Frg1,Pdlim5,,,,,,,,Smu1,,,,,,,,,,,,,
Maged2,Ccdc124,Dsn1,Inppl1,,,,,,,,Plscr2,,,,,,,,,,,,,
Il4,Olfr1324,Cab39,Ddit4,,,,,,,,Arhgef9,,,,,,,,,,,,,
Gpr180,A730098A19Rik,Gm17521,Gm16675,,,,,,,,Rps6ka6,,,,,,,,,,,,,
S100a11,Eno4,Prc1,Gm16519,,,,,,,,Eid2,,,,,,,,,,,,,
Smim7,Cp,Trim65,Tlr8,,,,,,,,Vps45,,,,,,,,,,,,,
Arid1b,Tbrg4,Avpr1a,Gm19301,,,,,,,,OTTMUSG00000022410,,,,,,,,,,,,,
1700007B14Rik,Mars2,Drg1,Wdr44,,,,,,,,Gimap5,,,,,,,,,,,,,
Oasl2,Rps19bp1,Krtap19-5,Syf2,,,,,,,,Lama4,,,,,,,,,,,,,
Ift88,Olfr570,Sema5a,Srxn1,,,,,,,,Olfr1444,,,,,,,,,,,,,
Bhlhe40,Polr2i,Ubn1,,,,,,,,,Phldb2,,,,,,,,,,,,,
Ankrd55,Zfp119a,E2f4,,,,,,,,,Nsdhl,,,,,,,,,,,,,
Ankrd63,Galnt10,Ppp1r14b,,,,,,,,,Stx4a,,,,,,,,,,,,,
Ptov1,C4a,Wbscr25,,,,,,,,,Gtpbp8,,,,,,,,,,,,,
Foxred2,Pgm3,BC055324,,,,,,,,,Ahcyl1,,,,,,,,,,,,,
Gm16262,Tmem205,Tekt4,,,,,,,,,Tmem176b,,,,,,,,,,,,,
Uqcrh,Mtpn,Psmb4,,,,,,,,,Eif2c3,,,,,,,,,,,,,
Arhgap28,Gm16091,Olfr389,,,,,,,,,Gprc5b,,,,,,,,,,,,,
4930413E15Rik,Fam189b,Gtf2e2,,,,,,,,,Dhx58,,,,,,,,,,,,,
Lamp1,Sipa1l2,Cxcr4,,,,,,,,,Net1,,,,,,,,,,,,,
6030442E23Rik,Wdr48,Fbxw4,,,,,,,,,Ddx19a,,,,,,,,,,,,,
4931406P16Rik,Dohh,Olfr1388,,,,,,,,,Prps1,,,,,,,,,,,,,
Adm,Cenpp,Fsbp,,,,,,,,,Slc12a2,,,,,,,,,,,,,
Akap10,Gm13872,Bclaf1,,,,,,,,,Dync2li1,,,,,,,,,,,,,
Ifit1,Dock10,Mrpl36,,,,,,,,,Nfia,,,,,,,,,,,,,
Gm44992,Zfp217,Ak6,,,,,,,,,Slc16a2,,,,,,,,,,,,,
Adgrg2,Csrp1,Aga,,,,,,,,,Zscan18,,,,,,,,,,,,,
Gm12216,Abcb4,Med8,,,,,,,,,Ei24,,,,,,,,,,,,,
Igsf11,Sapcd1,Nt5c2,,,,,,,,,Mmp23,,,,,,,,,,,,,
Hspa5,Hpgd,Klkb1,,,,,,,,,5730455O13Rik,,,,,,,,,,,,,
Neto2,Fam78b,Clnkos,,,,,,,,,Zc3h7b,,,,,,,,,,,,,
Phf11d,Calca,Tmem119,,,,,,,,,Itgb6,,,,,,,,,,,,,
Fbxo16,Olfr283,Cldn16,,,,,,,,,Adss,,,,,,,,,,,,,
Gm26600,Cxcr4,Nr1i2,,,,,,,,,5830443L24Rik,,,,,,,,,,,,,
Cd302,Fam221a,Arl6ip6,,,,,,,,,Rnf139,,,,,,,,,,,,,
Prrg2,Lamtor4,Eif3j1,,,,,,,,,2810408M09Rik,,,,,,,,,,,,,
Slc12a2,Fam105a,Tceb1,,,,,,,,,Ascc1,,,,,,,,,,,,,
Def8,Mtif2,Agpat5,,,,,,,,,EG331392,,,,,,,,,,,,,
Tnpo2,Hnrnpc,Atp5a1,,,,,,,,,Batf,,,,,,,,,,,,,
Eva1b,Fndc3b,Dmpk,,,,,,,,,EG666280,,,,,,,,,,,,,
Sacm1l,BC028528,Hk3,,,,,,,,,2310005E10Rik,,,,,,,,,,,,,
Trim5,Zmynd19,Ppp1r37,,,,,,,,,Zfp667,,,,,,,,,,,,,
Abcb1a,Prps2,Cnn3,,,,,,,,,Gm973,,,,,,,,,,,,,
Cdc42bpb,Gpr3,Il12a,,,,,,,,,Pex3,,,,,,,,,,,,,
Fam107b,Tbx21,4930579D09Rik,,,,,,,,,AB041803,,,,,,,,,,,,,
Car2,Tnfaip8l2,Pamr1,,,,,,,,,Irf6,,,,,,,,,,,,,
Apoe,Shfm1,1700030A11Rik,,,,,,,,,Selp,,,,,,,,,,,,,
Gm4841,B020004C17Rik,Spata2,,,,,,,,,D10Wsu102e,,,,,,,,,,,,,
Stau2,Srpk2,Acsm3,,,,,,,,,Zfp788,,,,,,,,,,,,,
Scrn1,Olfr1508,S1pr3,,,,,,,,,3222402P14Rik,,,,,,,,,,,,,
Hmgb4,Itgav,Olfr121,,,,,,,,,Gpr177,,,,,,,,,,,,,
Mill2,9530051G07Rik,Ska3,,,,,,,,,Zfp410,,,,,,,,,,,,,
Gpt2,Med9,Efr3b,,,,,,,,,Prkcdbp,,,,,,,,,,,,,
Selenbp1,Atp5h,Nt5dc2,,,,,,,,,4930506M07Rik,,,,,,,,,,,,,
4933406M09Rik,Taf1c,Tmbim6,,,,,,,,,Fn3k,,,,,,,,,,,,,
Bcas1os2,Ticrr,Naa40,,,,,,,,,4930455F23Rik,,,,,,,,,,,,,
Nbeal2,Ikzf1,Dlx6,,,,,,,,,Zfp286,,,,,,,,,,,,,
Nab1,Gm12462,Rgs9bp,,,,,,,,,Fbxo16,,,,,,,,,,,,,
Nfkbiz,Olfr297,1700039M15Rik,,,,,,,,,Vezf1,,,,,,,,,,,,,
Ubb,Pcna,Ints7,,,,,,,,,Sirt2,,,,,,,,,,,,,
Tpp1,Dph7,Gm21750,,,,,,,,,Gnai1,,,,,,,,,,,,,
Klf4,Gm37459,Myocd,,,,,,,,,Pkp4,,,,,,,,,,,,,
9130008F23Rik,Slc1a5,Farsb,,,,,,,,,Nsg1,,,,,,,,,,,,,
Olfr493,Casp3,Pcx,,,,,,,,,Acp6,,,,,,,,,,,,,
Qrich2,Iqgap1,Cldn34b2,,,,,,,,,Ctnna1,,,,,,,,,,,,,
Vpreb2,Phip,Cd53,,,,,,,,,1600012F09Rik,,,,,,,,,,,,,
Abca5,Atxn2l,Mettl17,,,,,,,,,Zfp37,,,,,,,,,,,,,
Chpf,Acvr1b,Nol6,,,,,,,,,Zc3h14,,,,,,,,,,,,,
Tnks2,Idh3g,Mphosph9,,,,,,,,,F2r,,,,,,,,,,,,,
Abhd5,Gng10,Rrp1b,,,,,,,,,Stxbp1,,,,,,,,,,,,,
Dbndd2,Mettl6,Acot10,,,,,,,,,Tbl1x,,,,,,,,,,,,,
Agpat4,Tfap2b,Suclg1,,,,,,,,,Armcx1,,,,,,,,,,,,,
Ppp1r11,Ubxn1,Psmb5,,,,,,,,,Camk2d,,,,,,,,,,,,,
Ccdc74a,Tspan18,Wdr46,,,,,,,,,Lat,,,,,,,,,,,,,
4930428O21Rik,Tyk2,Gm35507,,,,,,,,,Ncrna00153,,,,,,,,,,,,,
Srpr,Dhrs9,Gm26773,,,,,,,,,Epb4.1,,,,,,,,,,,,,
Nsg1,Gm20757,Msantd2,,,,,,,,,Apool,,,,,,,,,,,,,
Reep3,F8,Gars,,,,,,,,,Galnt6,,,,,,,,,,,,,
Gm13112,Dbf4,Ncf1,,,,,,,,,Chst14,,,,,,,,,,,,,
Rin1,Cndp2,Alyref2,,,,,,,,,Tmem38a,,,,,,,,,,,,,
Insm1,Dtx4,Ccsap,,,,,,,,,Vmn2r37,,,,,,,,,,,,,
Morf4l2,BC030867,Gadd45a,,,,,,,,,Ppp2r2b,,,,,,,,,,,,,
Rplp2,Psmb6,Ptges2,,,,,,,,,Pcyt1b,,,,,,,,,,,,,
Gm10030,Gm15324,Zranb3,,,,,,,,,Pygm,,,,,,,,,,,,,
Gm26774,4930578C19Rik,Bdp1,,,,,,,,,Olfr632,,,,,,,,,,,,,
Grik5,Isyna1,DHRSX,,,,,,,,,Msmp,,,,,,,,,,,,,
Sfxn5,Olfr744,Cfap20,,,,,,,,,Eef2,,,,,,,,,,,,,
Abca15,Rnps1,Unc5c,,,,,,,,,Tjp1,,,,,,,,,,,,,
Xbp1,Atox1,Entpd6,,,,,,,,,4931406C07Rik,,,,,,,,,,,,,
Ifnab,Ltbp2,Slco3a1,,,,,,,,,Fap,,,,,,,,,,,,,
Rps15a,Inip,Sars2,,,,,,,,,Atad1,,,,,,,,,,,,,
Olfr308,Gm21847,Olfr828,,,,,,,,,Tdrkh,,,,,,,,,,,,,
Tmem8,Csf3,Mrps35,,,,,,,,,2400003C14Rik,,,,,,,,,,,,,
Cdh1,Uck1,Cdca2,,,,,,,,,Pcmtd2,,,,,,,,,,,,,
Crispld1,4932414J04Rik,Rad21,,,,,,,,,Slc14a1,,,,,,,,,,,,,
Zfp616,Ppm1g,Gas2l2,,,,,,,,,Ddx58,,,,,,,,,,,,,
Rnd2,Serpinb1b,Gpc4,,,,,,,,,Xrcc4,,,,,,,,,,,,,
Tlcd2,Gm12295,Polr3k,,,,,,,,,Clic4,,,,,,,,,,,,,
Fam134b,Unc5c,Ccng2,,,,,,,,,Ctsl,,,,,,,,,,,,,
Ctnnd1,Rbmx,Inhbb,,,,,,,,,Phlda2,,,,,,,,,,,,,
Tmem55b,Foxk2,Papss2,,,,,,,,,Bdh2,,,,,,,,,,,,,
Erg,Sae1,Bccip,,,,,,,,,Paip1,,,,,,,,,,,,,
Ifi44l,Gm7538,Gm45229,,,,,,,,,Capn3,,,,,,,,,,,,,
Stk3,Mal,Wdsub1,,,,,,,,,Gpx8,,,,,,,,,,,,,
Rgmb,Mapre2,Arl6ip4,,,,,,,,,9130011E15Rik,,,,,,,,,,,,,
Timp2,Trim59,Arhgap44,,,,,,,,,Phc1,,,,,,,,,,,,,
Asb13,Olfr190,Olfr1085,,,,,,,,,Abl1,,,,,,,,,,,,,
Prrc2b,Sap30,Psmb2,,,,,,,,,Thtpa,,,,,,,,,,,,,
Exoc3l,Spink11,Mettl18,,,,,,,,,1810020D17Rik,,,,,,,,,,,,,
4930505K14Rik,Galk1,2900005J15Rik,,,,,,,,,,,,,,,,,,,,,,
Snx6,Lsm8,Prmt3,,,,,,,,,,,,,,,,,,,,,,
Zfand3,Chrna6,Akirin2,,,,,,,,,,,,,,,,,,,,,,
Mast4,Napsa,Gm20753,,,,,,,,,,,,,,,,,,,,,,
Rps12-ps3,Dnah8,Lrp8,,,,,,,,,,,,,,,,,,,,,,
Dync1i2,Nudt7,Lrrc59,,,,,,,,,,,,,,,,,,,,,,
Tfec,Heatr6,U2af1l4,,,,,,,,,,,,,,,,,,,,,,
Olfr971,Eme1,Ptgr1,,,,,,,,,,,,,,,,,,,,,,
Anks6,Hist1h1b,Dennd5b,,,,,,,,,,,,,,,,,,,,,,
Olfr957,Fancd2,Yy2,,,,,,,,,,,,,,,,,,,,,,
Aldh4a1,Casp7,Luc7l3,,,,,,,,,,,,,,,,,,,,,,
Gm43146,Rangap1,Fscn3,,,,,,,,,,,,,,,,,,,,,,
Lpcat3,Clec4f,G0s2,,,,,,,,,,,,,,,,,,,,,,
Ikzf4,Eef1b2,Gm26521,,,,,,,,,,,,,,,,,,,,,,
Dnali1,Trim42,A530058N18Rik,,,,,,,,,,,,,,,,,,,,,,
Vps26a,Gar1,Scgb3a2,,,,,,,,,,,,,,,,,,,,,,
Ccl20,Tmem151b,Arl2bp,,,,,,,,,,,,,,,,,,,,,,
Tie1,Tmem256,9130401M01Rik,,,,,,,,,,,,,,,,,,,,,,
Olfr1055,Eif2s1,Wdr43,,,,,,,,,,,,,,,,,,,,,,
P3h4,Reep5,Gm16055,,,,,,,,,,,,,,,,,,,,,,
Lrpap1,Cds2,Recql4,,,,,,,,,,,,,,,,,,,,,,
Srebf2,Ank3,Cdkl5,,,,,,,,,,,,,,,,,,,,,,
Ripk1,Iglv3,G6pc2,,,,,,,,,,,,,,,,,,,,,,
Crtc1,Chtf18,Usp14,,,,,,,,,,,,,,,,,,,,,,
Ahr,Peg3,Abcb4,,,,,,,,,,,,,,,,,,,,,,
Fpgt,Inpp5f,Gtf2ird1,,,,,,,,,,,,,,,,,,,,,,
Trappc9,Ppp2r5b,Cnot6,,,,,,,,,,,,,,,,,,,,,,
Snx15,Sf3a3,2610028H24Rik,,,,,,,,,,,,,,,,,,,,,,
Olfr1495,Mgat3,Clec5a,,,,,,,,,,,,,,,,,,,,,,
Kif23,Cux1,Dhfr,,,,,,,,,,,,,,,,,,,,,,
Gm42372,Kif15,Ankrd34b,,,,,,,,,,,,,,,,,,,,,,
Sepn1,Sympk,Cks1brt,,,,,,,,,,,,,,,,,,,,,,
Gm26753,Pprc1,Wnt7b,,,,,,,,,,,,,,,,,,,,,,
Mib1,Dpp4,Dscc1,,,,,,,,,,,,,,,,,,,,,,
Tmem106b,Aurkb,Mybl2,,,,,,,,,,,,,,,,,,,,,,
Cdc42bpa,B4galt1,Gapdhs,,,,,,,,,,,,,,,,,,,,,,
Gm11749,Spata22,Mfsd6l,,,,,,,,,,,,,,,,,,,,,,
Smim14,Vars,,,,,,,,,,,,,,,,,,,,,,,
Eif4b,Csrnp2,,,,,,,,,,,,,,,,,,,,,,,
Slc19a1,Tbc1d22bos,,,,,,,,,,,,,,,,,,,,,,,
Vmn1r236,Tmem129,,,,,,,,,,,,,,,,,,,,,,,
1700012I11Rik,Lrrc8dos,,,,,,,,,,,,,,,,,,,,,,,
Dmxl2,Dhfr,,,,,,,,,,,,,,,,,,,,,,,
Mpp6,Bmp15,,,,,,,,,,,,,,,,,,,,,,,
Gm43645,Gp5,,,,,,,,,,,,,,,,,,,,,,,
Stx4a,Dhx9,,,,,,,,,,,,,,,,,,,,,,,
Duxf3,Scnn1g,,,,,,,,,,,,,,,,,,,,,,,
Trpc6,Mta3,,,,,,,,,,,,,,,,,,,,,,,
Orai1,Ubl4a,,,,,,,,,,,,,,,,,,,,,,,
Pi4ka,Olfr398,,,,,,,,,,,,,,,,,,,,,,,
Gm17430,Ak6,,,,,,,,,,,,,,,,,,,,,,,
Fam184a,Tprn,,,,,,,,,,,,,,,,,,,,,,,
Idh3b,Cfap74,,,,,,,,,,,,,,,,,,,,,,,
Kirrel3os,Gprc6a,,,,,,,,,,,,,,,,,,,,,,,
Gp2,Gm11697,,,,,,,,,,,,,,,,,,,,,,,
Gfi1,Tpx2,,,,,,,,,,,,,,,,,,,,,,,
Epm2a,Vmn1r203,,,,,,,,,,,,,,,,,,,,,,,
Cdk14,Gm43735,,,,,,,,,,,,,,,,,,,,,,,
Ttc39b,Cyp2d26,,,,,,,,,,,,,,,,,,,,,,,
Cd276,Cdk5rap2,,,,,,,,,,,,,,,,,,,,,,,
Ctf1,Drg1,,,,,,,,,,,,,,,,,,,,,,,
Atpaf1,Arhgap22,,,,,,,,,,,,,,,,,,,,,,,
Hnrnph3,Prmt7,,,,,,,,,,,,,,,,,,,,,,,
AI314180,Phf23,,,,,,,,,,,,,,,,,,,,,,,
Tjp2,Tmed2,,,,,,,,,,,,,,,,,,,,,,,
Hdac9,Spn,,,,,,,,,,,,,,,,,,,,,,,
S1pr1,Arhgap30,,,,,,,,,,,,,,,,,,,,,,,
Frmd4b,Duxbl3,,,,,,,,,,,,,,,,,,,,,,,
1500009C09Rik,Cxcr2,,,,,,,,,,,,,,,,,,,,,,,
Plekha5,Grm6,,,,,,,,,,,,,,,,,,,,,,,
Gm4981,Ndufs8,,,,,,,,,,,,,,,,,,,,,,,
Slc46a3,Hacd2,,,,,,,,,,,,,,,,,,,,,,,
Ccdc126,Rcc1,,,,,,,,,,,,,,,,,,,,,,,
Gm30459,Ttll3,,,,,,,,,,,,,,,,,,,,,,,
Sash1,4731419I09Rik,,,,,,,,,,,,,,,,,,,,,,,
Ar,B4galt7,,,,,,,,,,,,,,,,,,,,,,,
Rbbp7,Gm14488,,,,,,,,,,,,,,,,,,,,,,,
Dydc2,Zc2hc1c,,,,,,,,,,,,,,,,,,,,,,,
Olfr1329,Zfp513,,,,,,,,,,,,,,,,,,,,,,,
Atf2,Dmxl1,,,,,,,,,,,,,,,,,,,,,,,
Mcfd2,Cd7,,,,,,,,,,,,,,,,,,,,,,,
Gm15411,Mcpt2,,,,,,,,,,,,,,,,,,,,,,,
2410018L13Rik,Necap2,,,,,,,,,,,,,,,,,,,,,,,
Nfic,Olfr944,,,,,,,,,,,,,,,,,,,,,,,
Cyct,Trappc12,,,,,,,,,,,,,,,,,,,,,,,
Rab11b,Tmem208,,,,,,,,,,,,,,,,,,,,,,,
Prkag2,Als2,,,,,,,,,,,,,,,,,,,,,,,
Traf6,Hist1h2ao,,,,,,,,,,,,,,,,,,,,,,,
Sycp1,Pdx1,,,,,,,,,,,,,,,,,,,,,,,
Exd2,Rbm25,,,,,,,,,,,,,,,,,,,,,,,
D930016D06Rik,Snapc4,,,,,,,,,,,,,,,,,,,,,,,
1190005I06Rik,Cchcr1,,,,,,,,,,,,,,,,,,,,,,,
Fuz,Alpi,,,,,,,,,,,,,,,,,,,,,,,
Hpcal1,Fcgr3,,,,,,,,,,,,,,,,,,,,,,,
Otud6b,Cfb,,,,,,,,,,,,,,,,,,,,,,,
Triml1,Hyal2,,,,,,,,,,,,,,,,,,,,,,,
Vmn2r1,Epha6,,,,,,,,,,,,,,,,,,,,,,,
Pfdn5,Xlr3c,,,,,,,,,,,,,,,,,,,,,,,
Gm20707,Oxgr1,,,,,,,,,,,,,,,,,,,,,,,
Ifit1bl1,Vmn1r209,,,,,,,,,,,,,,,,,,,,,,,
Lonp2,Trp53rka,,,,,,,,,,,,,,,,,,,,,,,
Ugt2a3,Grhl1,,,,,,,,,,,,,,,,,,,,,,,
Fut8,Tec,,,,,,,,,,,,,,,,,,,,,,,
Prickle1,Slit2,,,,,,,,,,,,,,,,,,,,,,,
Wipf2,Gm11267,,,,,,,,,,,,,,,,,,,,,,,
Tcf4,Scarb1,,,,,,,,,,,,,,,,,,,,,,,
Cadps2,Ncapg,,,,,,,,,,,,,,,,,,,,,,,
Nts,Cacng5,,,,,,,,,,,,,,,,,,,,,,,
Ylpm1,Hist1h1d,,,,,,,,,,,,,,,,,,,,,,,
4922502D21Rik,Ephx2,,,,,,,,,,,,,,,,,,,,,,,
Mtmr11,Gm20681,,,,,,,,,,,,,,,,,,,,,,,
Peli2,Pitx2,,,,,,,,,,,,,,,,,,,,,,,
Gm5089,Glrx5,,,,,,,,,,,,,,,,,,,,,,,
Tmem9,Cyp2s1,,,,,,,,,,,,,,,,,,,,,,,
Myh10,Blvrb,,,,,,,,,,,,,,,,,,,,,,,
Plekhg6,Cep350,,,,,,,,,,,,,,,,,,,,,,,
Stxbp4,Fanci,,,,,,,,,,,,,,,,,,,,,,,
Batf2,Zfp277,,,,,,,,,,,,,,,,,,,,,,,
Ctla2a,Dsn1,,,,,,,,,,,,,,,,,,,,,,,
Fkbp10,Prkdc,,,,,,,,,,,,,,,,,,,,,,,
Nol12,Pole,,,,,,,,,,,,,,,,,,,,,,,
Olfr235,Ctla4,,,,,,,,,,,,,,,,,,,,,,,
Adam1b,Gm37468,,,,,,,,,,,,,,,,,,,,,,,
BC147527,Cdc5l,,,,,,,,,,,,,,,,,,,,,,,
Tnfaip8,Hhex,,,,,,,,,,,,,,,,,,,,,,,
1700040F17Rik,5830468F06Rik,,,,,,,,,,,,,,,,,,,,,,,
Aco1,Rgs10,,,,,,,,,,,,,,,,,,,,,,,
Rnf4,Elmod2,,,,,,,,,,,,,,,,,,,,,,,
Wdr41,Twistnb,,,,,,,,,,,,,,,,,,,,,,,
Ndnf,Cacna1g,,,,,,,,,,,,,,,,,,,,,,,
Hebp1,Olfr547,,,,,,,,,,,,,,,,,,,,,,,
Avpi1,Gpc6,,,,,,,,,,,,,,,,,,,,,,,
Eif4e,Rell1,,,,,,,,,,,,,,,,,,,,,,,
Eaf1,Sytl1,,,,,,,,,,,,,,,,,,,,,,,
Arf4,Prim2,,,,,,,,,,,,,,,,,,,,,,,
Rsad2,Senp8,,,,,,,,,,,,,,,,,,,,,,,
Galc,1700001N15Rik,,,,,,,,,,,,,,,,,,,,,,,
Parp14,Incenp,,,,,,,,,,,,,,,,,,,,,,,
Gas6,Hdhd2,,,,,,,,,,,,,,,,,,,,,,,
Clstn3,4930555O08Rik,,,,,,,,,,,,,,,,,,,,,,,
Glra3,Ogn,,,,,,,,,,,,,,,,,,,,,,,
Asphd2,Bmpr1b,,,,,,,,,,,,,,,,,,,,,,,
Erp27,Olfr1353,,,,,,,,,,,,,,,,,,,,,,,
Ccdc17,Klhl31,,,,,,,,,,,,,,,,,,,,,,,
Gm10392,Kcnip1,,,,,,,,,,,,,,,,,,,,,,,
Lpar4,Elovl5,,,,,,,,,,,,,,,,,,,,,,,
Chil5,Lpar2,,,,,,,,,,,,,,,,,,,,,,,
5430416O09Rik,Os9,,,,,,,,,,,,,,,,,,,,,,,
Apoh,Hsd11b1,,,,,,,,,,,,,,,,,,,,,,,
Olfr186,Pole4,,,,,,,,,,,,,,,,,,,,,,,
Dkkl1,Atp5l,,,,,,,,,,,,,,,,,,,,,,,
Mllt6,Gm44514,,,,,,,,,,,,,,,,,,,,,,,
Rgs7bp,Hnrnpa1,,,,,,,,,,,,,,,,,,,,,,,
Olfr1392,B3gnt5,,,,,,,,,,,,,,,,,,,,,,,
Rhox13,Gm32950,,,,,,,,,,,,,,,,,,,,,,,
4930521E06Rik,Suz12,,,,,,,,,,,,,,,,,,,,,,,
Anxa6,Trp53inp2,,,,,,,,,,,,,,,,,,,,,,,
Cacna1d,Nanos1,,,,,,,,,,,,,,,,,,,,,,,
Camk2n1,Evi2b,,,,,,,,,,,,,,,,,,,,,,,
Fkrp,Ndc1,,,,,,,,,,,,,,,,,,,,,,,
Unc13d,Cmc2,,,,,,,,,,,,,,,,,,,,,,,
1500026H17Rik,Platr26,,,,,,,,,,,,,,,,,,,,,,,
Gm44597,Naa10,,,,,,,,,,,,,,,,,,,,,,,
Cftr,Slc2a9,,,,,,,,,,,,,,,,,,,,,,,
Pkd1l3,Cdc45,,,,,,,,,,,,,,,,,,,,,,,
Jrk,Ugt2b37,,,,,,,,,,,,,,,,,,,,,,,
Olfr31,Eif3j1,,,,,,,,,,,,,,,,,,,,,,,
Gm7271,Ube2ql1,,,,,,,,,,,,,,,,,,,,,,,
4732414G09Rik,Csnk2b,,,,,,,,,,,,,,,,,,,,,,,
Fmo5,Gm17611,,,,,,,,,,,,,,,,,,,,,,,
Arhgef5,Ccdc47,,,,,,,,,,,,,,,,,,,,,,,
Ubox5,Gm13558,,,,,,,,,,,,,,,,,,,,,,,
Wt1,Capzb,,,,,,,,,,,,,,,,,,,,,,,
Msrb2,4930570N18Rik,,,,,,,,,,,,,,,,,,,,,,,
Pcolce,Prrt2,,,,,,,,,,,,,,,,,,,,,,,
E2f5,Alox5,,,,,,,,,,,,,,,,,,,,,,,
Apba2,Glud1,,,,,,,,,,,,,,,,,,,,,,,
BC107364,Ccp110,,,,,,,,,,,,,,,,,,,,,,,
Olfr177,Apaf1,,,,,,,,,,,,,,,,,,,,,,,
Morc2b,Me2,,,,,,,,,,,,,,,,,,,,,,,
AC149090.1,Dazap1,,,,,,,,,,,,,,,,,,,,,,,
Gnaz,Nubp2,,,,,,,,,,,,,,,,,,,,,,,
Ndfip1,Cyp2c40,,,,,,,,,,,,,,,,,,,,,,,
Pkdrej,Hnrnpa0,,,,,,,,,,,,,,,,,,,,,,,
6030469F06Rik,Smpd4,,,,,,,,,,,,,,,,,,,,,,,
Osbpl9,Gif,,,,,,,,,,,,,,,,,,,,,,,
Zbtb3,Bclaf1,,,,,,,,,,,,,,,,,,,,,,,
Tprg,Hscb,,,,,,,,,,,,,,,,,,,,,,,
Ncdn,Poc1a,,,,,,,,,,,,,,,,,,,,,,,
Uaca,Iqgap3,,,,,,,,,,,,,,,,,,,,,,,
Gm20559,Tpcn1,,,,,,,,,,,,,,,,,,,,,,,
Vwa5a,Rad51ap1,,,,,,,,,,,,,,,,,,,,,,,
Pla2g16,Pdp2,,,,,,,,,,,,,,,,,,,,,,,
Gm13012,Hira,,,,,,,,,,,,,,,,,,,,,,,
Guk1,Pabpn1l,,,,,,,,,,,,,,,,,,,,,,,
Fpr1,Got1,,,,,,,,,,,,,,,,,,,,,,,
Vat1,Ascl5,,,,,,,,,,,,,,,,,,,,,,,
Samsn1,Spag9,,,,,,,,,,,,,,,,,,,,,,,
Ngfrap1,Uba2,,,,,,,,,,,,,,,,,,,,,,,
6430550D23Rik,2310058D17Rik,,,,,,,,,,,,,,,,,,,,,,,
Jag1,Snhg5,,,,,,,,,,,,,,,,,,,,,,,
Etohd2,Olfr78,,,,,,,,,,,,,,,,,,,,,,,
Rab38,Myl12b,,,,,,,,,,,,,,,,,,,,,,,
Dimt1,Rxfp4,,,,,,,,,,,,,,,,,,,,,,,
Pgrmc1,Srsf3,,,,,,,,,,,,,,,,,,,,,,,
Cfap77,Lrrc10b,,,,,,,,,,,,,,,,,,,,,,,
Vkorc1,Ccdc174,,,,,,,,,,,,,,,,,,,,,,,
Abcc1,Snrnp48,,,,,,,,,,,,,,,,,,,,,,,
Mtus1,Stpg3,,,,,,,,,,,,,,,,,,,,,,,
Dstyk,4930535O05Rik,,,,,,,,,,,,,,,,,,,,,,,
3100003L05Rik,Uchl5,,,,,,,,,,,,,,,,,,,,,,,
Zbtb43,Shmt2,,,,,,,,,,,,,,,,,,,,,,,
6030498E09Rik,Cox19,,,,,,,,,,,,,,,,,,,,,,,
Sfxn3,Snx5,,,,,,,,,,,,,,,,,,,,,,,
Hbb-bt,Clec5a,,,,,,,,,,,,,,,,,,,,,,,
Acy3,4930595D18Rik,,,,,,,,,,,,,,,,,,,,,,,
Calcrl,Bcl10,,,,,,,,,,,,,,,,,,,,,,,
Ptpn21,Tst,,,,,,,,,,,,,,,,,,,,,,,
Fli1,Gm45169,,,,,,,,,,,,,,,,,,,,,,,
Vwde,Pdap1,,,,,,,,,,,,,,,,,,,,,,,
Arpin,Rem1,,,,,,,,,,,,,,,,,,,,,,,
2410012E07Rik,Mrpl1,,,,,,,,,,,,,,,,,,,,,,,
Mcl1,Insm2,,,,,,,,,,,,,,,,,,,,,,,
Mettl24,Rpn1,,,,,,,,,,,,,,,,,,,,,,,
Pdzd2,Olfr1330,,,,,,,,,,,,,,,,,,,,,,,
Skiv2l2,Kcnk12,,,,,,,,,,,,,,,,,,,,,,,
Cyp8b1,B3gnt2,,,,,,,,,,,,,,,,,,,,,,,
Gm11714,Atf6b,,,,,,,,,,,,,,,,,,,,,,,
Znfx1,Cenpi,,,,,,,,,,,,,,,,,,,,,,,
Fbxo10,Cxcr5,,,,,,,,,,,,,,,,,,,,,,,
5730480H06Rik,Gm21865,,,,,,,,,,,,,,,,,,,,,,,
Gpr132,Samd4,,,,,,,,,,,,,,,,,,,,,,,
Nr4a1,Nadk,,,,,,,,,,,,,,,,,,,,,,,
Tshz1,Ankrd44,,,,,,,,,,,,,,,,,,,,,,,
Ext2,Lrwd1,,,,,,,,,,,,,,,,,,,,,,,
Igkv10-96,Mcoln3,,,,,,,,,,,,,,,,,,,,,,,
9330185C12Rik,Gm2042,,,,,,,,,,,,,,,,,,,,,,,
Srsf5,Olfr1510,,,,,,,,,,,,,,,,,,,,,,,
Pgap2,Trav9-4,,,,,,,,,,,,,,,,,,,,,,,
Fam129b,Arl6ip1,,,,,,,,,,,,,,,,,,,,,,,
Shroom4,Dhps,,,,,,,,,,,,,,,,,,,,,,,
Tmem181a,Suds3,,,,,,,,,,,,,,,,,,,,,,,
Slc16a2,Gm14228,,,,,,,,,,,,,,,,,,,,,,,
Samt2,Psg29,,,,,,,,,,,,,,,,,,,,,,,
Gdpd3,Agpat5,,,,,,,,,,,,,,,,,,,,,,,
Cldn34b1,Dhrs4,,,,,,,,,,,,,,,,,,,,,,,
Kmo,Fbxo25,,,,,,,,,,,,,,,,,,,,,,,
Tcf25,Vamp8,,,,,,,,,,,,,,,,,,,,,,,
Helq,AW011738,,,,,,,,,,,,,,,,,,,,,,,
Fam234a,Gm8797,,,,,,,,,,,,,,,,,,,,,,,
Nhlrc4,Mkrn2,,,,,,,,,,,,,,,,,,,,,,,
Klrb1c,Prss50,,,,,,,,,,,,,,,,,,,,,,,
Tmem134,Unk,,,,,,,,,,,,,,,,,,,,,,,
Amigo3,Mfsd10,,,,,,,,,,,,,,,,,,,,,,,
Cyp11a1,Abca8b,,,,,,,,,,,,,,,,,,,,,,,
Serpinb8,Pkd1l2,,,,,,,,,,,,,,,,,,,,,,,
Rhobtb3,Atp5f1,,,,,,,,,,,,,,,,,,,,,,,
Kdelr1,Fbxl6,,,,,,,,,,,,,,,,,,,,,,,
Pde4dip,Prps1,,,,,,,,,,,,,,,,,,,,,,,
5330411O13Rik,Pfdn6,,,,,,,,,,,,,,,,,,,,,,,
Gm12764,Spaca1,,,,,,,,,,,,,,,,,,,,,,,
Fam178a,Rhcg,,,,,,,,,,,,,,,,,,,,,,,
Cdc42se2,Rps2-ps6,,,,,,,,,,,,,,,,,,,,,,,
Zfp28,Ddx49,,,,,,,,,,,,,,,,,,,,,,,
Pax6,Vstm4,,,,,,,,,,,,,,,,,,,,,,,
Mettl25,Serpinc1,,,,,,,,,,,,,,,,,,,,,,,
Klhl21,Gak,,,,,,,,,,,,,,,,,,,,,,,
Toe1,Slf1,,,,,,,,,,,,,,,,,,,,,,,
Gm16104,A430093F15Rik,,,,,,,,,,,,,,,,,,,,,,,
Pkd2,1700016G14Rik,,,,,,,,,,,,,,,,,,,,,,,
Wbp2,Tsc22d4,,,,,,,,,,,,,,,,,,,,,,,
Vcpkmt,Hey1,,,,,,,,,,,,,,,,,,,,,,,
Olfr1472,Phf5a,,,,,,,,,,,,,,,,,,,,,,,
Ndst1,Piga,,,,,,,,,,,,,,,,,,,,,,,
Ifnb1,Rad54l,,,,,,,,,,,,,,,,,,,,,,,
Hspa12b,Myo1b,,,,,,,,,,,,,,,,,,,,,,,
Fam160b1,Cdca3,,,,,,,,,,,,,,,,,,,,,,,
Lrrc55,Nexn,,,,,,,,,,,,,,,,,,,,,,,
1810013L24Rik,4933404K08Rik,,,,,,,,,,,,,,,,,,,,,,,
Vmn1r13,Tmprss3,,,,,,,,,,,,,,,,,,,,,,,
Prdm16,Nrbf2,,,,,,,,,,,,,,,,,,,,,,,
Faf1,Il31ra,,,,,,,,,,,,,,,,,,,,,,,
Asb5,Ezr,,,,,,,,,,,,,,,,,,,,,,,
Slc31a1,Nr2c2ap,,,,,,,,,,,,,,,,,,,,,,,
Rps6,Card14,,,,,,,,,,,,,,,,,,,,,,,
Ubr3,Sgtb,,,,,,,,,,,,,,,,,,,,,,,
Sh3bgrl2,Olfr134,,,,,,,,,,,,,,,,,,,,,,,
Luzp1,Clta,,,,,,,,,,,,,,,,,,,,,,,
Ube2l6,Aimp2,,,,,,,,,,,,,,,,,,,,,,,
Pik3ip1,Prr22,,,,,,,,,,,,,,,,,,,,,,,
Trdc,Ipo5,,,,,,,,,,,,,,,,,,,,,,,
Cebpb,Prph2,,,,,,,,,,,,,,,,,,,,,,,
Wnt2b,Olfr689,,,,,,,,,,,,,,,,,,,,,,,
Mobp,Gm19667,,,,,,,,,,,,,,,,,,,,,,,
Fgd1,Gm26571,,,,,,,,,,,,,,,,,,,,,,,
Bbx,Stard3,,,,,,,,,,,,,,,,,,,,,,,
Pwp1,Tectb,,,,,,,,,,,,,,,,,,,,,,,
Amacr,Polr1d,,,,,,,,,,,,,,,,,,,,,,,
2610305D13Rik,Adam33,,,,,,,,,,,,,,,,,,,,,,,
Lats2,Clec4a1,,,,,,,,,,,,,,,,,,,,,,,
Olfr103,Slc12a6,,,,,,,,,,,,,,,,,,,,,,,
1700060J05Rik,Tomm22,,,,,,,,,,,,,,,,,,,,,,,
Il1rapl2,Lin9,,,,,,,,,,,,,,,,,,,,,,,
Panx2,Dclre1b,,,,,,,,,,,,,,,,,,,,,,,
Dcun1d1,Mapre1,,,,,,,,,,,,,,,,,,,,,,,
Cbarp,Mrpl12,,,,,,,,,,,,,,,,,,,,,,,
Cfap70,Hirip3,,,,,,,,,,,,,,,,,,,,,,,
Olfr1056,Pin1,,,,,,,,,,,,,,,,,,,,,,,
Lipn,Gm16576,,,,,,,,,,,,,,,,,,,,,,,
Ccdc190,Gm4890,,,,,,,,,,,,,,,,,,,,,,,
Plekho1,Rnase13,,,,,,,,,,,,,,,,,,,,,,,
Upp1,Rrs1,,,,,,,,,,,,,,,,,,,,,,,
Dync2li1,Lrch1,,,,,,,,,,,,,,,,,,,,,,,
Ppdpf,Nono,,,,,,,,,,,,,,,,,,,,,,,
Calcoco1,Haus3,,,,,,,,,,,,,,,,,,,,,,,
Scfd1,Tfap2c,,,,,,,,,,,,,,,,,,,,,,,
Nfat5,Rnf214,,,,,,,,,,,,,,,,,,,,,,,
Arhgef25,6430628N08Rik,,,,,,,,,,,,,,,,,,,,,,,
Robo4,Uqcr11,,,,,,,,,,,,,,,,,,,,,,,
Tfpi,Ap1g2,,,,,,,,,,,,,,,,,,,,,,,
Lrrc47,Syt6,,,,,,,,,,,,,,,,,,,,,,,
Dnajb9,Olfr1262,,,,,,,,,,,,,,,,,,,,,,,
Plscr2,Ogdh,,,,,,,,,,,,,,,,,,,,,,,
5033403H07Rik,Cdc34,,,,,,,,,,,,,,,,,,,,,,,
Slc25a36,Myl12a,,,,,,,,,,,,,,,,,,,,,,,
Rbm3os,Cldn6,,,,,,,,,,,,,,,,,,,,,,,
Ddit4,Znrf2,,,,,,,,,,,,,,,,,,,,,,,
Dctd,Hnrnpa3,,,,,,,,,,,,,,,,,,,,,,,
Ampd3,Arhgap27os1,,,,,,,,,,,,,,,,,,,,,,,
Arxes1,Avpr1a,,,,,,,,,,,,,,,,,,,,,,,
Ptprj,Cfp,,,,,,,,,,,,,,,,,,,,,,,
P3h3,Mettl7a3,,,,,,,,,,,,,,,,,,,,,,,
Ubxn6,Mtf2,,,,,,,,,,,,,,,,,,,,,,,
Atf7ip,Agtr2,,,,,,,,,,,,,,,,,,,,,,,
Tspan13,Wnt2,,,,,,,,,,,,,,,,,,,,,,,
Ebag9,Mrps36,,,,,,,,,,,,,,,,,,,,,,,
Hist1h3d,4930483K19Rik,,,,,,,,,,,,,,,,,,,,,,,
Rab29,5430427O19Rik,,,,,,,,,,,,,,,,,,,,,,,
Tcf20,Foxj1,,,,,,,,,,,,,,,,,,,,,,,
Nfe2l1,Rpl18,,,,,,,,,,,,,,,,,,,,,,,
Foxj2,Abcg5,,,,,,,,,,,,,,,,,,,,,,,
B4galt4,Rufy4,,,,,,,,,,,,,,,,,,,,,,,
Gm42875,Snrnp40,,,,,,,,,,,,,,,,,,,,,,,
N4bp2,Cd180,,,,,,,,,,,,,,,,,,,,,,,
Zfp148,Ttc7,,,,,,,,,,,,,,,,,,,,,,,
Gm15356,Defb34,,,,,,,,,,,,,,,,,,,,,,,
4930445B16Rik,2700060E02Rik,,,,,,,,,,,,,,,,,,,,,,,
Ric8b,Tmed9,,,,,,,,,,,,,,,,,,,,,,,
Sall2,Pip5k1a,,,,,,,,,,,,,,,,,,,,,,,
Pex12,Gm14015,,,,,,,,,,,,,,,,,,,,,,,
Gm16853,Dhx37,,,,,,,,,,,,,,,,,,,,,,,
Tvp23bos,Ugcg,,,,,,,,,,,,,,,,,,,,,,,
Hrk,Naa25,,,,,,,,,,,,,,,,,,,,,,,
Plcg1,Cpb2,,,,,,,,,,,,,,,,,,,,,,,
Tgtp1,Ube2l3,,,,,,,,,,,,,,,,,,,,,,,
Olfr424,Gm21975,,,,,,,,,,,,,,,,,,,,,,,
Cisd3,Ect2,,,,,,,,,,,,,,,,,,,,,,,
Zfp653,Smc4,,,,,,,,,,,,,,,,,,,,,,,
Tifa,Hist1h2ak,,,,,,,,,,,,,,,,,,,,,,,
Xlr,Olfr1200,,,,,,,,,,,,,,,,,,,,,,,
Mt2,Gm13199,,,,,,,,,,,,,,,,,,,,,,,
G2e3,1700022E09Rik,,,,,,,,,,,,,,,,,,,,,,,
Defb45,Caap1,,,,,,,,,,,,,,,,,,,,,,,
Akr1c13,Gm15819,,,,,,,,,,,,,,,,,,,,,,,
Tmem38b,Mark2,,,,,,,,,,,,,,,,,,,,,,,
Enox2,Pmf1,,,,,,,,,,,,,,,,,,,,,,,
Gm44174,1700123O12Rik,,,,,,,,,,,,,,,,,,,,,,,
Olfr1053,Ambn,,,,,,,,,,,,,,,,,,,,,,,
Gbp9,A730045E13Rik,,,,,,,,,,,,,,,,,,,,,,,
1110018N20Rik,Nrp1,,,,,,,,,,,,,,,,,,,,,,,
Hunk,1700020L24Rik,,,,,,,,,,,,,,,,,,,,,,,
Prpf40b,AY512915,,,,,,,,,,,,,,,,,,,,,,,
Klhl4,4930502E09Rik,,,,,,,,,,,,,,,,,,,,,,,
Noc3l,Olfr723,,,,,,,,,,,,,,,,,,,,,,,
Tubb4b,Fam227a,,,,,,,,,,,,,,,,,,,,,,,
Zfp521,Gm12743,,,,,,,,,,,,,,,,,,,,,,,
Pgm2,Mtf1,,,,,,,,,,,,,,,,,,,,,,,
Crtap,Hdac4,,,,,,,,,,,,,,,,,,,,,,,
Atxn7l3b,Pabpc4,,,,,,,,,,,,,,,,,,,,,,,
Gm38112,Ly86,,,,,,,,,,,,,,,,,,,,,,,
Lrfn5,Susd1,,,,,,,,,,,,,,,,,,,,,,,
Aven,Mbtd1,,,,,,,,,,,,,,,,,,,,,,,
Socs5,Vmn1r216,,,,,,,,,,,,,,,,,,,,,,,
Gm15601,Ly6c2,,,,,,,,,,,,,,,,,,,,,,,
Foxd2,Primpol,,,,,,,,,,,,,,,,,,,,,,,
Sfrp1,Fbxw4,,,,,,,,,,,,,,,,,,,,,,,
Slc6a6,Tomm20,,,,,,,,,,,,,,,,,,,,,,,
Cdkal1,Olfr1226,,,,,,,,,,,,,,,,,,,,,,,
Trim6,Nde1,,,,,,,,,,,,,,,,,,,,,,,
A930038B10Rik,Trim16,,,,,,,,,,,,,,,,,,,,,,,
Tmem9b,Pcid2,,,,,,,,,,,,,,,,,,,,,,,
Chrm5,Fam151b,,,,,,,,,,,,,,,,,,,,,,,
Vcpip1,Mmp24,,,,,,,,,,,,,,,,,,,,,,,
Cep57,Pate3,,,,,,,,,,,,,,,,,,,,,,,
Slc4a9,Ppp4c,,,,,,,,,,,,,,,,,,,,,,,
Golga1,9330162B11Rik,,,,,,,,,,,,,,,,,,,,,,,
Plod2,Ccdc178,,,,,,,,,,,,,,,,,,,,,,,
Mug2,Ssb,,,,,,,,,,,,,,,,,,,,,,,
Phyh,Pes1,,,,,,,,,,,,,,,,,,,,,,,
Slc25a20,Slc35c2,,,,,,,,,,,,,,,,,,,,,,,
Eci3,Epha4,,,,,,,,,,,,,,,,,,,,,,,
Ip6k1,Arpc3,,,,,,,,,,,,,,,,,,,,,,,
Trnp1,Pno1,,,,,,,,,,,,,,,,,,,,,,,
Fam3b,Cct2,,,,,,,,,,,,,,,,,,,,,,,
Gm26548,Atp8a2,,,,,,,,,,,,,,,,,,,,,,,
Cdh4,Cfap126,,,,,,,,,,,,,,,,,,,,,,,
4931406B18Rik,Psmg2,,,,,,,,,,,,,,,,,,,,,,,
Igkv12-89,Pbk,,,,,,,,,,,,,,,,,,,,,,,
Ank,Mdc1,,,,,,,,,,,,,,,,,,,,,,,
Sbspon,Dbn1,,,,,,,,,,,,,,,,,,,,,,,
Coro2b,Park7,,,,,,,,,,,,,,,,,,,,,,,
Slc25a14,Gm9780,,,,,,,,,,,,,,,,,,,,,,,
Aprt,Fut7,,,,,,,,,,,,,,,,,,,,,,,
Lima1,Plcd1,,,,,,,,,,,,,,,,,,,,,,,
Fkbp9,Smox,,,,,,,,,,,,,,,,,,,,,,,
Tbc1d4,Atp4b,,,,,,,,,,,,,,,,,,,,,,,
Ttll7,Hacd3,,,,,,,,,,,,,,,,,,,,,,,
Fosb,Rasl10a,,,,,,,,,,,,,,,,,,,,,,,
Apobr,Mrpl36,,,,,,,,,,,,,,,,,,,,,,,
Arrdc4,Olfr1461,,,,,,,,,,,,,,,,,,,,,,,
Gm15336,Gm15684,,,,,,,,,,,,,,,,,,,,,,,
E330009J07Rik,D430042O09Rik,,,,,,,,,,,,,,,,,,,,,,,
A330070K13Rik,Nox1,,,,,,,,,,,,,,,,,,,,,,,
Tle2,Efr3b,,,,,,,,,,,,,,,,,,,,,,,
Gm14393,Banp,,,,,,,,,,,,,,,,,,,,,,,
Tnr,Apcdd1,,,,,,,,,,,,,,,,,,,,,,,
8030423F21Rik,Ighv8-4,,,,,,,,,,,,,,,,,,,,,,,
Fam174b,Xkr4,,,,,,,,,,,,,,,,,,,,,,,
Insl6,Il13ra2,,,,,,,,,,,,,,,,,,,,,,,
A530058N18Rik,Lrrn3,,,,,,,,,,,,,,,,,,,,,,,
Jade2,Kndc1,,,,,,,,,,,,,,,,,,,,,,,
Sap30bpos,Gpsm2,,,,,,,,,,,,,,,,,,,,,,,
Ttc3,1700001J04Rik,,,,,,,,,,,,,,,,,,,,,,,
Calml3,Adam8,,,,,,,,,,,,,,,,,,,,,,,
Pom121l12,Gm16759,,,,,,,,,,,,,,,,,,,,,,,
Tgtp2,Ccdc32,,,,,,,,,,,,,,,,,,,,,,,
Sugp1,Gm816,,,,,,,,,,,,,,,,,,,,,,,
Adrb2,Dpyd,,,,,,,,,,,,,,,,,,,,,,,
Bbc3,Apoc1,,,,,,,,,,,,,,,,,,,,,,,
Kcnmb4os2,Sf3b1,,,,,,,,,,,,,,,,,,,,,,,
Il27,Csnk1g2,,,,,,,,,,,,,,,,,,,,,,,
A730081D07Rik,Purb,,,,,,,,,,,,,,,,,,,,,,,
Ang2,2310031A07Rik,,,,,,,,,,,,,,,,,,,,,,,
Gm14420,Eif3h,,,,,,,,,,,,,,,,,,,,,,,
Slc38a9,Rexo1,,,,,,,,,,,,,,,,,,,,,,,
Tnp1,Hnrnpul1,,,,,,,,,,,,,,,,,,,,,,,
Camk2a,5530400C23Rik,,,,,,,,,,,,,,,,,,,,,,,
Tbx3os1,Zscan10,,,,,,,,,,,,,,,,,,,,,,,
Parp16,4931403G20Rik,,,,,,,,,,,,,,,,,,,,,,,
Gal3st3,Mast3,,,,,,,,,,,,,,,,,,,,,,,
Cmas,Cdv3,,,,,,,,,,,,,,,,,,,,,,,
Dexi,Cel,,,,,,,,,,,,,,,,,,,,,,,
Fas,Mfsd11,,,,,,,,,,,,,,,,,,,,,,,
Stk11ip,U2af1,,,,,,,,,,,,,,,,,,,,,,,
Tmem237,Gm44796,,,,,,,,,,,,,,,,,,,,,,,
4930445N08Rik,,,,,,,,,,,,,,,,,,,,,,,,
Trim44,,,,,,,,,,,,,,,,,,,,,,,,
Csrnp3,,,,,,,,,,,,,,,,,,,,,,,,
Lcp1,,,,,,,,,,,,,,,,,,,,,,,,
Zfp287,,,,,,,,,,,,,,,,,,,,,,,,
Apobec4,,,,,,,,,,,,,,,,,,,,,,,,
Mstn,,,,,,,,,,,,,,,,,,,,,,,,
Clec2e,,,,,,,,,,,,,,,,,,,,,,,,
Gorab,,,,,,,,,,,,,,,,,,,,,,,,
2610042L04Rik,,,,,,,,,,,,,,,,,,,,,,,,
Cops8,,,,,,,,,,,,,,,,,,,,,,,,
Foxl2,,,,,,,,,,,,,,,,,,,,,,,,
2010016I18Rik,,,,,,,,,,,,,,,,,,,,,,,,
6030443J06Rik,,,,,,,,,,,,,,,,,,,,,,,,
Krt87,,,,,,,,,,,,,,,,,,,,,,,,
Aqp5,,,,,,,,,,,,,,,,,,,,,,,,
Spink14,,,,,,,,,,,,,,,,,,,,,,,,
Ighv5-6,,,,,,,,,,,,,,,,,,,,,,,,
Akap2,,,,,,,,,,,,,,,,,,,,,,,,
Spint2,,,,,,,,,,,,,,,,,,,,,,,,
Lpgat1,,,,,,,,,,,,,,,,,,,,,,,,
Gpr34,,,,,,,,,,,,,,,,,,,,,,,,
Zmpste24,,,,,,,,,,,,,,,,,,,,,,,,
Upp2,,,,,,,,,,,,,,,,,,,,,,,,
Ftl1,,,,,,,,,,,,,,,,,,,,,,,,
Olfr622,,,,,,,,,,,,,,,,,,,,,,,,
Bmpr2,,,,,,,,,,,,,,,,,,,,,,,,
Zfp637,,,,,,,,,,,,,,,,,,,,,,,,
Olig3,,,,,,,,,,,,,,,,,,,,,,,,
Atrnl1,,,,,,,,,,,,,,,,,,,,,,,,
Naip2,,,,,,,,,,,,,,,,,,,,,,,,
Atp6v1a,,,,,,,,,,,,,,,,,,,,,,,,
Gm16070,,,,,,,,,,,,,,,,,,,,,,,,
Uba6,,,,,,,,,,,,,,,,,,,,,,,,
Ncam2,,,,,,,,,,,,,,,,,,,,,,,,
Flot2,,,,,,,,,,,,,,,,,,,,,,,,
Tmtc3,,,,,,,,,,,,,,,,,,,,,,,,
Rgl1,,,,,,,,,,,,,,,,,,,,,,,,
Hoxb7,,,,,,,,,,,,,,,,,,,,,,,,
Mag,,,,,,,,,,,,,,,,,,,,,,,,
Adgrd1,,,,,,,,,,,,,,,,,,,,,,,,
Krtap4-9,,,,,,,,,,,,,,,,,,,,,,,,
Cyp2c39,,,,,,,,,,,,,,,,,,,,,,,,
Elmod1,,,,,,,,,,,,,,,,,,,,,,,,
Ldlrad2,,,,,,,,,,,,,,,,,,,,,,,,
Gm1043,,,,,,,,,,,,,,,,,,,,,,,,
Lynx1,,,,,,,,,,,,,,,,,,,,,,,,
Pdlim7,,,,,,,,,,,,,,,,,,,,,,,,
Rltpr,,,,,,,,,,,,,,,,,,,,,,,,
Rras2,,,,,,,,,,,,,,,,,,,,,,,,
Gm26512,,,,,,,,,,,,,,,,,,,,,,,,
Esr1,,,,,,,,,,,,,,,,,,,,,,,,
Ifit2,,,,,,,,,,,,,,,,,,,,,,,,
Fasl,,,,,,,,,,,,,,,,,,,,,,,,
Nox4,,,,,,,,,,,,,,,,,,,,,,,,
Tcf7l1,,,,,,,,,,,,,,,,,,,,,,,,
Gys1,,,,,,,,,,,,,,,,,,,,,,,,
Kbtbd7,,,,,,,,,,,,,,,,,,,,,,,,
,,,,,,,,,,,,,,,,,,,,,,,,
,,,,,,,,,,,,,,,,,,,,,,,,
,,,,,,,,,,,,,,,,,,,,,,,,
,,,,,,,,,,,,,,,,,,,,,,,,
,,,,,,,,,,,,,,,,,,,,,,,,
,,,,,,,,,,,,,,,,,,,,,,,,
,,,,,,,,,,,,,,,,,,,,,,,,
,,,,,,,,,,,,,,,,,,,,,,,,
,,,,,,,,,,,,,,,,,,,,,,,,
,,,,,,,,,,,,,,,,,,,,,,,,
,,,,,,,,,,,,,,,,,,,,,,,,
,,,,,,,,,,,,,,,,,,,,,,,,
,,,,,,,,,,,,,,,,,,,,,,,,
,,,,,,,,,,,,,,,,,,,,,,,,
,,,,,,,,,,,,,,,,,,,,,,,,
,,,,,,,,,,,,,,,,,,,,,,,,
,,,,,,,,,,,,,,,,,,,,,,,,
,,,,,,,,,,,,,,,,,,,,,,,,
,,,,,,,,,,,,,,,,,,,,,,,,
,,,,,,,,,,,,,,,,,,,,,,,,
,,,,,,,,,,,,,,,,,,,,,,,,
,,,,,,,,,,,,,,,,,,,,,,,,
,,,,,,,,,,,,,,,,,,,,,,,,
,,,,,,,,,,,,,,,,,,,,,,,,
,,,,,,,,,,,,,,,,,,,,,,,,
,,,,,,,,,,,,,,,,,,,,,,,,
,,,,,,,,,,,,,,,,,,,,,,,,
,,,,,,,,,,,,,,,,,,,,,,,,
,,,,,,,,,,,,,,,,,,,,,,,,
,,,,,,,,,,,,,,,,,,,,,,,,
,,,,,,,,,,,,,,,,,,,,,,,,
,,,,,,,,,,,,,,,,,,,,,,,,
,,,,,,,,,,,,,,,,,,,,,,,,
,,,,,,,,,,,,,,,,,,,,,,,,
,,,,,,,,,,,,,,,,,,,,,,,,
,,,,,,,,,,,,,,,,,,,,,,,,
,,,,,,,,,,,,,,,,,,,,,,,,
,,,,,,,,,,,,,,,,,,,,,,,,
,,,,,,,,,,,,,,,,,,,,,,,,
,,,,,,,,,,,,,,,,,,,,,,,,
,,,,,,,,,,,,,,,,,,,,,,,,
,,,,,,,,,,,,,,,,,,,,,,,,
,,,,,,,,,,,,,,,,,,,,,,,,
,,,,,,,,,,,,,,,,,,,,,,,,
,,,,,,,,,,,,,,,,,,,,,,,,
,,,,,,,,,,,,,,,,,,,,,,,,
,,,,,,,,,,,,,,,,,,,,,,,,
,,,,,,,,,,,,,,,,,,,,,,,,
,,,,,,,,,,,,,,,,,,,,,,,,
,,,,,,,,,,,,,,,,,,,,,,,,
,,,,,,,,,,,,,,,,,,,,,,,,
,,,,,,,,,,,,,,,,,,,,,,,,
,,,,,,,,,,,,,,,,,,,,,,,,
,,,,,,,,,,,,,,,,,,,,,,,,
,,,,,,,,,,,,,,,,,,,,,,,,
,,,,,,,,,,,,,,,,,,,,,,,,
,,,,,,,,,,,,,,,,,,,,,,,,
,,,,,,,,,,,,,,,,,,,,,,,,
,,,,,,,,,,,,,,,,,,,,,,,,
,,,,,,,,,,,,,,,,,,,,,,,,
,,,,,,,,,,,,,,,,,,,,,,,,
,,,,,,,,,,,,,,,,,,,,,,,,
,,,,,,,,,,,,,,,,,,,,,,,,
,,,,,,,,,,,,,,,,,,,,,,,,
,,,,,,,,,,,,,,,,,,,,,,,,
,,,,,,,,,,,,,,,,,,,,,,,,
,,,,,,,,,,,,,,,,,,,,,,,,
,,,,,,,,,,,,,,,,,,,,,,,,
,,,,,,,,,,,,,,,,,,,,,,,,
,,,,,,,,,,,,,,,,,,,,,,,,
,,,,,,,,,,,,,,,,,,,,,,,,
,,,,,,,,,,,,,,,,,,,,,,,,
,,,,,,,,,,,,,,,,,,,,,,,,
,,,,,,,,,,,,,,,,,,,,,,,,
,,,,,,,,,,,,,,,,,,,,,,,,
,,,,,,,,,,,,,,,,,,,,,,,,
,,,,,,,,,,,,,,,,,,,,,,,,
,,,,,,,,,,,,,,,,,,,,,,,,
,,,,,,,,,,,,,,,,,,,,,,,,
,,,,,,,,,,,,,,,,,,,,,,,,
,,,,,,,,,,,,,,,,,,,,,,,,
,,,,,,,,,,,,,,,,,,,,,,,,
,,,,,,,,,,,,,,,,,,,,,,,,
,,,,,,,,,,,,,,,,,,,,,,,,
,,,,,,,,,,,,,,,,,,,,,,,,
,,,,,,,,,,,,,,,,,,,,,,,,
,,,,,,,,,,,,,,,,,,,,,,,,
,,,,,,,,,,,,,,,,,,,,,,,,
,,,,,,,,,,,,,,,,,,,,,,,,
,,,,,,,,,,,,,,,,,,,,,,,,
,,,,,,,,,,,,,,,,,,,,,,,,
,,,,,,,,,,,,,,,,,,,,,,,,
,,,,,,,,,,,,,,,,,,,,,,,,
,,,,,,,,,,,,,,,,,,,,,,,,
,,,,,,,,,,,,,,,,,,,,,,,,
,,,,,,,,,,,,,,,,,,,,,,,,
,,,,,,,,,,,,,,,,,,,,,,,,
,,,,,,,,,,,,,,,,,,,,,,,,
,,,,,,,,,,,,,,,,,,,,,,,,
,,,,,,,,,,,,,,,,,,,,,,,,
,,,,,,,,,,,,,,,,,,,,,,,,
,,,,,,,,,,,,,,,,,,,,,,,,
,,,,,,,,,,,,,,,,,,,,,,,,
,,,,,,,,,,,,,,,,,,,,,,,,
,,,,,,,,,,,,,,,,,,,,,,,,
,,,,,,,,,,,,,,,,,,,,,,,,
,,,,,,,,,,,,,,,,,,,,,,,,
,,,,,,,,,,,,,,,,,,,,,,,,
,,,,,,,,,,,,,,,,,,,,,,,,
,,,,,,,,,,,,,,,,,,,,,,,,
,,,,,,,,,,,,,,,,,,,,,,,,
,,,,,,,,,,,,,,,,,,,,,,,,
,,,,,,,,,,,,,,,,,,,,,,,,
,,,,,,,,,,,,,,,,,,,,,,,,
,,,,,,,,,,,,,,,,,,,,,,,,
,,,,,,,,,,,,,,,,,,,,,,,,
,,,,,,,,,,,,,,,,,,,,,,,,
,,,,,,,,,,,,,,,,,,,,,,,,
,,,,,,,,,,,,,,,,,,,,,,,,
,,,,,,,,,,,,,,,,,,,,,,,,
,,,,,,,,,,,,,,,,,,,,,,,,
,,,,,,,,,,,,,,,,,,,,,,,,
,,,,,,,,,,,,,,,,,,,,,,,,
,,,,,,,,,,,,,,,,,,,,,,,,
,,,,,,,,,,,,,,,,,,,,,,,,
,,,,,,,,,,,,,,,,,,,,,,,,
,,,,,,,,,,,,,,,,,,,,,,,,
,,,,,,,,,,,,,,,,,,,,,,,,
,,,,,,,,,,,,,,,,,,,,,,,,
,,,,,,,,,,,,,,,,,,,,,,,,
,,,,,,,,,,,,,,,,,,,,,,,,
,,,,,,,,,,,,,,,,,,,,,,,,
,,,,,,,,,,,,,,,,,,,,,,,,
,,,,,,,,,,,,,,,,,,,,,,,,
,,,,,,,,,,,,,,,,,,,,,,,,
,,,,,,,,,,,,,,,,,,,,,,,,
,,,,,,,,,,,,,,,,,,,,,,,,
,,,,,,,,,,,,,,,,,,,,,,,,
,,,,,,,,,,,,,,,,,,,,,,,,
,,,,,,,,,,,,,,,,,,,,,,,,
,,,,,,,,,,,,,,,,,,,,,,,,
,,,,,,,,,,,,,,,,,,,,,,,,
,,,,,,,,,,,,,,,,,,,,,,,,
,,,,,,,,,,,,,,,,,,,,,,,,
,,,,,,,,,,,,,,,,,,,,,,,,
,,,,,,,,,,,,,,,,,,,,,,,,
,,,,,,,,,,,,,,,,,,,,,,,,
,,,,,,,,,,,,,,,,,,,,,,,,
,,,,,,,,,,,,,,,,,,,,,,,,
,,,,,,,,,,,,,,,,,,,,,,,,
,,,,,,,,,,,,,,,,,,,,,,,,
,,,,,,,,,,,,,,,,,,,,,,,,
,,,,,,,,,,,,,,,,,,,,,,,,
,,,,,,,,,,,,,,,,,,,,,,,,
,,,,,,,,,,,,,,,,,,,,,,,,
,,,,,,,,,,,,,,,,,,,,,,,,
,,,,,,,,,,,,,,,,,,,,,,,,
,,,,,,,,,,,,,,,,,,,,,,,,
,,,,,,,,,,,,,,,,,,,,,,,,
,,,,,,,,,,,,,,,,,,,,,,,,
,,,,,,,,,,,,,,,,,,,,,,,,
,,,,,,,,,,,,,,,,,,,,,,,,
,,,,,,,,,,,,,,,,,,,,,,,,
,,,,,,,,,,,,,,,,,,,,,,,,
,,,,,,,,,,,,,,,,,,,,,,,,
,,,,,,,,,,,,,,,,,,,,,,,,
,,,,,,,,,,,,,,,,,,,,,,,,
,,,,,,,,,,,,,,,,,,,,,,,,
,,,,,,,,,,,,,,,,,,,,,,,,
,,,,,,,,,,,,,,,,,,,,,,,,
,,,,,,,,,,,,,,,,,,,,,,,,
,,,,,,,,,,,,,,,,,,,,,,,,
,,,,,,,,,,,,,,,,,,,,,,,,
,,,,,,,,,,,,,,,,,,,,,,,,
,,,,,,,,,,,,,,,,,,,,,,,,
,,,,,,,,,,,,,,,,,,,,,,,,
,,,,,,,,,,,,,,,,,,,,,,,,
,,,,,,,,,,,,,,,,,,,,,,,,
,,,,,,,,,,,,,,,,,,,,,,,,
,,,,,,,,,,,,,,,,,,,,,,,,
,,,,,,,,,,,,,,,,,,,,,,,,
,,,,,,,,,,,,,,,,,,,,,,,,
,,,,,,,,,,,,,,,,,,,,,,,,
,,,,,,,,,,,,,,,,,,,,,,,,
,,,,,,,,,,,,,,,,,,,,,,,,
,,,,,,,,,,,,,,,,,,,,,,,,
,,,,,,,,,,,,,,,,,,,,,,,,
,,,,,,,,,,,,,,,,,,,,,,,,
,,,,,,,,,,,,,,,,,,,,,,,,
,,,,,,,,,,,,,,,,,,,,,,,,
,,,,,,,,,,,,,,,,,,,,,,,,
,,,,,,,,,,,,,,,,,,,,,,,,
,,,,,,,,,,,,,,,,,,,,,,,,
,,,,,,,,,,,,,,,,,,,,,,,,
,,,,,,,,,,,,,,,,,,,,,,,,
,,,,,,,,,,,,,,,,,,,,,,,,
,,,,,,,,,,,,,,,,,,,,,,,,
,,,,,,,,,,,,,,,,,,,,,,,,
,,,,,,,,,,,,,,,,,,,,,,,,
,,,,,,,,,,,,,,,,,,,,,,,,
,,,,,,,,,,,,,,,,,,,,,,,,
,,,,,,,,,,,,,,,,,,,,,,,,
,,,,,,,,,,,,,,,,,,,,,,,,
,,,,,,,,,,,,,,,,,,,,,,,,
,,,,,,,,,,,,,,,,,,,,,,,,
,,,,,,,,,,,,,,,,,,,,,,,,
,,,,,,,,,,,,,,,,,,,,,,,,
,,,,,,,,,,,,,,,,,,,,,,,,
,,,,,,,,,,,,,,,,,,,,,,,,
,,,,,,,,,,,,,,,,,,,,,,,,
,,,,,,,,,,,,,,,,,,,,,,,,
,,,,,,,,,,,,,,,,,,,,,,,,
,,,,,,,,,,,,,,,,,,,,,,,,
,,,,,,,,,,,,,,,,,,,,,,,,
,,,,,,,,,,,,,,,,,,,,,,,,
,,,,,,,,,,,,,,,,,,,,,,,,
,,,,,,,,,,,,,,,,,,,,,,,,
,,,,,,,,,,,,,,,,,,,,,,,,
,,,,,,,,,,,,,,,,,,,,,,,,
,,,,,,,,,,,,,,,,,,,,,,,,
,,,,,,,,,,,,,,,,,,,,,,,,
,,,,,,,,,,,,,,,,,,,,,,,,
,,,,,,,,,,,,,,,,,,,,,,,,
,,,,,,,,,,,,,,,,,,,,,,,,
,,,,,,,,,,,,,,,,,,,,,,,,
,,,,,,,,,,,,,,,,,,,,,,,,
,,,,,,,,,,,,,,,,,,,,,,,,
,,,,,,,,,,,,,,,,,,,,,,,,
,,,,,,,,,,,,,,,,,,,,,,,,
,,,,,,,,,,,,,,,,,,,,,,,,
,,,,,,,,,,,,,,,,,,,,,,,,
,,,,,,,,,,,,,,,,,,,,,,,,
,,,,,,,,,,,,,,,,,,,,,,,,
,,,,,,,,,,,,,,,,,,,,,,,,
,,,,,,,,,,,,,,,,,,,,,,,,
,,,,,,,,,,,,,,,,,,,,,,,,
,,,,,,,,,,,,,,,,,,,,,,,,
,,,,,,,,,,,,,,,,,,,,,,,,
,,,,,,,,,,,,,,,,,,,,,,,,
,,,,,,,,,,,,,,,,,,,,,,,,
,,,,,,,,,,,,,,,,,,,,,,,,
,,,,,,,,,,,,,,,,,,,,,,,,
,,,,,,,,,,,,,,,,,,,,,,,,
,,,,,,,,,,,,,,,,,,,,,,,,
,,,,,,,,,,,,,,,,,,,,,,,,
,,,,,,,,,,,,,,,,,,,,,,,,
,,,,,,,,,,,,,,,,,,,,,,,,
,,,,,,,,,,,,,,,,,,,,,,,,
,,,,,,,,,,,,,,,,,,,,,,,,
,,,,,,,,,,,,,,,,,,,,,,,,
,,,,,,,,,,,,,,,,,,,,,,,,
,,,,,,,,,,,,,,,,,,,,,,,,
,,,,,,,,,,,,,,,,,,,,,,,,
,,,,,,,,,,,,,,,,,,,,,,,,
,,,,,,,,,,,,,,,,,,,,,,,,
,,,,,,,,,,,,,,,,,,,,,,,,
,,,,,,,,,,,,,,,,,,,,,,,,
,,,,,,,,,,,,,,,,,,,,,,,,
,,,,,,,,,,,,,,,,,,,,,,,,
,,,,,,,,,,,,,,,,,,,,,,,,
,,,,,,,,,,,,,,,,,,,,,,,,
,,,,,,,,,,,,,,,,,,,,,,,,
,,,,,,,,,,,,,,,,,,,,,,,,
,,,,,,,,,,,,,,,,,,,,,,,,
,,,,,,,,,,,,,,,,,,,,,,,,
,,,,,,,,,,,,,,,,,,,,,,,,
,,,,,,,,,,,,,,,,,,,,,,,,
,,,,,,,,,,,,,,,,,,,,,,,,
,,,,,,,,,,,,,,,,,,,,,,,,
,,,,,,,,,,,,,,,,,,,,,,,,
,,,,,,,,,,,,,,,,,,,,,,,,
,,,,,,,,,,,,,,,,,,,,,,,,
,,,,,,,,,,,,,,,,,,,,,,,,
,,,,,,,,,,,,,,,,,,,,,,,,
,,,,,,,,,,,,,,,,,,,,,,,,
,,,,,,,,,,,,,,,,,,,,,,,,
,,,,,,,,,,,,,,,,,,,,,,,,
,,,,,,,,,,,,,,,,,,,,,,,,
,,,,,,,,,,,,,,,,,,,,,,,,
,,,,,,,,,,,,,,,,,,,,,,,,
,,,,,,,,,,,,,,,,,,,,,,,,
,,,,,,,,,,,,,,,,,,,,,,,,
,,,,,,,,,,,,,,,,,,,,,,,,
,,,,,,,,,,,,,,,,,,,,,,,,
,,,,,,,,,,,,,,,,,,,,,,,,
,,,,,,,,,,,,,,,,,,,,,,,,
,,,,,,,,,,,,,,,,,,,,,,,,
,,,,,,,,,,,,,,,,,,,,,,,,
,,,,,,,,,,,,,,,,,,,,,,,,
,,,,,,,,,,,,,,,,,,,,,,,,
,,,,,,,,,,,,,,,,,,,,,,,,
,,,,,,,,,,,,,,,,,,,,,,,,
,,,,,,,,,,,,,,,,,,,,,,,,
,,,,,,,,,,,,,,,,,,,,,,,,
,,,,,,,,,,,,,,,,,,,,,,,,
,,,,,,,,,,,,,,,,,,,,,,,,
,,,,,,,,,,,,,,,,,,,,,,,,
,,,,,,,,,,,,,,,,,,,,,,,,
,,,,,,,,,,,,,,,,,,,,,,,,
,,,,,,,,,,,,,,,,,,,,,,,,
,,,,,,,,,,,,,,,,,,,,,,,,
,,,,,,,,,,,,,,,,,,,,,,,,
,,,,,,,,,,,,,,,,,,,,,,,,
,,,,,,,,,,,,,,,,,,,,,,,,
,,,,,,,,,,,,,,,,,,,,,,,,
,,,,,,,,,,,,,,,,,,,,,,,,
,,,,,,,,,,,,,,,,,,,,,,,,
,,,,,,,,,,,,,,,,,,,,,,,,
,,,,,,,,,,,,,,,,,,,,,,,,
,,,,,,,,,,,,,,,,,,,,,,,,
,,,,,,,,,,,,,,,,,,,,,,,,
,,,,,,,,,,,,,,,,,,,,,,,,
,,,,,,,,,,,,,,,,,,,,,,,,
,,,,,,,,,,,,,,,,,,,,,,,,
,,,,,,,,,,,,,,,,,,,,,,,,
,,,,,,,,,,,,,,,,,,,,,,,,
,,,,,,,,,,,,,,,,,,,,,,,,
,,,,,,,,,,,,,,,,,,,,,,,,
,,,,,,,,,,,,,,,,,,,,,,,,
,,,,,,,,,,,,,,,,,,,,,,,,
,,,,,,,,,,,,,,,,,,,,,,,,
,,,,,,,,,,,,,,,,,,,,,,,,
,,,,,,,,,,,,,,,,,,,,,,,,
,,,,,,,,,,,,,,,,,,,,,,,,
,,,,,,,,,,,,,,,,,,,,,,,,
,,,,,,,,,,,,,,,,,,,,,,,,
,,,,,,,,,,,,,,,,,,,,,,,,
,,,,,,,,,,,,,,,,,,,,,,,,
,,,,,,,,,,,,,,,,,,,,,,,,
,,,,,,,,,,,,,,,,,,,,,,,,
,,,,,,,,,,,,,,,,,,,,,,,,
,,,,,,,,,,,,,,,,,,,,,,,,
,,,,,,,,,,,,,,,,,,,,,,,,
,,,,,,,,,,,,,,,,,,,,,,,,
,,,,,,,,,,,,,,,,,,,,,,,,
,,,,,,,,,,,,,,,,,,,,,,,,
,,,,,,,,,,,,,,,,,,,,,,,,
,,,,,,,,,,,,,,,,,,,,,,,,
,,,,,,,,,,,,,,,,,,,,,,,,
,,,,,,,,,,,,,,,,,,,,,,,,
,,,,,,,,,,,,,,,,,,,,,,,,
,,,,,,,,,,,,,,,,,,,,,,,,
,,,,,,,,,,,,,,,,,,,,,,,,
,,,,,,,,,,,,,,,,,,,,,,,,
,,,,,,,,,,,,,,,,,,,,,,,,
,,,,,,,,,,,,,,,,,,,,,,,,
,,,,,,,,,,,,,,,,,,,,,,,,
,,,,,,,,,,,,,,,,,,,,,,,,
,,,,,,,,,,,,,,,,,,,,,,,,
,,,,,,,,,,,,,,,,,,,,,,,,
,,,,,,,,,,,,,,,,,,,,,,,,
,,,,,,,,,,,,,,,,,,,,,,,,
,,,,,,,,,,,,,,,,,,,,,,,,
,,,,,,,,,,,,,,,,,,,,,,,,
,,,,,,,,,,,,,,,,,,,,,,,,
,,,,,,,,,,,,,,,,,,,,,,,,
,,,,,,,,,,,,,,,,,,,,,,,,
,,,,,,,,,,,,,,,,,,,,,,,,
,,,,,,,,,,,,,,,,,,,,,,,,
,,,,,,,,,,,,,,,,,,,,,,,,
,,,,,,,,,,,,,,,,,,,,,,,,
,,,,,,,,,,,,,,,,,,,,,,,,
,,,,,,,,,,,,,,,,,,,,,,,,
,,,,,,,,,,,,,,,,,,,,,,,,
,,,,,,,,,,,,,,,,,,,,,,,,
,,,,,,,,,,,,,,,,,,,,,,,,
,,,,,,,,,,,,,,,,,,,,,,,,
,,,,,,,,,,,,,,,,,,,,,,,,
,,,,,,,,,,,,,,,,,,,,,,,,
,,,,,,,,,,,,,,,,,,,,,,,,
,,,,,,,,,,,,,,,,,,,,,,,,
,,,,,,,,,,,,,,,,,,,,,,,,
,,,,,,,,,,,,,,,,,,,,,,,,
,,,,,,,,,,,,,,,,,,,,,,,,
,,,,,,,,,,,,,,,,,,,,,,,,
,,,,,,,,,,,,,,,,,,,,,,,,
,,,,,,,,,,,,,,,,,,,,,,,,
,,,,,,,,,,,,,,,,,,,,,,,,
,,,,,,,,,,,,,,,,,,,,,,,,
,,,,,,,,,,,,,,,,,,,,,,,,
,,,,,,,,,,,,,,,,,,,,,,,,
,,,,,,,,,,,,,,,,,,,,,,,,
,,,,,,,,,,,,,,,,,,,,,,,,
,,,,,,,,,,,,,,,,,,,,,,,,
,,,,,,,,,,,,,,,,,,,,,,,,
,,,,,,,,,,,,,,,,,,,,,,,,
,,,,,,,,,,,,,,,,,,,,,,,,
,,,,,,,,,,,,,,,,,,,,,,,,
,,,,,,,,,,,,,,,,,,,,,,,,
,,,,,,,,,,,,,,,,,,,,,,,,
,,,,,,,,,,,,,,,,,,,,,,,,
,,,,,,,,,,,,,,,,,,,,,,,,
,,,,,,,,,,,,,,,,,,,,,,,,
,,,,,,,,,,,,,,,,,,,,,,,,
,,,,,,,,,,,,,,,,,,,,,,,,
,,,,,,,,,,,,,,,,,,,,,,,,
,,,,,,,,,,,,,,,,,,,,,,,,
,,,,,,,,,,,,,,,,,,,,,,,,
,,,,,,,,,,,,,,,,,,,,,,,,
,,,,,,,,,,,,,,,,,,,,,,,,
,,,,,,,,,,,,,,,,,,,,,,,,
,,,,,,,,,,,,,,,,,,,,,,,,
,,,,,,,,,,,,,,,,,,,,,,,,
,,,,,,,,,,,,,,,,,,,,,,,,
,,,,,,,,,,,,,,,,,,,,,,,,
,,,,,,,,,,,,,,,,,,,,,,,,
,,,,,,,,,,,,,,,,,,,,,,,,
,,,,,,,,,,,,,,,,,,,,,,,,
,,,,,,,,,,,,,,,,,,,,,,,,
,,,,,,,,,,,,,,,,,,,,,,,,
,,,,,,,,,,,,,,,,,,,,,,,,
,,,,,,,,,,,,,,,,,,,,,,,,
,,,,,,,,,,,,,,,,,,,,,,,,
,,,,,,,,,,,,,,,,,,,,,,,,
,,,,,,,,,,,,,,,,,,,,,,,,
,,,,,,,,,,,,,,,,,,,,,,,,
,,,,,,,,,,,,,,,,,,,,,,,,
,,,,,,,,,,,,,,,,,,,,,,,,
,,,,,,,,,,,,,,,,,,,,,,,,
,,,,,,,,,,,,,,,,,,,,,,,,
,,,,,,,,,,,,,,,,,,,,,,,,
,,,,,,,,,,,,,,,,,,,,,,,,
,,,,,,,,,,,,,,,,,,,,,,,,
,,,,,,,,,,,,,,,,,,,,,,,,
,,,,,,,,,,,,,,,,,,,,,,,,
,,,,,,,,,,,,,,,,,,,,,,,,
,,,,,,,,,,,,,,,,,,,,,,,,
,,,,,,,,,,,,,,,,,,,,,,,,
,,,,,,,,,,,,,,,,,,,,,,,,
,,,,,,,,,,,,,,,,,,,,,,,,
,,,,,,,,,,,,,,,,,,,,,,,,
,,,,,,,,,,,,,,,,,,,,,,,,
,,,,,,,,,,,,,,,,,,,,,,,,
,,,,,,,,,,,,,,,,,,,,,,,,
,,,,,,,,,,,,,,,,,,,,,,,,
,,,,,,,,,,,,,,,,,,,,,,,,
,,,,,,,,,,,,,,,,,,,,,,,,
,,,,,,,,,,,,,,,,,,,,,,,,
,,,,,,,,,,,,,,,,,,,,,,,,
,,,,,,,,,,,,,,,,,,,,,,,,
,,,,,,,,,,,,,,,,,,,,,,,,
,,,,,,,,,,,,,,,,,,,,,,,,
,,,,,,,,,,,,,,,,,,,,,,,,
,,,,,,,,,,,,,,,,,,,,,,,,
,,,,,,,,,,,,,,,,,,,,,,,,
,,,,,,,,,,,,,,,,,,,,,,,,
,,,,,,,,,,,,,,,,,,,,,,,,
,,,,,,,,,,,,,,,,,,,,,,,,
,,,,,,,,,,,,,,,,,,,,,,,,
,,,,,,,,,,,,,,,,,,,,,,,,
,,,,,,,,,,,,,,,,,,,,,,,,
,,,,,,,,,,,,,,,,,,,,,,,,
,,,,,,,,,,,,,,,,,,,,,,,,
,,,,,,,,,,,,,,,,,,,,,,,,
,,,,,,,,,,,,,,,,,,,,,,,,
,,,,,,,,,,,,,,,,,,,,,,,,
,,,,,,,,,,,,,,,,,,,,,,,,
,,,,,,,,,,,,,,,,,,,,,,,,
,,,,,,,,,,,,,,,,,,,,,,,,
,,,,,,,,,,,,,,,,,,,,,,,,
,,,,,,,,,,,,,,,,,,,,,,,,
,,,,,,,,,,,,,,,,,,,,,,,,
,,,,,,,,,,,,,,,,,,,,,,,,
,,,,,,,,,,,,,,,,,,,,,,,,
,,,,,,,,,,,,,,,,,,,,,,,,
,,,,,,,,,,,,,,,,,,,,,,,,
,,,,,,,,,,,,,,,,,,,,,,,,
,,,,,,,,,,,,,,,,,,,,,,,,
,,,,,,,,,,,,,,,,,,,,,,,,
,,,,,,,,,,,,,,,,,,,,,,,,
,,,,,,,,,,,,,,,,,,,,,,,,
,,,,,,,,,,,,,,,,,,,,,,,,
,,,,,,,,,,,,,,,,,,,,,,,,
,,,,,,,,,,,,,,,,,,,,,,,,
,,,,,,,,,,,,,,,,,,,,,,,,
,,,,,,,,,,,,,,,,,,,,,,,,
,,,,,,,,,,,,,,,,,,,,,,,,
,,,,,,,,,,,,,,,,,,,,,,,,
,,,,,,,,,,,,,,,,,,,,,,,,
,,,,,,,,,,,,,,,,,,,,,,,,
,,,,,,,,,,,,,,,,,,,,,,,,
,,,,,,,,,,,,,,,,,,,,,,,,
,,,,,,,,,,,,,,,,,,,,,,,,
,,,,,,,,,,,,,,,,,,,,,,,,
,,,,,,,,,,,,,,,,,,,,,,,,
,,,,,,,,,,,,,,,,,,,,,,,,
,,,,,,,,,,,,,,,,,,,,,,,,
,,,,,,,,,,,,,,,,,,,,,,,,
,,,,,,,,,,,,,,,,,,,,,,,,
,,,,,,,,,,,,,,,,,,,,,,,,
,,,,,,,,,,,,,,,,,,,,,,,,
,,,,,,,,,,,,,,,,,,,,,,,,
,,,,,,,,,,,,,,,,,,,,,,,,
,,,,,,,,,,,,,,,,,,,,,,,,
,,,,,,,,,,,,,,,,,,,,,,,,
,,,,,,,,,,,,,,,,,,,,,,,,
,,,,,,,,,,,,,,,,,,,,,,,,
,,,,,,,,,,,,,,,,,,,,,,,,
,,,,,,,,,,,,,,,,,,,,,,,,
,,,,,,,,,,,,,,,,,,,,,,,,
,,,,,,,,,,,,,,,,,,,,,,,,
,,,,,,,,,,,,,,,,,,,,,,,,
,,,,,,,,,,,,,,,,,,,,,,,,
,,,,,,,,,,,,,,,,,,,,,,,,
,,,,,,,,,,,,,,,,,,,,,,,,
,,,,,,,,,,,,,,,,,,,,,,,,
,,,,,,,,,,,,,,,,,,,,,,,,
,,,,,,,,,,,,,,,,,,,,,,,,
,,,,,,,,,,,,,,,,,,,,,,,,
,,,,,,,,,,,,,,,,,,,,,,,,
,,,,,,,,,,,,,,,,,,,,,,,,
,,,,,,,,,,,,,,,,,,,,,,,,
,,,,,,,,,,,,,,,,,,,,,,,,
,,,,,,,,,,,,,,,,,,,,,,,,
,,,,,,,,,,,,,,,,,,,,,,,,
,,,,,,,,,,,,,,,,,,,,,,,,
,,,,,,,,,,,,,,,,,,,,,,,,
,,,,,,,,,,,,,,,,,,,,,,,,
,,,,,,,,,,,,,,,,,,,,,,,,
,,,,,,,,,,,,,,,,,,,,,,,,
,,,,,,,,,,,,,,,,,,,,,,,,
,,,,,,,,,,,,,,,,,,,,,,,,
,,,,,,,,,,,,,,,,,,,,,,,,
,,,,,,,,,,,,,,,,,,,,,,,,
,,,,,,,,,,,,,,,,,,,,,,,,
,,,,,,,,,,,,,,,,,,,,,,,,
,,,,,,,,,,,,,,,,,,,,,,,,
,,,,,,,,,,,,,,,,,,,,,,,,
,,,,,,,,,,,,,,,,,,,,,,,,
,,,,,,,,,,,,,,,,,,,,,,,,
,,,,,,,,,,,,,,,,,,,,,,,,
,,,,,,,,,,,,,,,,,,,,,,,,
,,,,,,,,,,,,,,,,,,,,,,,,
,,,,,,,,,,,,,,,,,,,,,,,,
,,,,,,,,,,,,,,,,,,,,,,,,
,,,,,,,,,,,,,,,,,,,,,,,,
,,,,,,,,,,,,,,,,,,,,,,,,
,,,,,,,,,,,,,,,,,,,,,,,,
,,,,,,,,,,,,,,,,,,,,,,,,
,,,,,,,,,,,,,,,,,,,,,,,,
,,,,,,,,,,,,,,,,,,,,,,,,
,,,,,,,,,,,,,,,,,,,,,,,,
,,,,,,,,,,,,,,,,,,,,,,,,
,,,,,,,,,,,,,,,,,,,,,,,,
,,,,,,,,,,,,,,,,,,,,,,,,
,,,,,,,,,,,,,,,,,,,,,,,,
,,,,,,,,,,,,,,,,,,,,,,,,
,,,,,,,,,,,,,,,,,,,,,,,,
,,,,,,,,,,,,,,,,,,,,,,,,
,,,,,,,,,,,,,,,,,,,,,,,,
,,,,,,,,,,,,,,,,,,,,,,,,
,,,,,,,,,,,,,,,,,,,,,,,,
,,,,,,,,,,,,,,,,,,,,,,,,
,,,,,,,,,,,,,,,,,,,,,,,,
,,,,,,,,,,,,,,,,,,,,,,,,
,,,,,,,,,,,,,,,,,,,,,,,,
,,,,,,,,,,,,,,,,,,,,,,,,
,,,,,,,,,,,,,,,,,,,,,,,,
,,,,,,,,,,,,,,,,,,,,,,,,
,,,,,,,,,,,,,,,,,,,,,,,,
,,,,,,,,,,,,,,,,,,,,,,,,
,,,,,,,,,,,,,,,,,,,,,,,,
,,,,,,,,,,,,,,,,,,,,,,,,
,,,,,,,,,,,,,,,,,,,,,,,,
,,,,,,,,,,,,,,,,,,,,,,,,
,,,,,,,,,,,,,,,,,,,,,,,,
,,,,,,,,,,,,,,,,,,,,,,,,
,,,,,,,,,,,,,,,,,,,,,,,,
,,,,,,,,,,,,,,,,,,,,,,,,
,,,,,,,,,,,,,,,,,,,,,,,,
,,,,,,,,,,,,,,,,,,,,,,,,
,,,,,,,,,,,,,,,,,,,,,,,,
,,,,,,,,,,,,,,,,,,,,,,,,
,,,,,,,,,,,,,,,,,,,,,,,,
,,,,,,,,,,,,,,,,,,,,,,,,
,,,,,,,,,,,,,,,,,,,,,,,,
,,,,,,,,,,,,,,,,,,,,,,,,
,,,,,,,,,,,,,,,,,,,,,,,,
,,,,,,,,,,,,,,,,,,,,,,,,
,,,,,,,,,,,,,,,,,,,,,,,,
,,,,,,,,,,,,,,,,,,,,,,,,
,,,,,,,,,,,,,,,,,,,,,,,,
,,,,,,,,,,,,,,,,,,,,,,,,
,,,,,,,,,,,,,,,,,,,,,,,,
,,,,,,,,,,,,,,,,,,,,,,,,
,,,,,,,,,,,,,,,,,,,,,,,,
,,,,,,,,,,,,,,,,,,,,,,,,
,,,,,,,,,,,,,,,,,,,,,,,,
,,,,,,,,,,,,,,,,,,,,,,,,
,,,,,,,,,,,,,,,,,,,,,,,,
,,,,,,,,,,,,,,,,,,,,,,,,
,,,,,,,,,,,,,,,,,,,,,,,,
,,,,,,,,,,,,,,,,,,,,,,,,
,,,,,,,,,,,,,,,,,,,,,,,,
,,,,,,,,,,,,,,,,,,,,,,,,
,,,,,,,,,,,,,,,,,,,,,,,,
,,,,,,,,,,,,,,,,,,,,,,,,
,,,,,,,,,,,,,,,,,,,,,,,,
,,,,,,,,,,,,,,,,,,,,,,,,
,,,,,,,,,,,,,,,,,,,,,,,,
,,,,,,,,,,,,,,,,,,,,,,,,
,,,,,,,,,,,,,,,,,,,,,,,,
,,,,,,,,,,,,,,,,,,,,,,,,
,,,,,,,,,,,,,,,,,,,,,,,,
,,,,,,,,,,,,,,,,,,,,,,,,
,,,,,,,,,,,,,,,,,,,,,,,,
,,,,,,,,,,,,,,,,,,,,,,,,
,,,,,,,,,,,,,,,,,,,,,,,,
,,,,,,,,,,,,,,,,,,,,,,,,
,,,,,,,,,,,,,,,,,,,,,,,,
,,,,,,,,,,,,,,,,,,,,,,,,
,,,,,,,,,,,,,,,,,,,,,,,,
,,,,,,,,,,,,,,,,,,,,,,,,
,,,,,,,,,,,,,,,,,,,,,,,,
,,,,,,,,,,,,,,,,,,,,,,,,
,,,,,,,,,,,,,,,,,,,,,,,,
,,,,,,,,,,,,,,,,,,,,,,,,
,,,,,,,,,,,,,,,,,,,,,,,,
,,,,,,,,,,,,,,,,,,,,,,,,
,,,,,,,,,,,,,,,,,,,,,,,,
,,,,,,,,,,,,,,,,,,,,,,,,
,,,,,,,,,,,,,,,,,,,,,,,,
,,,,,,,,,,,,,,,,,,,,,,,,
,,,,,,,,,,,,,,,,,,,,,,,,
,,,,,,,,,,,,,,,,,,,,,,,,
,,,,,,,,,,,,,,,,,,,,,,,,
,,,,,,,,,,,,,,,,,,,,,,,,
,,,,,,,,,,,,,,,,,,,,,,,,
,,,,,,,,,,,,,,,,,,,,,,,,
,,,,,,,,,,,,,,,,,,,,,,,,
,,,,,,,,,,,,,,,,,,,,,,,,
,,,,,,,,,,,,,,,,,,,,,,,,
,,,,,,,,,,,,,,,,,,,,,,,,
,,,,,,,,,,,,,,,,,,,,,,,,
,,,,,,,,,,,,,,,,,,,,,,,,
,,,,,,,,,,,,,,,,,,,,,,,,
,,,,,,,,,,,,,,,,,,,,,,,,
,,,,,,,,,,,,,,,,,,,,,,,,
,,,,,,,,,,,,,,,,,,,,,,,,
,,,,,,,,,,,,,,,,,,,,,,,,
,,,,,,,,,,,,,,,,,,,,,,,,
,,,,,,,,,,,,,,,,,,,,,,,,
,,,,,,,,,,,,,,,,,,,,,,,,
,,,,,,,,,,,,,,,,,,,,,,,,
,,,,,,,,,,,,,,,,,,,,,,,,
,,,,,,,,,,,,,,,,,,,,,,,,
,,,,,,,,,,,,,,,,,,,,,,,,
,,,,,,,,,,,,,,,,,,,,,,,,
,,,,,,,,,,,,,,,,,,,,,,,,
,,,,,,,,,,,,,,,,,,,,,,,,
,,,,,,,,,,,,,,,,,,,,,,,,
,,,,,,,,,,,,,,,,,,,,,,,,
,,,,,,,,,,,,,,,,,,,,,,,,
,,,,,,,,,,,,,,,,,,,,,,,,
,,,,,,,,,,,,,,,,,,,,,,,,
,,,,,,,,,,,,,,,,,,,,,,,,
,,,,,,,,,,,,,,,,,,,,,,,,
,,,,,,,,,,,,,,,,,,,,,,,,
,,,,,,,,,,,,,,,,,,,,,,,,
,,,,,,,,,,,,,,,,,,,,,,,,
,,,,,,,,,,,,,,,,,,,,,,,,
,,,,,,,,,,,,,,,,,,,,,,,,
,,,,,,,,,,,,,,,,,,,,,,,,
,,,,,,,,,,,,,,,,,,,,,,,,
,,,,,,,,,,,,,,,,,,,,,,,,
,,,,,,,,,,,,,,,,,,,,,,,,
,,,,,,,,,,,,,,,,,,,,,,,,
,,,,,,,,,,,,,,,,,,,,,,,,
,,,,,,,,,,,,,,,,,,,,,,,,
,,,,,,,,,,,,,,,,,,,,,,,,
,,,,,,,,,,,,,,,,,,,,,,,,
,,,,,,,,,,,,,,,,,,,,,,,,
,,,,,,,,,,,,,,,,,,,,,,,,
,,,,,,,,,,,,,,,,,,,,,,,,
,,,,,,,,,,,,,,,,,,,,,,,,
,,,,,,,,,,,,,,,,,,,,,,,,
,,,,,,,,,,,,,,,,,,,,,,,,
,,,,,,,,,,,,,,,,,,,,,,,,
,,,,,,,,,,,,,,,,,,,,,,,,
,,,,,,,,,,,,,,,,,,,,,,,,
,,,,,,,,,,,,,,,,,,,,,,,,
,,,,,,,,,,,,,,,,,,,,,,,,
,,,,,,,,,,,,,,,,,,,,,,,,
,,,,,,,,,,,,,,,,,,,,,,,,
,,,,,,,,,,,,,,,,,,,,,,,,
,,,,,,,,,,,,,,,,,,,,,,,,
,,,,,,,,,,,,,,,,,,,,,,,,
,,,,,,,,,,,,,,,,,,,,,,,,
,,,,,,,,,,,,,,,,,,,,,,,,
,,,,,,,,,,,,,,,,,,,,,,,,
,,,,,,,,,,,,,,,,,,,,,,,,
,,,,,,,,,,,,,,,,,,,,,,,,
,,,,,,,,,,,,,,,,,,,,,,,,
,,,,,,,,,,,,,,,,,,,,,,,,
,,,,,,,,,,,,,,,,,,,,,,,,
,,,,,,,,,,,,,,,,,,,,,,,,
,,,,,,,,,,,,,,,,,,,,,,,,
,,,,,,,,,,,,,,,,,,,,,,,,
,,,,,,,,,,,,,,,,,,,,,,,,
,,,,,,,,,,,,,,,,,,,,,,,,
,,,,,,,,,,,,,,,,,,,,,,,,
,,,,,,,,,,,,,,,,,,,,,,,,
,,,,,,,,,,,,,,,,,,,,,,,,
,,,,,,,,,,,,,,,,,,,,,,,,
,,,,,,,,,,,,,,,,,,,,,,,,
,,,,,,,,,,,,,,,,,,,,,,,,
,,,,,,,,,,,,,,,,,,,,,,,,
,,,,,,,,,,,,,,,,,,,,,,,,
,,,,,,,,,,,,,,,,,,,,,,,,
,,,,,,,,,,,,,,,,,,,,,,,,
,,,,,,,,,,,,,,,,,,,,,,,,
,,,,,,,,,,,,,,,,,,,,,,,,
,,,,,,,,,,,,,,,,,,,,,,,,
,,,,,,,,,,,,,,,,,,,,,,,,
,,,,,,,,,,,,,,,,,,,,,,,,
,,,,,,,,,,,,,,,,,,,,,,,,
,,,,,,,,,,,,,,,,,,,,,,,,
,,,,,,,,,,,,,,,,,,,,,,,,
,,,,,,,,,,,,,,,,,,,,,,,,
,,,,,,,,,,,,,,,,,,,,,,,,
,,,,,,,,,,,,,,,,,,,,,,,,
,,,,,,,,,,,,,,,,,,,,,,,,
,,,,,,,,,,,,,,,,,,,,,,,,
,,,,,,,,,,,,,,,,,,,,,,,,
,,,,,,,,,,,,,,,,,,,,,,,,
,,,,,,,,,,,,,,,,,,,,,,,,
,,,,,,,,,,,,,,,,,,,,,,,,
,,,,,,,,,,,,,,,,,,,,,,,,
,,,,,,,,,,,,,,,,,,,,,,,,
,,,,,,,,,,,,,,,,,,,,,,,,
,,,,,,,,,,,,,,,,,,,,,,,,
,,,,,,,,,,,,,,,,,,,,,,,,
,,,,,,,,,,,,,,,,,,,,,,,,
,,,,,,,,,,,,,,,,,,,,,,,,
,,,,,,,,,,,,,,,,,,,,,,,,
,,,,,,,,,,,,,,,,,,,,,,,,
,,,,,,,,,,,,,,,,,,,,,,,,
,,,,,,,,,,,,,,,,,,,,,,,,
,,,,,,,,,,,,,,,,,,,,,,,,
,,,,,,,,,,,,,,,,,,,,,,,,
,,,,,,,,,,,,,,,,,,,,,,,,
,,,,,,,,,,,,,,,,,,,,,,,,
,,,,,,,,,,,,,,,,,,,,,,,,
,,,,,,,,,,,,,,,,,,,,,,,,
,,,,,,,,,,,,,,,,,,,,,,,,
,,,,,,,,,,,,,,,,,,,,,,,,
,,,,,,,,,,,,,,,,,,,,,,,,
,,,,,,,,,,,,,,,,,,,,,,,,
,,,,,,,,,,,,,,,,,,,,,,,,
,,,,,,,,,,,,,,,,,,,,,,,,
,,,,,,,,,,,,,,,,,,,,,,,,
,,,,,,,,,,,,,,,,,,,,,,,,
,,,,,,,,,,,,,,,,,,,,,,,,
,,,,,,,,,,,,,,,,,,,,,,,,
,,,,,,,,,,,,,,,,,,,,,,,,
,,,,,,,,,,,,,,,,,,,,,,,,
,,,,,,,,,,,,,,,,,,,,,,,,
,,,,,,,,,,,,,,,,,,,,,,,,
,,,,,,,,,,,,,,,,,,,,,,,,
,,,,,,,,,,,,,,,,,,,,,,,,
,,,,,,,,,,,,,,,,,,,,,,,,
,,,,,,,,,,,,,,,,,,,,,,,,
,,,,,,,,,,,,,,,,,,,,,,,,
,,,,,,,,,,,,,,,,,,,,,,,,
,,,,,,,,,,,,,,,,,,,,,,,,
,,,,,,,,,,,,,,,,,,,,,,,,
,,,,,,,,,,,,,,,,,,,,,,,,
,,,,,,,,,,,,,,,,,,,,,,,,
,,,,,,,,,,,,,,,,,,,,,,,,
,,,,,,,,,,,,,,,,,,,,,,,,
,,,,,,,,,,,,,,,,,,,,,,,,
,,,,,,,,,,,,,,,,,,,,,,,,
,,,,,,,,,,,,,,,,,,,,,,,,
,,,,,,,,,,,,,,,,,,,,,,,,
,,,,,,,,,,,,,,,,,,,,,,,,
,,,,,,,,,,,,,,,,,,,,,,,,
,,,,,,,,,,,,,,,,,,,,,,,,
,,,,,,,,,,,,,,,,,,,,,,,,
,,,,,,,,,,,,,,,,,,,,,,,,
,,,,,,,,,,,,,,,,,,,,,,,,
,,,,,,,,,,,,,,,,,,,,,,,,
,,,,,,,,,,,,,,,,,,,,,,,,
,,,,,,,,,,,,,,,,,,,,,,,,
,,,,,,,,,,,,,,,,,,,,,,,,
,,,,,,,,,,,,,,,,,,,,,,,,
,,,,,,,,,,,,,,,,,,,,,,,,
,,,,,,,,,,,,,,,,,,,,,,,,
,,,,,,,,,,,,,,,,,,,,,,,,
,,,,,,,,,,,,,,,,,,,,,,,,
,,,,,,,,,,,,,,,,,,,,,,,,
,,,,,,,,,,,,,,,,,,,,,,,,
,,,,,,,,,,,,,,,,,,,,,,,,
,,,,,,,,,,,,,,,,,,,,,,,,
,,,,,,,,,,,,,,,,,,,,,,,,
,,,,,,,,,,,,,,,,,,,,,,,,
,,,,,,,,,,,,,,,,,,,,,,,,
,,,,,,,,,,,,,,,,,,,,,,,,
,,,,,,,,,,,,,,,,,,,,,,,,
,,,,,,,,,,,,,,,,,,,,,,,,
,,,,,,,,,,,,,,,,,,,,,,,,
,,,,,,,,,,,,,,,,,,,,,,,,
,,,,,,,,,,,,,,,,,,,,,,,,
,,,,,,,,,,,,,,,,,,,,,,,,
,,,,,,,,,,,,,,,,,,,,,,,,
,,,,,,,,,,,,,,,,,,,,,,,,
,,,,,,,,,,,,,,,,,,,,,,,,
,,,,,,,,,,,,,,,,,,,,,,,,
,,,,,,,,,,,,,,,,,,,,,,,,
,,,,,,,,,,,,,,,,,,,,,,,,
,,,,,,,,,,,,,,,,,,,,,,,,
,,,,,,,,,,,,,,,,,,,,,,,,
,,,,,,,,,,,,,,,,,,,,,,,,
,,,,,,,,,,,,,,,,,,,,,,,,
,,,,,,,,,,,,,,,,,,,,,,,,
,,,,,,,,,,,,,,,,,,,,,,,,
,,,,,,,,,,,,,,,,,,,,,,,,
,,,,,,,,,,,,,,,,,,,,,,,,
,,,,,,,,,,,,,,,,,,,,,,,,
,,,,,,,,,,,,,,,,,,,,,,,,
,,,,,,,,,,,,,,,,,,,,,,,,
,,,,,,,,,,,,,,,,,,,,,,,,
,,,,,,,,,,,,,,,,,,,,,,,,
,,,,,,,,,,,,,,,,,,,,,,,,
,,,,,,,,,,,,,,,,,,,,,,,,
,,,,,,,,,,,,,,,,,,,,,,,,
,,,,,,,,,,,,,,,,,,,,,,,,
,,,,,,,,,,,,,,,,,,,,,,,,
,,,,,,,,,,,,,,,,,,,,,,,,
,,,,,,,,,,,,,,,,,,,,,,,,
,,,,,,,,,,,,,,,,,,,,,,,,
,,,,,,,,,,,,,,,,,,,,,,,,
,,,,,,,,,,,,,,,,,,,,,,,,
,,,,,,,,,,,,,,,,,,,,,,,,
,,,,,,,,,,,,,,,,,,,,,,,,
,,,,,,,,,,,,,,,,,,,,,,,,
,,,,,,,,,,,,,,,,,,,,,,,,
,,,,,,,,,,,,,,,,,,,,,,,,
,,,,,,,,,,,,,,,,,,,,,,,,
,,,,,,,,,,,,,,,,,,,,,,,,
,,,,,,,,,,,,,,,,,,,,,,,,
,,,,,,,,,,,,,,,,,,,,,,,,
,,,,,,,,,,,,,,,,,,,,,,,,
,,,,,,,,,,,,,,,,,,,,,,,,
,,,,,,,,,,,,,,,,,,,,,,,,
,,,,,,,,,,,,,,,,,,,,,,,,
,,,,,,,,,,,,,,,,,,,,,,,,
,,,,,,,,,,,,,,,,,,,,,,,,
,,,,,,,,,,,,,,,,,,,,,,,,
,,,,,,,,,,,,,,,,,,,,,,,,
,,,,,,,,,,,,,,,,,,,,,,,,
,,,,,,,,,,,,,,,,,,,,,,,,
,,,,,,,,,,,,,,,,,,,,,,,,
,,,,,,,,,,,,,,,,,,,,,,,,
,,,,,,,,,,,,,,,,,,,,,,,,
,,,,,,,,,,,,,,,,,,,,,,,,
,,,,,,,,,,,,,,,,,,,,,,,,
,,,,,,,,,,,,,,,,,,,,,,,,
,,,,,,,,,,,,,,,,,,,,,,,,
,,,,,,,,,,,,,,,,,,,,,,,,
,,,,,,,,,,,,,,,,,,,,,,,,
,,,,,,,,,,,,,,,,,,,,,,,,
,,,,,,,,,,,,,,,,,,,,,,,,
,,,,,,,,,,,,,,,,,,,,,,,,
,,,,,,,,,,,,,,,,,,,,,,,,
,,,,,,,,,,,,,,,,,,,,,,,,
,,,,,,,,,,,,,,,,,,,,,,,,
,,,,,,,,,,,,,,,,,,,,,,,,
,,,,,,,,,,,,,,,,,,,,,,,,
,,,,,,,,,,,,,,,,,,,,,,,,
,,,,,,,,,,,,,,,,,,,,,,,,
,,,,,,,,,,,,,,,,,,,,,,,,
,,,,,,,,,,,,,,,,,,,,,,,,
,,,,,,,,,,,,,,,,,,,,,,,,
,,,,,,,,,,,,,,,,,,,,,,,,
,,,,,,,,,,,,,,,,,,,,,,,,
,,,,,,,,,,,,,,,,,,,,,,,,
,,,,,,,,,,,,,,,,,,,,,,,,
,,,,,,,,,,,,,,,,,,,,,,,,
,,,,,,,,,,,,,,,,,,,,,,,,
,,,,,,,,,,,,,,,,,,,,,,,,
,,,,,,,,,,,,,,,,,,,,,,,,
,,,,,,,,,,,,,,,,,,,,,,,,
,,,,,,,,,,,,,,,,,,,,,,,,
,,,,,,,,,,,,,,,,,,,,,,,,
,,,,,,,,,,,,,,,,,,,,,,,,
,,,,,,,,,,,,,,,,,,,,,,,,
,,,,,,,,,,,,,,,,,,,,,,,,
,,,,,,,,,,,,,,,,,,,,,,,,
,,,,,,,,,,,,,,,,,,,,,,,,
,,,,,,,,,,,,,,,,,,,,,,,,
,,,,,,,,,,,,,,,,,,,,,,,,
,,,,,,,,,,,,,,,,,,,,,,,,
,,,,,,,,,,,,,,,,,,,,,,,,
,,,,,,,,,,,,,,,,,,,,,,,,
,,,,,,,,,,,,,,,,,,,,,,,,
,,,,,,,,,,,,,,,,,,,,,,,,
,,,,,,,,,,,,,,,,,,,,,,,,
,,,,,,,,,,,,,,,,,,,,,,,,
,,,,,,,,,,,,,,,,,,,,,,,,
,,,,,,,,,,,,,,,,,,,,,,,,
,,,,,,,,,,,,,,,,,,,,,,,,
,,,,,,,,,,,,,,,,,,,,,,,,
,,,,,,,,,,,,,,,,,,,,,,,,
,,,,,,,,,,,,,,,,,,,,,,,,
,,,,,,,,,,,,,,,,,,,,,,,,
,,,,,,,,,,,,,,,,,,,,,,,,
,,,,,,,,,,,,,,,,,,,,,,,,
,,,,,,,,,,,,,,,,,,,,,,,,
,,,,,,,,,,,,,,,,,,,,,,,,
,,,,,,,,,,,,,,,,,,,,,,,,
,,,,,,,,,,,,,,,,,,,,,,,,
,,,,,,,,,,,,,,,,,,,,,,,,
,,,,,,,,,,,,,,,,,,,,,,,,
,,,,,,,,,,,,,,,,,,,,,,,,
,,,,,,,,,,,,,,,,,,,,,,,,
,,,,,,,,,,,,,,,,,,,,,,,,
,,,,,,,,,,,,,,,,,,,,,,,,
,,,,,,,,,,,,,,,,,,,,,,,,
,,,,,,,,,,,,,,,,,,,,,,,,
,,,,,,,,,,,,,,,,,,,,,,,,
,,,,,,,,,,,,,,,,,,,,,,,,
,,,,,,,,,,,,,,,,,,,,,,,,
,,,,,,,,,,,,,,,,,,,,,,,,
,,,,,,,,,,,,,,,,,,,,,,,,
,,,,,,,,,,,,,,,,,,,,,,,,
,,,,,,,,,,,,,,,,,,,,,,,,
,,,,,,,,,,,,,,,,,,,,,,,,
,,,,,,,,,,,,,,,,,,,,,,,,
,,,,,,,,,,,,,,,,,,,,,,,,
,,,,,,,,,,,,,,,,,,,,,,,,
,,,,,,,,,,,,,,,,,,,,,,,,
,,,,,,,,,,,,,,,,,,,,,,,,
,,,,,,,,,,,,,,,,,,,,,,,,
,,,,,,,,,,,,,,,,,,,,,,,,
,,,,,,,,,,,,,,,,,,,,,,,,
,,,,,,,,,,,,,,,,,,,,,,,,
,,,,,,,,,,,,,,,,,,,,,,,,
,,,,,,,,,,,,,,,,,,,,,,,,
,,,,,,,,,,,,,,,,,,,,,,,,
,,,,,,,,,,,,,,,,,,,,,,,,
,,,,,,,,,,,,,,,,,,,,,,,,
,,,,,,,,,,,,,,,,,,,,,,,,
,,,,,,,,,,,,,,,,,,,,,,,,
,,,,,,,,,,,,,,,,,,,,,,,,
,,,,,,,,,,,,,,,,,,,,,,,,
,,,,,,,,,,,,,,,,,,,,,,,,
,,,,,,,,,,,,,,,,,,,,,,,,
,,,,,,,,,,,,,,,,,,,,,,,,
,,,,,,,,,,,,,,,,,,,,,,,,
,,,,,,,,,,,,,,,,,,,,,,,,
,,,,,,,,,,,,,,,,,,,,,,,,
,,,,,,,,,,,,,,,,,,,,,,,,
,,,,,,,,,,,,,,,,,,,,,,,,
,,,,,,,,,,,,,,,,,,,,,,,,
,,,,,,,,,,,,,,,,,,,,,,,,
,,,,,,,,,,,,,,,,,,,,,,,,
,,,,,,,,,,,,,,,,,,,,,,,,
,,,,,,,,,,,,,,,,,,,,,,,,
,,,,,,,,,,,,,,,,,,,,,,,,
,,,,,,,,,,,,,,,,,,,,,,,,
,,,,,,,,,,,,,,,,,,,,,,,,
,,,,,,,,,,,,,,,,,,,,,,,,
,,,,,,,,,,,,,,,,,,,,,,,,
,,,,,,,,,,,,,,,,,,,,,,,,
,,,,,,,,,,,,,,,,,,,,,,,,
,,,,,,,,,,,,,,,,,,,,,,,,
,,,,,,,,,,,,,,,,,,,,,,,,
,,,,,,,,,,,,,,,,,,,,,,,,
,,,,,,,,,,,,,,,,,,,,,,,,
,,,,,,,,,,,,,,,,,,,,,,,,
,,,,,,,,,,,,,,,,,,,,,,,,
,,,,,,,,,,,,,,,,,,,,,,,,
,,,,,,,,,,,,,,,,,,,,,,,,
,,,,,,,,,,,,,,,,,,,,,,,,
,,,,,,,,,,,,,,,,,,,,,,,,
,,,,,,,,,,,,,,,,,,,,,,,,
,,,,,,,,,,,,,,,,,,,,,,,,
,,,,,,,,,,,,,,,,,,,,,,,,
,,,,,,,,,,,,,,,,,,,,,,,,
,,,,,,,,,,,,,,,,,,,,,,,,
,,,,,,,,,,,,,,,,,,,,,,,,
,,,,,,,,,,,,,,,,,,,,,,,,
,,,,,,,,,,,,,,,,,,,,,,,,
,,,,,,,,,,,,,,,,,,,,,,,,
,,,,,,,,,,,,,,,,,,,,,,,,
,,,,,,,,,,,,,,,,,,,,,,,,
,,,,,,,,,,,,,,,,,,,,,,,,
,,,,,,,,,,,,,,,,,,,,,,,,
,,,,,,,,,,,,,,,,,,,,,,,,
,,,,,,,,,,,,,,,,,,,,,,,,
,,,,,,,,,,,,,,,,,,,,,,,,
,,,,,,,,,,,,,,,,,,,,,,,,
,,,,,,,,,,,,,,,,,,,,,,,,
,,,,,,,,,,,,,,,,,,,,,,,,
,,,,,,,,,,,,,,,,,,,,,,,,
,,,,,,,,,,,,,,,,,,,,,,,,
,,,,,,,,,,,,,,,,,,,,,,,,
,,,,,,,,,,,,,,,,,,,,,,,,
,,,,,,,,,,,,,,,,,,,,,,,,
,,,,,,,,,,,,,,,,,,,,,,,,
,,,,,,,,,,,,,,,,,,,,,,,,
,,,,,,,,,,,,,,,,,,,,,,,,
,,,,,,,,,,,,,,,,,,,,,,,,
,,,,,,,,,,,,,,,,,,,,,,,,
,,,,,,,,,,,,,,,,,,,,,,,,
,,,,,,,,,,,,,,,,,,,,,,,,
,,,,,,,,,,,,,,,,,,,,,,,,
,,,,,,,,,,,,,,,,,,,,,,,,
,,,,,,,,,,,,,,,,,,,,,,,,
,,,,,,,,,,,,,,,,,,,,,,,,
,,,,,,,,,,,,,,,,,,,,,,,,
,,,,,,,,,,,,,,,,,,,,,,,,
,,,,,,,,,,,,,,,,,,,,,,,,
,,,,,,,,,,,,,,,,,,,,,,,,
,,,,,,,,,,,,,,,,,,,,,,,,
,,,,,,,,,,,,,,,,,,,,,,,,
,,,,,,,,,,,,,,,,,,,,,,,,
,,,,,,,,,,,,,,,,,,,,,,,,
,,,,,,,,,,,,,,,,,,,,,,,,
,,,,,,,,,,,,,,,,,,,,,,,,
,,,,,,,,,,,,,,,,,,,,,,,,
,,,,,,,,,,,,,,,,,,,,,,,,
,,,,,,,,,,,,,,,,,,,,,,,,
,,,,,,,,,,,,,,,,,,,,,,,,
,,,,,,,,,,,,,,,,,,,,,,,,
,,,,,,,,,,,,,,,,,,,,,,,,
,,,,,,,,,,,,,,,,,,,,,,,,
,,,,,,,,,,,,,,,,,,,,,,,,
,,,,,,,,,,,,,,,,,,,,,,,,
,,,,,,,,,,,,,,,,,,,,,,,,
,,,,,,,,,,,,,,,,,,,,,,,,
,,,,,,,,,,,,,,,,,,,,,,,,
,,,,,,,,,,,,,,,,,,,,,,,,
,,,,,,,,,,,,,,,,,,,,,,,,
,,,,,,,,,,,,,,,,,,,,,,,,
,,,,,,,,,,,,,,,,,,,,,,,,
,,,,,,,,,,,,,,,,,,,,,,,,
,,,,,,,,,,,,,,,,,,,,,,,,
,,,,,,,,,,,,,,,,,,,,,,,,
,,,,,,,,,,,,,,,,,,,,,,,,
,,,,,,,,,,,,,,,,,,,,,,,,
,,,,,,,,,,,,,,,,,,,,,,,,
,,,,,,,,,,,,,,,,,,,,,,,,
,,,,,,,,,,,,,,,,,,,,,,,,
,,,,,,,,,,,,,,,,,,,,,,,,
,,,,,,,,,,,,,,,,,,,,,,,,
,,,,,,,,,,,,,,,,,,,,,,,,
,,,,,,,,,,,,,,,,,,,,,,,,
,,,,,,,,,,,,,,,,,,,,,,,,
,,,,,,,,,,,,,,,,,,,,,,,,
,,,,,,,,,,,,,,,,,,,,,,,,
,,,,,,,,,,,,,,,,,,,,,,,,
,,,,,,,,,,,,,,,,,,,,,,,,
,,,,,,,,,,,,,,,,,,,,,,,,
,,,,,,,,,,,,,,,,,,,,,,,,
,,,,,,,,,,,,,,,,,,,,,,,,
,,,,,,,,,,,,,,,,,,,,,,,,
,,,,,,,,,,,,,,,,,,,,,,,,
,,,,,,,,,,,,,,,,,,,,,,,,
,,,,,,,,,,,,,,,,,,,,,,,,
,,,,,,,,,,,,,,,,,,,,,,,,
,,,,,,,,,,,,,,,,,,,,,,,,
,,,,,,,,,,,,,,,,,,,,,,,,
,,,,,,,,,,,,,,,,,,,,,,,,
,,,,,,,,,,,,,,,,,,,,,,,,
,,,,,,,,,,,,,,,,,,,,,,,,
,,,,,,,,,,,,,,,,,,,,,,,,
,,,,,,,,,,,,,,,,,,,,,,,,
,,,,,,,,,,,,,,,,,,,,,,,,
,,,,,,,,,,,,,,,,,,,,,,,,
,,,,,,,,,,,,,,,,,,,,,,,,
,,,,,,,,,,,,,,,,,,,,,,,,
,,,,,,,,,,,,,,,,,,,,,,,,
,,,,,,,,,,,,,,,,,,,,,,,,
,,,,,,,,,,,,,,,,,,,,,,,,
,,,,,,,,,,,,,,,,,,,,,,,,
,,,,,,,,,,,,,,,,,,,,,,,,
,,,,,,,,,,,,,,,,,,,,,,,,
,,,,,,,,,,,,,,,,,,,,,,,,
,,,,,,,,,,,,,,,,,,,,,,,,
,,,,,,,,,,,,,,,,,,,,,,,,
,,,,,,,,,,,,,,,,,,,,,,,,
,,,,,,,,,,,,,,,,,,,,,,,,
,,,,,,,,,,,,,,,,,,,,,,,,
,,,,,,,,,,,,,,,,,,,,,,,,
,,,,,,,,,,,,,,,,,,,,,,,,
,,,,,,,,,,,,,,,,,,,,,,,,
,,,,,,,,,,,,,,,,,,,,,,,,
,,,,,,,,,,,,,,,,,,,,,,,,
,,,,,,,,,,,,,,,,,,,,,,,,
,,,,,,,,,,,,,,,,,,,,,,,,
,,,,,,,,,,,,,,,,,,,,,,,,
,,,,,,,,,,,,,,,,,,,,,,,,
,,,,,,,,,,,,,,,,,,,,,,,,
,,,,,,,,,,,,,,,,,,,,,,,,
,,,,,,,,,,,,,,,,,,,,,,,,
,,,,,,,,,,,,,,,,,,,,,,,,
,,,,,,,,,,,,,,,,,,,,,,,,
,,,,,,,,,,,,,,,,,,,,,,,,
,,,,,,,,,,,,,,,,,,,,,,,,
,,,,,,,,,,,,,,,,,,,,,,,,
,,,,,,,,,,,,,,,,,,,,,,,,
,,,,,,,,,,,,,,,,,,,,,,,,
,,,,,,,,,,,,,,,,,,,,,,,,
,,,,,,,,,,,,,,,,,,,,,,,,
,,,,,,,,,,,,,,,,,,,,,,,,
,,,,,,,,,,,,,,,,,,,,,,,,
,,,,,,,,,,,,,,,,,,,,,,,,
,,,,,,,,,,,,,,,,,,,,,,,,
,,,,,,,,,,,,,,,,,,,,,,,,
,,,,,,,,,,,,,,,,,,,,,,,,
,,,,,,,,,,,,,,,,,,,,,,,,
,,,,,,,,,,,,,,,,,,,,,,,,
,,,,,,,,,,,,,,,,,,,,,,,,
,,,,,,,,,,,,,,,,,,,,,,,,
,,,,,,,,,,,,,,,,,,,,,,,,
,,,,,,,,,,,,,,,,,,,,,,,,
,,,,,,,,,,,,,,,,,,,,,,,,
,,,,,,,,,,,,,,,,,,,,,,,,
,,,,,,,,,,,,,,,,,,,,,,,,
,,,,,,,,,,,,,,,,,,,,,,,,
,,,,,,,,,,,,,,,,,,,,,,,,
,,,,,,,,,,,,,,,,,,,,,,,,
,,,,,,,,,,,,,,,,,,,,,,,,
,,,,,,,,,,,,,,,,,,,,,,,,
,,,,,,,,,,,,,,,,,,,,,,,,
,,,,,,,,,,,,,,,,,,,,,,,,
,,,,,,,,,,,,,,,,,,,,,,,,
,,,,,,,,,,,,,,,,,,,,,,,,
,,,,,,,,,,,,,,,,,,,,,,,,
,,,,,,,,,,,,,,,,,,,,,,,,
,,,,,,,,,,,,,,,,,,,,,,,,
,,,,,,,,,,,,,,,,,,,,,,,,
,,,,,,,,,,,,,,,,,,,,,,,,
,,,,,,,,,,,,,,,,,,,,,,,,
,,,,,,,,,,,,,,,,,,,,,,,,
,,,,,,,,,,,,,,,,,,,,,,,,
,,,,,,,,,,,,,,,,,,,,,,,,
,,,,,,,,,,,,,,,,,,,,,,,,
,,,,,,,,,,,,,,,,,,,,,,,,
,,,,,,,,,,,,,,,,,,,,,,,,
,,,,,,,,,,,,,,,,,,,,,,,,
,,,,,,,,,,,,,,,,,,,,,,,,
,,,,,,,,,,,,,,,,,,,,,,,,
,,,,,,,,,,,,,,,,,,,,,,,,
,,,,,,,,,,,,,,,,,,,,,,,,
,,,,,,,,,,,,,,,,,,,,,,,,
,,,,,,,,,,,,,,,,,,,,,,,,
,,,,,,,,,,,,,,,,,,,,,,,,
,,,,,,,,,,,,,,,,,,,,,,,,
,,,,,,,,,,,,,,,,,,,,,,,,
,,,,,,,,,,,,,,,,,,,,,,,,
,,,,,,,,,,,,,,,,,,,,,,,,
,,,,,,,,,,,,,,,,,,,,,,,,
,,,,,,,,,,,,,,,,,,,,,,,,
,,,,,,,,,,,,,,,,,,,,,,,,
,,,,,,,,,,,,,,,,,,,,,,,,
,,,,,,,,,,,,,,,,,,,,,,,,
,,,,,,,,,,,,,,,,,,,,,,,,
,,,,,,,,,,,,,,,,,,,,,,,,
,,,,,,,,,,,,,,,,,,,,,,,,
,,,,,,,,,,,,,,,,,,,,,,,,
,,,,,,,,,,,,,,,,,,,,,,,,
,,,,,,,,,,,,,,,,,,,,,,,,
,,,,,,,,,,,,,,,,,,,,,,,,
,,,,,,,,,,,,,,,,,,,,,,,,
,,,,,,,,,,,,,,,,,,,,,,,,
,,,,,,,,,,,,,,,,,,,,,,,,
,,,,,,,,,,,,,,,,,,,,,,,,
,,,,,,,,,,,,,,,,,,,,,,,,
,,,,,,,,,,,,,,,,,,,,,,,,
,,,,,,,,,,,,,,,,,,,,,,,,
,,,,,,,,,,,,,,,,,,,,,,,,
,,,,,,,,,,,,,,,,,,,,,,,,
,,,,,,,,,,,,,,,,,,,,,,,,
,,,,,,,,,,,,,,,,,,,,,,,,
,,,,,,,,,,,,,,,,,,,,,,,,
,,,,,,,,,,,,,,,,,,,,,,,,
,,,,,,,,,,,,,,,,,,,,,,,,
,,,,,,,,,,,,,,,,,,,,,,,,
,,,,,,,,,,,,,,,,,,,,,,,,
,,,,,,,,,,,,,,,,,,,,,,,,
,,,,,,,,,,,,,,,,,,,,,,,,
,,,,,,,,,,,,,,,,,,,,,,,,
,,,,,,,,,,,,,,,,,,,,,,,,
,,,,,,,,,,,,,,,,,,,,,,,,
,,,,,,,,,,,,,,,,,,,,,,,,
,,,,,,,,,,,,,,,,,,,,,,,,
,,,,,,,,,,,,,,,,,,,,,,,,
,,,,,,,,,,,,,,,,,,,,,,,,
,,,,,,,,,,,,,,,,,,,,,,,,
,,,,,,,,,,,,,,,,,,,,,,,,
,,,,,,,,,,,,,,,,,,,,,,,,
,,,,,,,,,,,,,,,,,,,,,,,,
,,,,,,,,,,,,,,,,,,,,,,,,
,,,,,,,,,,,,,,,,,,,,,,,,
,,,,,,,,,,,,,,,,,,,,,,,,
,,,,,,,,,,,,,,,,,,,,,,,,
,,,,,,,,,,,,,,,,,,,,,,,,
,,,,,,,,,,,,,,,,,,,,,,,,
,,,,,,,,,,,,,,,,,,,,,,,,
,,,,,,,,,,,,,,,,,,,,,,,,
,,,,,,,,,,,,,,,,,,,,,,,,
,,,,,,,,,,,,,,,,,,,,,,,,
,,,,,,,,,,,,,,,,,,,,,,,,
,,,,,,,,,,,,,,,,,,,,,,,,
,,,,,,,,,,,,,,,,,,,,,,,,
,,,,,,,,,,,,,,,,,,,,,,,,
,,,,,,,,,,,,,,,,,,,,,,,,
,,,,,,,,,,,,,,,,,,,,,,,,
,,,,,,,,,,,,,,,,,,,,,,,,
,,,,,,,,,,,,,,,,,,,,,,,,
,,,,,,,,,,,,,,,,,,,,,,,,
,,,,,,,,,,,,,,,,,,,,,,,,
,,,,,,,,,,,,,,,,,,,,,,,,
,,,,,,,,,,,,,,,,,,,,,,,,
,,,,,,,,,,,,,,,,,,,,,,,,
,,,,,,,,,,,,,,,,,,,,,,,,
,,,,,,,,,,,,,,,,,,,,,,,,
,,,,,,,,,,,,,,,,,,,,,,,,
,,,,,,,,,,,,,,,,,,,,,,,,
,,,,,,,,,,,,,,,,,,,,,,,,
,,,,,,,,,,,,,,,,,,,,,,,,
,,,,,,,,,,,,,,,,,,,,,,,,
,,,,,,,,,,,,,,,,,,,,,,,,
,,,,,,,,,,,,,,,,,,,,,,,,
,,,,,,,,,,,,,,,,,,,,,,,,
,,,,,,,,,,,,,,,,,,,,,,,,
,,,,,,,,,,,,,,,,,,,,,,,,
,,,,,,,,,,,,,,,,,,,,,,,,
,,,,,,,,,,,,,,,,,,,,,,,,
,,,,,,,,,,,,,,,,,,,,,,,,
,,,,,,,,,,,,,,,,,,,,,,,,
,,,,,,,,,,,,,,,,,,,,,,,,
,,,,,,,,,,,,,,,,,,,,,,,,
,,,,,,,,,,,,,,,,,,,,,,,,
,,,,,,,,,,,,,,,,,,,,,,,,
,,,,,,,,,,,,,,,,,,,,,,,,
,,,,,,,,,,,,,,,,,,,,,,,,
,,,,,,,,,,,,,,,,,,,,,,,,
,,,,,,,,,,,,,,,,,,,,,,,,
,,,,,,,,,,,,,,,,,,,,,,,,
,,,,,,,,,,,,,,,,,,,,,,,,
,,,,,,,,,,,,,,,,,,,,,,,,
,,,,,,,,,,,,,,,,,,,,,,,,
,,,,,,,,,,,,,,,,,,,,,,,,
,,,,,,,,,,,,,,,,,,,,,,,,
,,,,,,,,,,,,,,,,,,,,,,,,
,,,,,,,,,,,,,,,,,,,,,,,,
,,,,,,,,,,,,,,,,,,,,,,,,
,,,,,,,,,,,,,,,,,,,,,,,,
,,,,,,,,,,,,,,,,,,,,,,,,
,,,,,,,,,,,,,,,,,,,,,,,,
,,,,,,,,,,,,,,,,,,,,,,,,
,,,,,,,,,,,,,,,,,,,,,,,,
,,,,,,,,,,,,,,,,,,,,,,,,
,,,,,,,,,,,,,,,,,,,,,,,,
,,,,,,,,,,,,,,,,,,,,,,,,
,,,,,,,,,,,,,,,,,,,,,,,,
,,,,,,,,,,,,,,,,,,,,,,,,
,,,,,,,,,,,,,,,,,,,,,,,,
,,,,,,,,,,,,,,,,,,,,,,,,
,,,,,,,,,,,,,,,,,,,,,,,,
,,,,,,,,,,,,,,,,,,,,,,,,
,,,,,,,,,,,,,,,,,,,,,,,,
,,,,,,,,,,,,,,,,,,,,,,,,
,,,,,,,,,,,,,,,,,,,,,,,,
,,,,,,,,,,,,,,,,,,,,,,,,
,,,,,,,,,,,,,,,,,,,,,,,,
,,,,,,,,,,,,,,,,,,,,,,,,
,,,,,,,,,,,,,,,,,,,,,,,,
,,,,,,,,,,,,,,,,,,,,,,,,
,,,,,,,,,,,,,,,,,,,,,,,,
,,,,,,,,,,,,,,,,,,,,,,,,
,,,,,,,,,,,,,,,,,,,,,,,,
,,,,,,,,,,,,,,,,,,,,,,,,
,,,,,,,,,,,,,,,,,,,,,,,,
,,,,,,,,,,,,,,,,,,,,,,,,
,,,,,,,,,,,,,,,,,,,,,,,,
,,,,,,,,,,,,,,,,,,,,,,,,
,,,,,,,,,,,,,,,,,,,,,,,,
,,,,,,,,,,,,,,,,,,,,,,,,
,,,,,,,,,,,,,,,,,,,,,,,,
,,,,,,,,,,,,,,,,,,,,,,,,
,,,,,,,,,,,,,,,,,,,,,,,,
,,,,,,,,,,,,,,,,,,,,,,,,
,,,,,,,,,,,,,,,,,,,,,,,,
,,,,,,,,,,,,,,,,,,,,,,,,
,,,,,,,,,,,,,,,,,,,,,,,,
,,,,,,,,,,,,,,,,,,,,,,,,
,,,,,,,,,,,,,,,,,,,,,,,,
,,,,,,,,,,,,,,,,,,,,,,,,
,,,,,,,,,,,,,,,,,,,,,,,,
,,,,,,,,,,,,,,,,,,,,,,,,
,,,,,,,,,,,,,,,,,,,,,,,,
,,,,,,,,,,,,,,,,,,,,,,,,
,,,,,,,,,,,,,,,,,,,,,,,,
,,,,,,,,,,,,,,,,,,,,,,,,
,,,,,,,,,,,,,,,,,,,,,,,,
,,,,,,,,,,,,,,,,,,,,,,,,
,,,,,,,,,,,,,,,,,,,,,,,,
,,,,,,,,,,,,,,,,,,,,,,,,
,,,,,,,,,,,,,,,,,,,,,,,,
,,,,,,,,,,,,,,,,,,,,,,,,
,,,,,,,,,,,,,,,,,,,,,,,,
,,,,,,,,,,,,,,,,,,,,,,,,
,,,,,,,,,,,,,,,,,,,,,,,,
,,,,,,,,,,,,,,,,,,,,,,,,
,,,,,,,,,,,,,,,,,,,,,,,,
,,,,,,,,,,,,,,,,,,,,,,,,
,,,,,,,,,,,,,,,,,,,,,,,,
,,,,,,,,,,,,,,,,,,,,,,,,
,,,,,,,,,,,,,,,,,,,,,,,,
,,,,,,,,,,,,,,,,,,,,,,,,
,,,,,,,,,,,,,,,,,,,,,,,,
,,,,,,,,,,,,,,,,,,,,,,,,
,,,,,,,,,,,,,,,,,,,,,,,,
,,,,,,,,,,,,,,,,,,,,,,,,
,,,,,,,,,,,,,,,,,,,,,,,,
,,,,,,,,,,,,,,,,,,,,,,,,
,,,,,,,,,,,,,,,,,,,,,,,,
,,,,,,,,,,,,,,,,,,,,,,,,
,,,,,,,,,,,,,,,,,,,,,,,,
,,,,,,,,,,,,,,,,,,,,,,,,
,,,,,,,,,,,,,,,,,,,,,,,,
,,,,,,,,,,,,,,,,,,,,,,,,
,,,,,,,,,,,,,,,,,,,,,,,,
,,,,,,,,,,,,,,,,,,,,,,,,
,,,,,,,,,,,,,,,,,,,,,,,,
,,,,,,,,,,,,,,,,,,,,,,,,
,,,,,,,,,,,,,,,,,,,,,,,,
,,,,,,,,,,,,,,,,,,,,,,,,
,,,,,,,,,,,,,,,,,,,,,,,,
,,,,,,,,,,,,,,,,,,,,,,,,
,,,,,,,,,,,,,,,,,,,,,,,,
,,,,,,,,,,,,,,,,,,,,,,,,
,,,,,,,,,,,,,,,,,,,,,,,,
,,,,,,,,,,,,,,,,,,,,,,,,
,,,,,,,,,,,,,,,,,,,,,,,,
,,,,,,,,,,,,,,,,,,,,,,,,
,,,,,,,,,,,,,,,,,,,,,,,,
,,,,,,,,,,,,,,,,,,,,,,,,
,,,,,,,,,,,,,,,,,,,,,,,,
,,,,,,,,,,,,,,,,,,,,,,,,
,,,,,,,,,,,,,,,,,,,,,,,,
,,,,,,,,,,,,,,,,,,,,,,,,
,,,,,,,,,,,,,,,,,,,,,,,,
,,,,,,,,,,,,,,,,,,,,,,,,
,,,,,,,,,,,,,,,,,,,,,,,,
,,,,,,,,,,,,,,,,,,,,,,,,
,,,,,,,,,,,,,,,,,,,,,,,,
,,,,,,,,,,,,,,,,,,,,,,,,
,,,,,,,,,,,,,,,,,,,,,,,,
,,,,,,,,,,,,,,,,,,,,,,,,
,,,,,,,,,,,,,,,,,,,,,,,,
,,,,,,,,,,,,,,,,,,,,,,,,
,,,,,,,,,,,,,,,,,,,,,,,,
,,,,,,,,,,,,,,,,,,,,,,,,
,,,,,,,,,,,,,,,,,,,,,,,,
,,,,,,,,,,,,,,,,,,,,,,,,
,,,,,,,,,,,,,,,,,,,,,,,,
,,,,,,,,,,,,,,,,,,,,,,,,
,,,,,,,,,,,,,,,,,,,,,,,,
,,,,,,,,,,,,,,,,,,,,,,,,
,,,,,,,,,,,,,,,,,,,,,,,,
,,,,,,,,,,,,,,,,,,,,,,,,
,,,,,,,,,,,,,,,,,,,,,,,,
,,,,,,,,,,,,,,,,,,,,,,,,
,,,,,,,,,,,,,,,,,,,,,,,,
,,,,,,,,,,,,,,,,,,,,,,,,
,,,,,,,,,,,,,,,,,,,,,,,,
,,,,,,,,,,,,,,,,,,,,,,,,
,,,,,,,,,,,,,,,,,,,,,,,,
,,,,,,,,,,,,,,,,,,,,,,,,
,,,,,,,,,,,,,,,,,,,,,,,,
,,,,,,,,,,,,,,,,,,,,,,,,
,,,,,,,,,,,,,,,,,,,,,,,,
,,,,,,,,,,,,,,,,,,,,,,,,
,,,,,,,,,,,,,,,,,,,,,,,,
,,,,,,,,,,,,,,,,,,,,,,,,
,,,,,,,,,,,,,,,,,,,,,,,,
,,,,,,,,,,,,,,,,,,,,,,,,
,,,,,,,,,,,,,,,,,,,,,,,,
,,,,,,,,,,,,,,,,,,,,,,,,
,,,,,,,,,,,,,,,,,,,,,,,,
,,,,,,,,,,,,,,,,,,,,,,,,
,,,,,,,,,,,,,,,,,,,,,,,,
,,,,,,,,,,,,,,,,,,,,,,,,
,,,,,,,,,,,,,,,,,,,,,,,,
,,,,,,,,,,,,,,,,,,,,,,,,
,,,,,,,,,,,,,,,,,,,,,,,,
,,,,,,,,,,,,,,,,,,,,,,,,
,,,,,,,,,,,,,,,,,,,,,,,,
,,,,,,,,,,,,,,,,,,,,,,,,
,,,,,,,,,,,,,,,,,,,,,,,,
,,,,,,,,,,,,,,,,,,,,,,,,
,,,,,,,,,,,,,,,,,,,,,,,,
,,,,,,,,,,,,,,,,,,,,,,,,
,,,,,,,,,,,,,,,,,,,,,,,,
,,,,,,,,,,,,,,,,,,,,,,,,
,,,,,,,,,,,,,,,,,,,,,,,,
,,,,,,,,,,,,,,,,,,,,,,,,
,,,,,,,,,,,,,,,,,,,,,,,,
,,,,,,,,,,,,,,,,,,,,,,,,
,,,,,,,,,,,,,,,,,,,,,,,,
,,,,,,,,,,,,,,,,,,,,,,,,
,,,,,,,,,,,,,,,,,,,,,,,,
,,,,,,,,,,,,,,,,,,,,,,,,
,,,,,,,,,,,,,,,,,,,,,,,,
,,,,,,,,,,,,,,,,,,,,,,,,
,,,,,,,,,,,,,,,,,,,,,,,,
,,,,,,,,,,,,,,,,,,,,,,,,
,,,,,,,,,,,,,,,,,,,,,,,,
,,,,,,,,,,,,,,,,,,,,,,,,
,,,,,,,,,,,,,,,,,,,,,,,,
,,,,,,,,,,,,,,,,,,,,,,,,
,,,,,,,,,,,,,,,,,,,,,,,,
,,,,,,,,,,,,,,,,,,,,,,,,
,,,,,,,,,,,,,,,,,,,,,,,,
,,,,,,,,,,,,,,,,,,,,,,,,
,,,,,,,,,,,,,,,,,,,,,,,,
,,,,,,,,,,,,,,,,,,,,,,,,
,,,,,,,,,,,,,,,,,,,,,,,,
,,,,,,,,,,,,,,,,,,,,,,,,
,,,,,,,,,,,,,,,,,,,,,,,,
,,,,,,,,,,,,,,,,,,,,,,,,
,,,,,,,,,,,,,,,,,,,,,,,,
,,,,,,,,,,,,,,,,,,,,,,,,
,,,,,,,,,,,,,,,,,,,,,,,,
,,,,,,,,,,,,,,,,,,,,,,,,
,,,,,,,,,,,,,,,,,,,,,,,,
,,,,,,,,,,,,,,,,,,,,,,,,
,,,,,,,,,,,,,,,,,,,,,,,,
,,,,,,,,,,,,,,,,,,,,,,,,
,,,,,,,,,,,,,,,,,,,,,,,,
,,,,,,,,,,,,,,,,,,,,,,,,
,,,,,,,,,,,,,,,,,,,,,,,,
,,,,,,,,,,,,,,,,,,,,,,,,
,,,,,,,,,,,,,,,,,,,,,,,,
,,,,,,,,,,,,,,,,,,,,,,,,
,,,,,,,,,,,,,,,,,,,,,,,,
,,,,,,,,,,,,,,,,,,,,,,,,
,,,,,,,,,,,,,,,,,,,,,,,,
,,,,,,,,,,,,,,,,,,,,,,,,
,,,,,,,,,,,,,,,,,,,,,,,,
,,,,,,,,,,,,,,,,,,,,,,,,
,,,,,,,,,,,,,,,,,,,,,,,,
,,,,,,,,,,,,,,,,,,,,,,,,
,,,,,,,,,,,,,,,,,,,,,,,,
,,,,,,,,,,,,,,,,,,,,,,,,
,,,,,,,,,,,,,,,,,,,,,,,,
,,,,,,,,,,,,,,,,,,,,,,,,
,,,,,,,,,,,,,,,,,,,,,,,,
,,,,,,,,,,,,,,,,,,,,,,,,
,,,,,,,,,,,,,,,,,,,,,,,,
,,,,,,,,,,,,,,,,,,,,,,,,
,,,,,,,,,,,,,,,,,,,,,,,,
,,,,,,,,,,,,,,,,,,,,,,,,
,,,,,,,,,,,,,,,,,,,,,,,,
,,,,,,,,,,,,,,,,,,,,,,,,
,,,,,,,,,,,,,,,,,,,,,,,,
,,,,,,,,,,,,,,,,,,,,,,,,
,,,,,,,,,,,,,,,,,,,,,,,,
,,,,,,,,,,,,,,,,,,,,,,,,
,,,,,,,,,,,,,,,,,,,,,,,,
,,,,,,,,,,,,,,,,,,,,,,,,
,,,,,,,,,,,,,,,,,,,,,,,,
,,,,,,,,,,,,,,,,,,,,,,,,
,,,,,,,,,,,,,,,,,,,,,,,,
,,,,,,,,,,,,,,,,,,,,,,,,
,,,,,,,,,,,,,,,,,,,,,,,,
,,,,,,,,,,,,,,,,,,,,,,,,
,,,,,,,,,,,,,,,,,,,,,,,,
,,,,,,,,,,,,,,,,,,,,,,,,
,,,,,,,,,,,,,,,,,,,,,,,,
,,,,,,,,,,,,,,,,,,,,,,,,
,,,,,,,,,,,,,,,,,,,,,,,,
,,,,,,,,,,,,,,,,,,,,,,,,
,,,,,,,,,,,,,,,,,,,,,,,,
,,,,,,,,,,,,,,,,,,,,,,,,
,,,,,,,,,,,,,,,,,,,,,,,,
,,,,,,,,,,,,,,,,,,,,,,,,
,,,,,,,,,,,,,,,,,,,,,,,,
,,,,,,,,,,,,,,,,,,,,,,,,
,,,,,,,,,,,,,,,,,,,,,,,,
,,,,,,,,,,,,,,,,,,,,,,,,
,,,,,,,,,,,,,,,,,,,,,,,,
,,,,,,,,,,,,,,,,,,,,,,,,
,,,,,,,,,,,,,,,,,,,,,,,,
,,,,,,,,,,,,,,,,,,,,,,,,
,,,,,,,,,,,,,,,,,,,,,,,,
,,,,,,,,,,,,,,,,,,,,,,,,
,,,,,,,,,,,,,,,,,,,,,,,,
,,,,,,,,,,,,,,,,,,,,,,,,
,,,,,,,,,,,,,,,,,,,,,,,,
,,,,,,,,,,,,,,,,,,,,,,,,
,,,,,,,,,,,,,,,,,,,,,,,,
,,,,,,,,,,,,,,,,,,,,,,,,
,,,,,,,,,,,,,,,,,,,,,,,,
,,,,,,,,,,,,,,,,,,,,,,,,
,,,,,,,,,,,,,,,,,,,,,,,,
,,,,,,,,,,,,,,,,,,,,,,,,
,,,,,,,,,,,,,,,,,,,,,,,,
,,,,,,,,,,,,,,,,,,,,,,,,
,,,,,,,,,,,,,,,,,,,,,,,,
,,,,,,,,,,,,,,,,,,,,,,,,
,,,,,,,,,,,,,,,,,,,,,,,,
,,,,,,,,,,,,,,,,,,,,,,,,
,,,,,,,,,,,,,,,,,,,,,,,,
,,,,,,,,,,,,,,,,,,,,,,,,
,,,,,,,,,,,,,,,,,,,,,,,,
,,,,,,,,,,,,,,,,,,,,,,,,
,,,,,,,,,,,,,,,,,,,,,,,,
,,,,,,,,,,,,,,,,,,,,,,,,
,,,,,,,,,,,,,,,,,,,,,,,,
,,,,,,,,,,,,,,,,,,,,,,,,
,,,,,,,,,,,,,,,,,,,,,,,,
,,,,,,,,,,,,,,,,,,,,,,,,
,,,,,,,,,,,,,,,,,,,,,,,,
,,,,,,,,,,,,,,,,,,,,,,,,
,,,,,,,,,,,,,,,,,,,,,,,,
,,,,,,,,,,,,,,,,,,,,,,,,
,,,,,,,,,,,,,,,,,,,,,,,,
,,,,,,,,,,,,,,,,,,,,,,,,
,,,,,,,,,,,,,,,,,,,,,,,,
,,,,,,,,,,,,,,,,,,,,,,,,
,,,,,,,,,,,,,,,,,,,,,,,,
,,,,,,,,,,,,,,,,,,,,,,,,
,,,,,,,,,,,,,,,,,,,,,,,,
,,,,,,,,,,,,,,,,,,,,,,,,
,,,,,,,,,,,,,,,,,,,,,,,,
,,,,,,,,,,,,,,,,,,,,,,,,
,,,,,,,,,,,,,,,,,,,,,,,,
,,,,,,,,,,,,,,,,,,,,,,,,
,,,,,,,,,,,,,,,,,,,,,,,,
,,,,,,,,,,,,,,,,,,,,,,,,
,,,,,,,,,,,,,,,,,,,,,,,,
,,,,,,,,,,,,,,,,,,,,,,,,
,,,,,,,,,,,,,,,,,,,,,,,,
,,,,,,,,,,,,,,,,,,,,,,,,
,,,,,,,,,,,,,,,,,,,,,,,,
,,,,,,,,,,,,,,,,,,,,,,,,
,,,,,,,,,,,,,,,,,,,,,,,,
,,,,,,,,,,,,,,,,,,,,,,,,
,,,,,,,,,,,,,,,,,,,,,,,,
,,,,,,,,,,,,,,,,,,,,,,,,
,,,,,,,,,,,,,,,,,,,,,,,,
,,,,,,,,,,,,,,,,,,,,,,,,
,,,,,,,,,,,,,,,,,,,,,,,,
,,,,,,,,,,,,,,,,,,,,,,,,
,,,,,,,,,,,,,,,,,,,,,,,,
,,,,,,,,,,,,,,,,,,,,,,,,
,,,,,,,,,,,,,,,,,,,,,,,,
,,,,,,,,,,,,,,,,,,,,,,,,
,,,,,,,,,,,,,,,,,,,,,,,,
,,,,,,,,,,,,,,,,,,,,,,,,
,,,,,,,,,,,,,,,,,,,,,,,,
,,,,,,,,,,,,,,,,,,,,,,,,
,,,,,,,,,,,,,,,,,,,,,,,,
,,,,,,,,,,,,,,,,,,,,,,,,
,,,,,,,,,,,,,,,,,,,,,,,,
,,,,,,,,,,,,,,,,,,,,,,,,
,,,,,,,,,,,,,,,,,,,,,,,,
,,,,,,,,,,,,,,,,,,,,,,,,
,,,,,,,,,,,,,,,,,,,,,,,,
,,,,,,,,,,,,,,,,,,,,,,,,
,,,,,,,,,,,,,,,,,,,,,,,,
,,,,,,,,,,,,,,,,,,,,,,,,
,,,,,,,,,,,,,,,,,,,,,,,,
,,,,,,,,,,,,,,,,,,,,,,,,
,,,,,,,,,,,,,,,,,,,,,,,,
,,,,,,,,,,,,,,,,,,,,,,,,
,,,,,,,,,,,,,,,,,,,,,,,,
,,,,,,,,,,,,,,,,,,,,,,,,
,,,,,,,,,,,,,,,,,,,,,,,,
,,,,,,,,,,,,,,,,,,,,,,,,
,,,,,,,,,,,,,,,,,,,,,,,,
,,,,,,,,,,,,,,,,,,,,,,,,
,,,,,,,,,,,,,,,,,,,,,,,,
,,,,,,,,,,,,,,,,,,,,,,,,
,,,,,,,,,,,,,,,,,,,,,,,,
,,,,,,,,,,,,,,,,,,,,,,,,
,,,,,,,,,,,,,,,,,,,,,,,,
,,,,,,,,,,,,,,,,,,,,,,,,
,,,,,,,,,,,,,,,,,,,,,,,,
,,,,,,,,,,,,,,,,,,,,,,,,
,,,,,,,,,,,,,,,,,,,,,,,,
,,,,,,,,,,,,,,,,,,,,,,,,
,,,,,,,,,,,,,,,,,,,,,,,,
,,,,,,,,,,,,,,,,,,,,,,,,
,,,,,,,,,,,,,,,,,,,,,,,,
,,,,,,,,,,,,,,,,,,,,,,,,
,,,,,,,,,,,,,,,,,,,,,,,,
,,,,,,,,,,,,,,,,,,,,,,,,
,,,,,,,,,,,,,,,,,,,,,,,,
,,,,,,,,,,,,,,,,,,,,,,,,
,,,,,,,,,,,,,,,,,,,,,,,,
,,,,,,,,,,,,,,,,,,,,,,,,
,,,,,,,,,,,,,,,,,,,,,,,,
,,,,,,,,,,,,,,,,,,,,,,,,
,,,,,,,,,,,,,,,,,,,,,,,,
,,,,,,,,,,,,,,,,,,,,,,,,
,,,,,,,,,,,,,,,,,,,,,,,,
,,,,,,,,,,,,,,,,,,,,,,,,
,,,,,,,,,,,,,,,,,,,,,,,,
,,,,,,,,,,,,,,,,,,,,,,,,
,,,,,,,,,,,,,,,,,,,,,,,,
,,,,,,,,,,,,,,,,,,,,,,,,
,,,,,,,,,,,,,,,,,,,,,,,,
,,,,,,,,,,,,,,,,,,,,,,,,
,,,,,,,,,,,,,,,,,,,,,,,,
,,,,,,,,,,,,,,,,,,,,,,,,
,,,,,,,,,,,,,,,,,,,,,,,,
,,,,,,,,,,,,,,,,,,,,,,,,
,,,,,,,,,,,,,,,,,,,,,,,,
,,,,,,,,,,,,,,,,,,,,,,,,
,,,,,,,,,,,,,,,,,,,,,,,,
,,,,,,,,,,,,,,,,,,,,,,,,
,,,,,,,,,,,,,,,,,,,,,,,,
,,,,,,,,,,,,,,,,,,,,,,,,
,,,,,,,,,,,,,,,,,,,,,,,,
,,,,,,,,,,,,,,,,,,,,,,,,
,,,,,,,,,,,,,,,,,,,,,,,,
,,,,,,,,,,,,,,,,,,,,,,,,
,,,,,,,,,,,,,,,,,,,,,,,,
,,,,,,,,,,,,,,,,,,,,,,,,
,,,,,,,,,,,,,,,,,,,,,,,,
,,,,,,,,,,,,,,,,,,,,,,,,
,,,,,,,,,,,,,,,,,,,,,,,,
,,,,,,,,,,,,,,,,,,,,,,,,
,,,,,,,,,,,,,,,,,,,,,,,,
,,,,,,,,,,,,,,,,,,,,,,,,
,,,,,,,,,,,,,,,,,,,,,,,,
,,,,,,,,,,,,,,,,,,,,,,,,
,,,,,,,,,,,,,,,,,,,,,,,,
,,,,,,,,,,,,,,,,,,,,,,,,
,,,,,,,,,,,,,,,,,,,,,,,,
,,,,,,,,,,,,,,,,,,,,,,,,
,,,,,,,,,,,,,,,,,,,,,,,,
,,,,,,,,,,,,,,,,,,,,,,,,
,,,,,,,,,,,,,,,,,,,,,,,,
,,,,,,,,,,,,,,,,,,,,,,,,
,,,,,,,,,,,,,,,,,,,,,,,,
,,,,,,,,,,,,,,,,,,,,,,,,
,,,,,,,,,,,,,,,,,,,,,,,,
,,,,,,,,,,,,,,,,,,,,,,,,
,,,,,,,,,,,,,,,,,,,,,,,,
,,,,,,,,,,,,,,,,,,,,,,,,
,,,,,,,,,,,,,,,,,,,,,,,,
,,,,,,,,,,,,,,,,,,,,,,,,
,,,,,,,,,,,,,,,,,,,,,,,,
,,,,,,,,,,,,,,,,,,,,,,,,
,,,,,,,,,,,,,,,,,,,,,,,,
,,,,,,,,,,,,,,,,,,,,,,,,
,,,,,,,,,,,,,,,,,,,,,,,,
,,,,,,,,,,,,,,,,,,,,,,,,
,,,,,,,,,,,,,,,,,,,,,,,,
,,,,,,,,,,,,,,,,,,,,,,,,
,,,,,,,,,,,,,,,,,,,,,,,,
,,,,,,,,,,,,,,,,,,,,,,,,
,,,,,,,,,,,,,,,,,,,,,,,,
,,,,,,,,,,,,,,,,,,,,,,,,
,,,,,,,,,,,,,,,,,,,,,,,,
,,,,,,,,,,,,,,,,,,,,,,,,
,,,,,,,,,,,,,,,,,,,,,,,,
,,,,,,,,,,,,,,,,,,,,,,,,
,,,,,,,,,,,,,,,,,,,,,,,,
,,,,,,,,,,,,,,,,,,,,,,,,
,,,,,,,,,,,,,,,,,,,,,,,,
,,,,,,,,,,,,,,,,,,,,,,,,
,,,,,,,,,,,,,,,,,,,,,,,,
,,,,,,,,,,,,,,,,,,,,,,,,
,,,,,,,,,,,,,,,,,,,,,,,,
,,,,,,,,,,,,,,,,,,,,,,,,
,,,,,,,,,,,,,,,,,,,,,,,,
,,,,,,,,,,,,,,,,,,,,,,,,
,,,,,,,,,,,,,,,,,,,,,,,,
,,,,,,,,,,,,,,,,,,,,,,,,
,,,,,,,,,,,,,,,,,,,,,,,,
,,,,,,,,,,,,,,,,,,,,,,,,
,,,,,,,,,,,,,,,,,,,,,,,,
,,,,,,,,,,,,,,,,,,,,,,,,
,,,,,,,,,,,,,,,,,,,,,,,,
,,,,,,,,,,,,,,,,,,,,,,,,
,,,,,,,,,,,,,,,,,,,,,,,,
,,,,,,,,,,,,,,,,,,,,,,,,
,,,,,,,,,,,,,,,,,,,,,,,,
,,,,,,,,,,,,,,,,,,,,,,,,
,,,,,,,,,,,,,,,,,,,,,,,,
,,,,,,,,,,,,,,,,,,,,,,,,
,,,,,,,,,,,,,,,,,,,,,,,,
,,,,,,,,,,,,,,,,,,,,,,,,
,,,,,,,,,,,,,,,,,,,,,,,,
,,,,,,,,,,,,,,,,,,,,,,,,
,,,,,,,,,,,,,,,,,,,,,,,,
,,,,,,,,,,,,,,,,,,,,,,,,
,,,,,,,,,,,,,,,,,,,,,,,,
,,,,,,,,,,,,,,,,,,,,,,,,
,,,,,,,,,,,,,,,,,,,,,,,,
,,,,,,,,,,,,,,,,,,,,,,,,
,,,,,,,,,,,,,,,,,,,,,,,,
,,,,,,,,,,,,,,,,,,,,,,,,
,,,,,,,,,,,,,,,,,,,,,,,,
,,,,,,,,,,,,,,,,,,,,,,,,
,,,,,,,,,,,,,,,,,,,,,,,,
,,,,,,,,,,,,,,,,,,,,,,,,
,,,,,,,,,,,,,,,,,,,,,,,,
,,,,,,,,,,,,,,,,,,,,,,,,
,,,,,,,,,,,,,,,,,,,,,,,,
,,,,,,,,,,,,,,,,,,,,,,,,
,,,,,,,,,,,,,,,,,,,,,,,,
,,,,,,,,,,,,,,,,,,,,,,,,
,,,,,,,,,,,,,,,,,,,,,,,,
,,,,,,,,,,,,,,,,,,,,,,,,
,,,,,,,,,,,,,,,,,,,,,,,,
,,,,,,,,,,,,,,,,,,,,,,,,
,,,,,,,,,,,,,,,,,,,,,,,,
,,,,,,,,,,,,,,,,,,,,,,,,
,,,,,,,,,,,,,,,,,,,,,,,,
,,,,,,,,,,,,,,,,,,,,,,,,
,,,,,,,,,,,,,,,,,,,,,,,,
,,,,,,,,,,,,,,,,,,,,,,,,
,,,,,,,,,,,,,,,,,,,,,,,,
,,,,,,,,,,,,,,,,,,,,,,,,
,,,,,,,,,,,,,,,,,,,,,,,,
,,,,,,,,,,,,,,,,,,,,,,,,
,,,,,,,,,,,,,,,,,,,,,,,,
,,,,,,,,,,,,,,,,,,,,,,,,
,,,,,,,,,,,,,,,,,,,,,,,,
,,,,,,,,,,,,,,,,,,,,,,,,
,,,,,,,,,,,,,,,,,,,,,,,,
,,,,,,,,,,,,,,,,,,,,,,,,
,,,,,,,,,,,,,,,,,,,,,,,,
,,,,,,,,,,,,,,,,,,,,,,,,
,,,,,,,,,,,,,,,,,,,,,,,,
,,,,,,,,,,,,,,,,,,,,,,,,
,,,,,,,,,,,,,,,,,,,,,,,,
,,,,,,,,,,,,,,,,,,,,,,,,
,,,,,,,,,,,,,,,,,,,,,,,,
,,,,,,,,,,,,,,,,,,,,,,,,
,,,,,,,,,,,,,,,,,,,,,,,,
,,,,,,,,,,,,,,,,,,,,,,,,
,,,,,,,,,,,,,,,,,,,,,,,,
,,,,,,,,,,,,,,,,,,,,,,,,
,,,,,,,,,,,,,,,,,,,,,,,,
,,,,,,,,,,,,,,,,,,,,,,,,
,,,,,,,,,,,,,,,,,,,,,,,,
,,,,,,,,,,,,,,,,,,,,,,,,
,,,,,,,,,,,,,,,,,,,,,,,,
,,,,,,,,,,,,,,,,,,,,,,,,
,,,,,,,,,,,,,,,,,,,,,,,,
,,,,,,,,,,,,,,,,,,,,,,,,
,,,,,,,,,,,,,,,,,,,,,,,,
,,,,,,,,,,,,,,,,,,,,,,,,
,,,,,,,,,,,,,,,,,,,,,,,,
,,,,,,,,,,,,,,,,,,,,,,,,
,,,,,,,,,,,,,,,,,,,,,,,,
,,,,,,,,,,,,,,,,,,,,,,,,
,,,,,,,,,,,,,,,,,,,,,,,,
,,,,,,,,,,,,,,,,,,,,,,,,
,,,,,,,,,,,,,,,,,,,,,,,,
,,,,,,,,,,,,,,,,,,,,,,,,
,,,,,,,,,,,,,,,,,,,,,,,,
,,,,,,,,,,,,,,,,,,,,,,,,
,,,,,,,,,,,,,,,,,,,,,,,,
,,,,,,,,,,,,,,,,,,,,,,,,
,,,,,,,,,,,,,,,,,,,,,,,,
,,,,,,,,,,,,,,,,,,,,,,,,
,,,,,,,,,,,,,,,,,,,,,,,,
,,,,,,,,,,,,,,,,,,,,,,,,
,,,,,,,,,,,,,,,,,,,,,,,,
,,,,,,,,,,,,,,,,,,,,,,,,
,,,,,,,,,,,,,,,,,,,,,,,,
,,,,,,,,,,,,,,,,,,,,,,,,
,,,,,,,,,,,,,,,,,,,,,,,,
,,,,,,,,,,,,,,,,,,,,,,,,
,,,,,,,,,,,,,,,,,,,,,,,,
,,,,,,,,,,,,,,,,,,,,,,,,
,,,,,,,,,,,,,,,,,,,,,,,,
,,,,,,,,,,,,,,,,,,,,,,,,
,,,,,,,,,,,,,,,,,,,,,,,,
,,,,,,,,,,,,,,,,,,,,,,,,
,,,,,,,,,,,,,,,,,,,,,,,,
,,,,,,,,,,,,,,,,,,,,,,,,
,,,,,,,,,,,,,,,,,,,,,,,,
,,,,,,,,,,,,,,,,,,,,,,,,
,,,,,,,,,,,,,,,,,,,,,,,,
,,,,,,,,,,,,,,,,,,,,,,,,
,,,,,,,,,,,,,,,,,,,,,,,,
,,,,,,,,,,,,,,,,,,,,,,,,
,,,,,,,,,,,,,,,,,,,,,,,,
,,,,,,,,,,,,,,,,,,,,,,,,
,,,,,,,,,,,,,,,,,,,,,,,,
,,,,,,,,,,,,,,,,,,,,,,,,
,,,,,,,,,,,,,,,,,,,,,,,,
,,,,,,,,,,,,,,,,,,,,,,,,
,,,,,,,,,,,,,,,,,,,,,,,,
,,,,,,,,,,,,,,,,,,,,,,,,
,,,,,,,,,,,,,,,,,,,,,,,,
,,,,,,,,,,,,,,,,,,,,,,,,
,,,,,,,,,,,,,,,,,,,,,,,,
,,,,,,,,,,,,,,,,,,,,,,,,
,,,,,,,,,,,,,,,,,,,,,,,,
,,,,,,,,,,,,,,,,,,,,,,,,
,,,,,,,,,,,,,,,,,,,,,,,,
,,,,,,,,,,,,,,,,,,,,,,,,
,,,,,,,,,,,,,,,,,,,,,,,,
,,,,,,,,,,,,,,,,,,,,,,,,
,,,,,,,,,,,,,,,,,,,,,,,,
,,,,,,,,,,,,,,,,,,,,,,,,
,,,,,,,,,,,,,,,,,,,,,,,,
,,,,,,,,,,,,,,,,,,,,,,,,
,,,,,,,,,,,,,,,,,,,,,,,,
,,,,,,,,,,,,,,,,,,,,,,,,
,,,,,,,,,,,,,,,,,,,,,,,,
,,,,,,,,,,,,,,,,,,,,,,,,
,,,,,,,,,,,,,,,,,,,,,,,,
,,,,,,,,,,,,,,,,,,,,,,,,
,,,,,,,,,,,,,,,,,,,,,,,,
,,,,,,,,,,,,,,,,,,,,,,,,
,,,,,,,,,,,,,,,,,,,,,,,,
,,,,,,,,,,,,,,,,,,,,,,,,
,,,,,,,,,,,,,,,,,,,,,,,,
,,,,,,,,,,,,,,,,,,,,,,,,
,,,,,,,,,,,,,,,,,,,,,,,,
,,,,,,,,,,,,,,,,,,,,,,,,
,,,,,,,,,,,,,,,,,,,,,,,,
,,,,,,,,,,,,,,,,,,,,,,,,
,,,,,,,,,,,,,,,,,,,,,,,,
,,,,,,,,,,,,,,,,,,,,,,,,
,,,,,,,,,,,,,,,,,,,,,,,,
,,,,,,,,,,,,,,,,,,,,,,,,
,,,,,,,,,,,,,,,,,,,,,,,,
,,,,,,,,,,,,,,,,,,,,,,,,
,,,,,,,,,,,,,,,,,,,,,,,,
,,,,,,,,,,,,,,,,,,,,,,,,
,,,,,,,,,,,,,,,,,,,,,,,,
,,,,,,,,,,,,,,,,,,,,,,,,
,,,,,,,,,,,,,,,,,,,,,,,,
,,,,,,,,,,,,,,,,,,,,,,,,
,,,,,,,,,,,,,,,,,,,,,,,,
,,,,,,,,,,,,,,,,,,,,,,,,
,,,,,,,,,,,,,,,,,,,,,,,,
,,,,,,,,,,,,,,,,,,,,,,,,
,,,,,,,,,,,,,,,,,,,,,,,,
,,,,,,,,,,,,,,,,,,,,,,,,
,,,,,,,,,,,,,,,,,,,,,,,,
,,,,,,,,,,,,,,,,,,,,,,,,
,,,,,,,,,,,,,,,,,,,,,,,,
,,,,,,,,,,,,,,,,,,,,,,,,
,,,,,,,,,,,,,,,,,,,,,,,,
,,,,,,,,,,,,,,,,,,,,,,,,
,,,,,,,,,,,,,,,,,,,,,,,,
,,,,,,,,,,,,,,,,,,,,,,,,
,,,,,,,,,,,,,,,,,,,,,,,,
,,,,,,,,,,,,,,,,,,,,,,,,
,,,,,,,,,,,,,,,,,,,,,,,,
,,,,,,,,,,,,,,,,,,,,,,,,
,,,,,,,,,,,,,,,,,,,,,,,,
,,,,,,,,,,,,,,,,,,,,,,,,
,,,,,,,,,,,,,,,,,,,,,,,,
,,,,,,,,,,,,,,,,,,,,,,,,
,,,,,,,,,,,,,,,,,,,,,,,,
,,,,,,,,,,,,,,,,,,,,,,,,
,,,,,,,,,,,,,,,,,,,,,,,,
,,,,,,,,,,,,,,,,,,,,,,,,
,,,,,,,,,,,,,,,,,,,,,,,,
,,,,,,,,,,,,,,,,,,,,,,,,
,,,,,,,,,,,,,,,,,,,,,,,,
,,,,,,,,,,,,,,,,,,,,,,,,
,,,,,,,,,,,,,,,,,,,,,,,,
,,,,,,,,,,,,,,,,,,,,,,,,
,,,,,,,,,,,,,,,,,,,,,,,,
,,,,,,,,,,,,,,,,,,,,,,,,
,,,,,,,,,,,,,,,,,,,,,,,,
,,,,,,,,,,,,,,,,,,,,,,,,
,,,,,,,,,,,,,,,,,,,,,,,,
,,,,,,,,,,,,,,,,,,,,,,,,
,,,,,,,,,,,,,,,,,,,,,,,,
,,,,,,,,,,,,,,,,,,,,,,,,
,,,,,,,,,,,,,,,,,,,,,,,,
,,,,,,,,,,,,,,,,,,,,,,,,
,,,,,,,,,,,,,,,,,,,,,,,,
,,,,,,,,,,,,,,,,,,,,,,,,
,,,,,,,,,,,,,,,,,,,,,,,,
,,,,,,,,,,,,,,,,,,,,,,,,
,,,,,,,,,,,,,,,,,,,,,,,,
,,,,,,,,,,,,,,,,,,,,,,,,
,,,,,,,,,,,,,,,,,,,,,,,,
,,,,,,,,,,,,,,,,,,,,,,,,
,,,,,,,,,,,,,,,,,,,,,,,,
,,,,,,,,,,,,,,,,,,,,,,,,
,,,,,,,,,,,,,,,,,,,,,,,,
,,,,,,,,,,,,,,,,,,,,,,,,
,,,,,,,,,,,,,,,,,,,,,,,,
,,,,,,,,,,,,,,,,,,,,,,,,
,,,,,,,,,,,,,,,,,,,,,,,,
,,,,,,,,,,,,,,,,,,,,,,,,
,,,,,,,,,,,,,,,,,,,,,,,,
,,,,,,,,,,,,,,,,,,,,,,,,
,,,,,,,,,,,,,,,,,,,,,,,,
,,,,,,,,,,,,,,,,,,,,,,,,
,,,,,,,,,,,,,,,,,,,,,,,,
,,,,,,,,,,,,,,,,,,,,,,,,
,,,,,,,,,,,,,,,,,,,,,,,,
,,,,,,,,,,,,,,,,,,,,,,,,
,,,,,,,,,,,,,,,,,,,,,,,,
,,,,,,,,,,,,,,,,,,,,,,,,
,,,,,,,,,,,,,,,,,,,,,,,,
,,,,,,,,,,,,,,,,,,,,,,,,
,,,,,,,,,,,,,,,,,,,,,,,,
,,,,,,,,,,,,,,,,,,,,,,,,
,,,,,,,,,,,,,,,,,,,,,,,,
,,,,,,,,,,,,,,,,,,,,,,,,
,,,,,,,,,,,,,,,,,,,,,,,,
,,,,,,,,,,,,,,,,,,,,,,,,
,,,,,,,,,,,,,,,,,,,,,,,,
,,,,,,,,,,,,,,,,,,,,,,,,
,,,,,,,,,,,,,,,,,,,,,,,,
,,,,,,,,,,,,,,,,,,,,,,,,
,,,,,,,,,,,,,,,,,,,,,,,,
,,,,,,,,,,,,,,,,,,,,,,,,
,,,,,,,,,,,,,,,,,,,,,,,,
,,,,,,,,,,,,,,,,,,,,,,,,
,,,,,,,,,,,,,,,,,,,,,,,,
,,,,,,,,,,,,,,,,,,,,,,,,
,,,,,,,,,,,,,,,,,,,,,,,,
,,,,,,,,,,,,,,,,,,,,,,,,
,,,,,,,,,,,,,,,,,,,,,,,,
,,,,,,,,,,,,,,,,,,,,,,,,
,,,,,,,,,,,,,,,,,,,,,,,,
,,,,,,,,,,,,,,,,,,,,,,,,
,,,,,,,,,,,,,,,,,,,,,,,,
,,,,,,,,,,,,,,,,,,,,,,,,
,,,,,,,,,,,,,,,,,,,,,,,,
,,,,,,,,,,,,,,,,,,,,,,,,
,,,,,,,,,,,,,,,,,,,,,,,,
,,,,,,,,,,,,,,,,,,,,,,,,
,,,,,,,,,,,,,,,,,,,,,,,,
,,,,,,,,,,,,,,,,,,,,,,,,
,,,,,,,,,,,,,,,,,,,,,,,,
,,,,,,,,,,,,,,,,,,,,,,,,
,,,,,,,,,,,,,,,,,,,,,,,,
,,,,,,,,,,,,,,,,,,,,,,,,
,,,,,,,,,,,,,,,,,,,,,,,,
,,,,,,,,,,,,,,,,,,,,,,,,
,,,,,,,,,,,,,,,,,,,,,,,,
,,,,,,,,,,,,,,,,,,,,,,,,
,,,,,,,,,,,,,,,,,,,,,,,,
,,,,,,,,,,,,,,,,,,,,,,,,
,,,,,,,,,,,,,,,,,,,,,,,,
,,,,,,,,,,,,,,,,,,,,,,,,
,,,,,,,,,,,,,,,,,,,,,,,,
,,,,,,,,,,,,,,,,,,,,,,,,
,,,,,,,,,,,,,,,,,,,,,,,,
,,,,,,,,,,,,,,,,,,,,,,,,
,,,,,,,,,,,,,,,,,,,,,,,,
,,,,,,,,,,,,,,,,,,,,,,,,
,,,,,,,,,,,,,,,,,,,,,,,,
,,,,,,,,,,,,,,,,,,,,,,,,
,,,,,,,,,,,,,,,,,,,,,,,,
,,,,,,,,,,,,,,,,,,,,,,,,
,,,,,,,,,,,,,,,,,,,,,,,,
,,,,,,,,,,,,,,,,,,,,,,,,
,,,,,,,,,,,,,,,,,,,,,,,,
,,,,,,,,,,,,,,,,,,,,,,,,
,,,,,,,,,,,,,,,,,,,,,,,,
,,,,,,,,,,,,,,,,,,,,,,,,
,,,,,,,,,,,,,,,,,,,,,,,,
,,,,,,,,,,,,,,,,,,,,,,,,
,,,,,,,,,,,,,,,,,,,,,,,,
,,,,,,,,,,,,,,,,,,,,,,,,
,,,,,,,,,,,,,,,,,,,,,,,,
,,,,,,,,,,,,,,,,,,,,,,,,
,,,,,,,,,,,,,,,,,,,,,,,,
,,,,,,,,,,,,,,,,,,,,,,,,
,,,,,,,,,,,,,,,,,,,,,,,,
,,,,,,,,,,,,,,,,,,,,,,,,
,,,,,,,,,,,,,,,,,,,,,,,,
,,,,,,,,,,,,,,,,,,,,,,,,
,,,,,,,,,,,,,,,,,,,,,,,,
,,,,,,,,,,,,,,,,,,,,,,,,
,,,,,,,,,,,,,,,,,,,,,,,,
,,,,,,,,,,,,,,,,,,,,,,,,
,,,,,,,,,,,,,,,,,,,,,,,,
,,,,,,,,,,,,,,,,,,,,,,,,
,,,,,,,,,,,,,,,,,,,,,,,,
,,,,,,,,,,,,,,,,,,,,,,,,
,,,,,,,,,,,,,,,,,,,,,,,,
,,,,,,,,,,,,,,,,,,,,,,,,
,,,,,,,,,,,,,,,,,,,,,,,,
,,,,,,,,,,,,,,,,,,,,,,,,
,,,,,,,,,,,,,,,,,,,,,,,,
,,,,,,,,,,,,,,,,,,,,,,,,
,,,,,,,,,,,,,,,,,,,,,,,,
,,,,,,,,,,,,,,,,,,,,,,,,
,,,,,,,,,,,,,,,,,,,,,,,,
,,,,,,,,,,,,,,,,,,,,,,,,
,,,,,,,,,,,,,,,,,,,,,,,,
,,,,,,,,,,,,,,,,,,,,,,,,
,,,,,,,,,,,,,,,,,,,,,,,,
,,,,,,,,,,,,,,,,,,,,,,,,
,,,,,,,,,,,,,,,,,,,,,,,,
,,,,,,,,,,,,,,,,,,,,,,,,
,,,,,,,,,,,,,,,,,,,,,,,,
,,,,,,,,,,,,,,,,,,,,,,,,
,,,,,,,,,,,,,,,,,,,,,,,,
,,,,,,,,,,,,,,,,,,,,,,,,
,,,,,,,,,,,,,,,,,,,,,,,,
,,,,,,,,,,,,,,,,,,,,,,,,
,,,,,,,,,,,,,,,,,,,,,,,,
,,,,,,,,,,,,,,,,,,,,,,,,
,,,,,,,,,,,,,,,,,,,,,,,,
,,,,,,,,,,,,,,,,,,,,,,,,
,,,,,,,,,,,,,,,,,,,,,,,,
,,,,,,,,,,,,,,,,,,,,,,,,
,,,,,,,,,,,,,,,,,,,,,,,,
,,,,,,,,,,,,,,,,,,,,,,,,
,,,,,,,,,,,,,,,,,,,,,,,,
,,,,,,,,,,,,,,,,,,,,,,,,
,,,,,,,,,,,,,,,,,,,,,,,,
,,,,,,,,,,,,,,,,,,,,,,,,
,,,,,,,,,,,,,,,,,,,,,,,,
,,,,,,,,,,,,,,,,,,,,,,,,
,,,,,,,,,,,,,,,,,,,,,,,,
,,,,,,,,,,,,,,,,,,,,,,,,
,,,,,,,,,,,,,,,,,,,,,,,,
,,,,,,,,,,,,,,,,,,,,,,,,
,,,,,,,,,,,,,,,,,,,,,,,,
,,,,,,,,,,,,,,,,,,,,,,,,
,,,,,,,,,,,,,,,,,,,,,,,,
,,,,,,,,,,,,,,,,,,,,,,,,
,,,,,,,,,,,,,,,,,,,,,,,,
,,,,,,,,,,,,,,,,,,,,,,,,
,,,,,,,,,,,,,,,,,,,,,,,,
,,,,,,,,,,,,,,,,,,,,,,,,
,,,,,,,,,,,,,,,,,,,,,,,,
,,,,,,,,,,,,,,,,,,,,,,,,
,,,,,,,,,,,,,,,,,,,,,,,,
,,,,,,,,,,,,,,,,,,,,,,,,
,,,,,,,,,,,,,,,,,,,,,,,,
,,,,,,,,,,,,,,,,,,,,,,,,
,,,,,,,,,,,,,,,,,,,,,,,,
,,,,,,,,,,,,,,,,,,,,,,,,
,,,,,,,,,,,,,,,,,,,,,,,,
,,,,,,,,,,,,,,,,,,,,,,,,
,,,,,,,,,,,,,,,,,,,,,,,,
,,,,,,,,,,,,,,,,,,,,,,,,
,,,,,,,,,,,,,,,,,,,,,,,,
,,,,,,,,,,,,,,,,,,,,,,,,
,,,,,,,,,,,,,,,,,,,,,,,,
,,,,,,,,,,,,,,,,,,,,,,,,
,,,,,,,,,,,,,,,,,,,,,,,,
,,,,,,,,,,,,,,,,,,,,,,,,
,,,,,,,,,,,,,,,,,,,,,,,,
,,,,,,,,,,,,,,,,,,,,,,,,
,,,,,,,,,,,,,,,,,,,,,,,,
,,,,,,,,,,,,,,,,,,,,,,,,
,,,,,,,,,,,,,,,,,,,,,,,,
,,,,,,,,,,,,,,,,,,,,,,,,
,,,,,,,,,,,,,,,,,,,,,,,,
,,,,,,,,,,,,,,,,,,,,,,,,
,,,,,,,,,,,,,,,,,,,,,,,,
,,,,,,,,,,,,,,,,,,,,,,,,
,,,,,,,,,,,,,,,,,,,,,,,,
,,,,,,,,,,,,,,,,,,,,,,,,
,,,,,,,,,,,,,,,,,,,,,,,,
,,,,,,,,,,,,,,,,,,,,,,,,
,,,,,,,,,,,,,,,,,,,,,,,,
,,,,,,,,,,,,,,,,,,,,,,,,
,,,,,,,,,,,,,,,,,,,,,,,,
,,,,,,,,,,,,,,,,,,,,,,,,
,,,,,,,,,,,,,,,,,,,,,,,,
,,,,,,,,,,,,,,,,,,,,,,,,
,,,,,,,,,,,,,,,,,,,,,,,,
,,,,,,,,,,,,,,,,,,,,,,,,
,,,,,,,,,,,,,,,,,,,,,,,,
,,,,,,,,,,,,,,,,,,,,,,,,
,,,,,,,,,,,,,,,,,,,,,,,,
,,,,,,,,,,,,,,,,,,,,,,,,
,,,,,,,,,,,,,,,,,,,,,,,,
,,,,,,,,,,,,,,,,,,,,,,,,
,,,,,,,,,,,,,,,,,,,,,,,,
,,,,,,,,,,,,,,,,,,,,,,,,
,,,,,,,,,,,,,,,,,,,,,,,,
,,,,,,,,,,,,,,,,,,,,,,,,
,,,,,,,,,,,,,,,,,,,,,,,,
,,,,,,,,,,,,,,,,,,,,,,,,
,,,,,,,,,,,,,,,,,,,,,,,,
,,,,,,,,,,,,,,,,,,,,,,,,
,,,,,,,,,,,,,,,,,,,,,,,,
,,,,,,,,,,,,,,,,,,,,,,,,
,,,,,,,,,,,,,,,,,,,,,,,,
,,,,,,,,,,,,,,,,,,,,,,,,
,,,,,,,,,,,,,,,,,,,,,,,,
,,,,,,,,,,,,,,,,,,,,,,,,
,,,,,,,,,,,,,,,,,,,,,,,,
,,,,,,,,,,,,,,,,,,,,,,,,
,,,,,,,,,,,,,,,,,,,,,,,,
,,,,,,,,,,,,,,,,,,,,,,,,
,,,,,,,,,,,,,,,,,,,,,,,,
,,,,,,,,,,,,,,,,,,,,,,,,
,,,,,,,,,,,,,,,,,,,,,,,,
,,,,,,,,,,,,,,,,,,,,,,,,
,,,,,,,,,,,,,,,,,,,,,,,,
,,,,,,,,,,,,,,,,,,,,,,,,
,,,,,,,,,,,,,,,,,,,,,,,,
,,,,,,,,,,,,,,,,,,,,,,,,
,,,,,,,,,,,,,,,,,,,,,,,,
,,,,,,,,,,,,,,,,,,,,,,,,
,,,,,,,,,,,,,,,,,,,,,,,,
,,,,,,,,,,,,,,,,,,,,,,,,
,,,,,,,,,,,,,,,,,,,,,,,,
,,,,,,,,,,,,,,,,,,,,,,,,
,,,,,,,,,,,,,,,,,,,,,,,,
,,,,,,,,,,,,,,,,,,,,,,,,
,,,,,,,,,,,,,,,,,,,,,,,,
,,,,,,,,,,,,,,,,,,,,,,,,
,,,,,,,,,,,,,,,,,,,,,,,,
,,,,,,,,,,,,,,,,,,,,,,,,
,,,,,,,,,,,,,,,,,,,,,,,,
,,,,,,,,,,,,,,,,,,,,,,,,
,,,,,,,,,,,,,,,,,,,,,,,,
,,,,,,,,,,,,,,,,,,,,,,,,
,,,,,,,,,,,,,,,,,,,,,,,,
,,,,,,,,,,,,,,,,,,,,,,,,
,,,,,,,,,,,,,,,,,,,,,,,,
,,,,,,,,,,,,,,,,,,,,,,,,
,,,,,,,,,,,,,,,,,,,,,,,,
,,,,,,,,,,,,,,,,,,,,,,,,
,,,,,,,,,,,,,,,,,,,,,,,,
,,,,,,,,,,,,,,,,,,,,,,,,
,,,,,,,,,,,,,,,,,,,,,,,,
,,,,,,,,,,,,,,,,,,,,,,,,
,,,,,,,,,,,,,,,,,,,,,,,,
,,,,,,,,,,,,,,,,,,,,,,,,
,,,,,,,,,,,,,,,,,,,,,,,,
,,,,,,,,,,,,,,,,,,,,,,,,
,,,,,,,,,,,,,,,,,,,,,,,,
,,,,,,,,,,,,,,,,,,,,,,,,
,,,,,,,,,,,,,,,,,,,,,,,,
,,,,,,,,,,,,,,,,,,,,,,,,
,,,,,,,,,,,,,,,,,,,,,,,,
,,,,,,,,,,,,,,,,,,,,,,,,
,,,,,,,,,,,,,,,,,,,,,,,,
,,,,,,,,,,,,,,,,,,,,,,,,
,,,,,,,,,,,,,,,,,,,,,,,,
,,,,,,,,,,,,,,,,,,,,,,,,
,,,,,,,,,,,,,,,,,,,,,,,,
,,,,,,,,,,,,,,,,,,,,,,,,
,,,,,,,,,,,,,,,,,,,,,,,,
,,,,,,,,,,,,,,,,,,,,,,,,
,,,,,,,,,,,,,,,,,,,,,,,,
,,,,,,,,,,,,,,,,,,,,,,,,
,,,,,,,,,,,,,,,,,,,,,,,,
,,,,,,,,,,,,,,,,,,,,,,,,
,,,,,,,,,,,,,,,,,,,,,,,,
,,,,,,,,,,,,,,,,,,,,,,,,
,,,,,,,,,,,,,,,,,,,,,,,,
,,,,,,,,,,,,,,,,,,,,,,,,
,,,,,,,,,,,,,,,,,,,,,,,,
,,,,,,,,,,,,,,,,,,,,,,,,
,,,,,,,,,,,,,,,,,,,,,,,,
,,,,,,,,,,,,,,,,,,,,,,,,
,,,,,,,,,,,,,,,,,,,,,,,,
,,,,,,,,,,,,,,,,,,,,,,,,
,,,,,,,,,,,,,,,,,,,,,,,,
,,,,,,,,,,,,,,,,,,,,,,,,
,,,,,,,,,,,,,,,,,,,,,,,,
,,,,,,,,,,,,,,,,,,,,,,,,
,,,,,,,,,,,,,,,,,,,,,,,,
,,,,,,,,,,,,,,,,,,,,,,,,
,,,,,,,,,,,,,,,,,,,,,,,,
,,,,,,,,,,,,,,,,,,,,,,,,
,,,,,,,,,,,,,,,,,,,,,,,,
,,,,,,,,,,,,,,,,,,,,,,,,
,,,,,,,,,,,,,,,,,,,,,,,,
,,,,,,,,,,,,,,,,,,,,,,,,
,,,,,,,,,,,,,,,,,,,,,,,,
,,,,,,,,,,,,,,,,,,,,,,,,
,,,,,,,,,,,,,,,,,,,,,,,,
,,,,,,,,,,,,,,,,,,,,,,,,
,,,,,,,,,,,,,,,,,,,,,,,,
,,,,,,,,,,,,,,,,,,,,,,,,
,,,,,,,,,,,,,,,,,,,,,,,,
,,,,,,,,,,,,,,,,,,,,,,,,
,,,,,,,,,,,,,,,,,,,,,,,,
,,,,,,,,,,,,,,,,,,,,,,,,
,,,,,,,,,,,,,,,,,,,,,,,,
,,,,,,,,,,,,,,,,,,,,,,,,
,,,,,,,,,,,,,,,,,,,,,,,,
,,,,,,,,,,,,,,,,,,,,,,,,
,,,,,,,,,,,,,,,,,,,,,,,,
,,,,,,,,,,,,,,,,,,,,,,,,
,,,,,,,,,,,,,,,,,,,,,,,,
,,,,,,,,,,,,,,,,,,,,,,,,
,,,,,,,,,,,,,,,,,,,,,,,,
,,,,,,,,,,,,,,,,,,,,,,,,
,,,,,,,,,,,,,,,,,,,,,,,,
,,,,,,,,,,,,,,,,,,,,,,,,
,,,,,,,,,,,,,,,,,,,,,,,,
,,,,,,,,,,,,,,,,,,,,,,,,
,,,,,,,,,,,,,,,,,,,,,,,,
,,,,,,,,,,,,,,,,,,,,,,,,
,,,,,,,,,,,,,,,,,,,,,,,,
,,,,,,,,,,,,,,,,,,,,,,,,
,,,,,,,,,,,,,,,,,,,,,,,,
,,,,,,,,,,,,,,,,,,,,,,,,
,,,,,,,,,,,,,,,,,,,,,,,,
,,,,,,,,,,,,,,,,,,,,,,,,
,,,,,,,,,,,,,,,,,,,,,,,,
,,,,,,,,,,,,,,,,,,,,,,,,
,,,,,,,,,,,,,,,,,,,,,,,,
,,,,,,,,,,,,,,,,,,,,,,,,
,,,,,,,,,,,,,,,,,,,,,,,,
,,,,,,,,,,,,,,,,,,,,,,,,
,,,,,,,,,,,,,,,,,,,,,,,,
,,,,,,,,,,,,,,,,,,,,,,,,
,,,,,,,,,,,,,,,,,,,,,,,,
,,,,,,,,,,,,,,,,,,,,,,,,
,,,,,,,,,,,,,,,,,,,,,,,,
,,,,,,,,,,,,,,,,,,,,,,,,
,,,,,,,,,,,,,,,,,,,,,,,,
,,,,,,,,,,,,,,,,,,,,,,,,
,,,,,,,,,,,,,,,,,,,,,,,,
,,,,,,,,,,,,,,,,,,,,,,,,
,,,,,,,,,,,,,,,,,,,,,,,,
,,,,,,,,,,,,,,,,,,,,,,,,
,,,,,,,,,,,,,,,,,,,,,,,,
,,,,,,,,,,,,,,,,,,,,,,,,
,,,,,,,,,,,,,,,,,,,,,,,,
,,,,,,,,,,,,,,,,,,,,,,,,
,,,,,,,,,,,,,,,,,,,,,,,,
,,,,,,,,,,,,,,,,,,,,,,,,
,,,,,,,,,,,,,,,,,,,,,,,,
,,,,,,,,,,,,,,,,,,,,,,,,
,,,,,,,,,,,,,,,,,,,,,,,,
,,,,,,,,,,,,,,,,,,,,,,,,
,,,,,,,,,,,,,,,,,,,,,,,,
,,,,,,,,,,,,,,,,,,,,,,,,
,,,,,,,,,,,,,,,,,,,,,,,,
,,,,,,,,,,,,,,,,,,,,,,,,
,,,,,,,,,,,,,,,,,,,,,,,,
,,,,,,,,,,,,,,,,,,,,,,,,
,,,,,,,,,,,,,,,,,,,,,,,,
,,,,,,,,,,,,,,,,,,,,,,,,
,,,,,,,,,,,,,,,,,,,,,,,,
,,,,,,,,,,,,,,,,,,,,,,,,
,,,,,,,,,,,,,,,,,,,,,,,,
,,,,,,,,,,,,,,,,,,,,,,,,
,,,,,,,,,,,,,,,,,,,,,,,,
,,,,,,,,,,,,,,,,,,,,,,,,
,,,,,,,,,,,,,,,,,,,,,,,,
,,,,,,,,,,,,,,,,,,,,,,,,
,,,,,,,,,,,,,,,,,,,,,,,,
,,,,,,,,,,,,,,,,,,,,,,,,
,,,,,,,,,,,,,,,,,,,,,,,,
,,,,,,,,,,,,,,,,,,,,,,,,
,,,,,,,,,,,,,,,,,,,,,,,,
,,,,,,,,,,,,,,,,,,,,,,,,
,,,,,,,,,,,,,,,,,,,,,,,,
,,,,,,,,,,,,,,,,,,,,,,,,
,,,,,,,,,,,,,,,,,,,,,,,,
,,,,,,,,,,,,,,,,,,,,,,,,
,,,,,,,,,,,,,,,,,,,,,,,,
,,,,,,,,,,,,,,,,,,,,,,,,
,,,,,,,,,,,,,,,,,,,,,,,,
,,,,,,,,,,,,,,,,,,,,,,,,
,,,,,,,,,,,,,,,,,,,,,,,,
,,,,,,,,,,,,,,,,,,,,,,,,
,,,,,,,,,,,,,,,,,,,,,,,,
,,,,,,,,,,,,,,,,,,,,,,,,
,,,,,,,,,,,,,,,,,,,,,,,,
,,,,,,,,,,,,,,,,,,,,,,,,
,,,,,,,,,,,,,,,,,,,,,,,,
,,,,,,,,,,,,,,,,,,,,,,,,
,,,,,,,,,,,,,,,,,,,,,,,,
,,,,,,,,,,,,,,,,,,,,,,,,
,,,,,,,,,,,,,,,,,,,,,,,,
,,,,,,,,,,,,,,,,,,,,,,,,
,,,,,,,,,,,,,,,,,,,,,,,,
,,,,,,,,,,,,,,,,,,,,,,,,
,,,,,,,,,,,,,,,,,,,,,,,,
,,,,,,,,,,,,,,,,,,,,,,,,
,,,,,,,,,,,,,,,,,,,,,,,,
,,,,,,,,,,,,,,,,,,,,,,,,
,,,,,,,,,,,,,,,,,,,,,,,,
,,,,,,,,,,,,,,,,,,,,,,,,
,,,,,,,,,,,,,,,,,,,,,,,,
,,,,,,,,,,,,,,,,,,,,,,,,
,,,,,,,,,,,,,,,,,,,,,,,,
,,,,,,,,,,,,,,,,,,,,,,,,
,,,,,,,,,,,,,,,,,,,,,,,,
,,,,,,,,,,,,,,,,,,,,,,,,
,,,,,,,,,,,,,,,,,,,,,,,,
,,,,,,,,,,,,,,,,,,,,,,,,
,,,,,,,,,,,,,,,,,,,,,,,,
,,,,,,,,,,,,,,,,,,,,,,,,
,,,,,,,,,,,,,,,,,,,,,,,,
,,,,,,,,,,,,,,,,,,,,,,,,
,,,,,,,,,,,,,,,,,,,,,,,,
,,,,,,,,,,,,,,,,,,,,,,,,
,,,,,,,,,,,,,,,,,,,,,,,,
,,,,,,,,,,,,,,,,,,,,,,,,
,,,,,,,,,,,,,,,,,,,,,,,,
,,,,,,,,,,,,,,,,,,,,,,,,
,,,,,,,,,,,,,,,,,,,,,,,,
,,,,,,,,,,,,,,,,,,,,,,,,
,,,,,,,,,,,,,,,,,,,,,,,,
,,,,,,,,,,,,,,,,,,,,,,,,
,,,,,,,,,,,,,,,,,,,,,,,,
,,,,,,,,,,,,,,,,,,,,,,,,
,,,,,,,,,,,,,,,,,,,,,,,,
,,,,,,,,,,,,,,,,,,,,,,,,
,,,,,,,,,,,,,,,,,,,,,,,,
,,,,,,,,,,,,,,,,,,,,,,,,
,,,,,,,,,,,,,,,,,,,,,,,,
,,,,,,,,,,,,,,,,,,,,,,,,
,,,,,,,,,,,,,,,,,,,,,,,,
,,,,,,,,,,,,,,,,,,,,,,,,
,,,,,,,,,,,,,,,,,,,,,,,,
,,,,,,,,,,,,,,,,,,,,,,,,
,,,,,,,,,,,,,,,,,,,,,,,,
,,,,,,,,,,,,,,,,,,,,,,,,
,,,,,,,,,,,,,,,,,,,,,,,,
,,,,,,,,,,,,,,,,,,,,,,,,
,,,,,,,,,,,,,,,,,,,,,,,,
,,,,,,,,,,,,,,,,,,,,,,,,
,,,,,,,,,,,,,,,,,,,,,,,,
,,,,,,,,,,,,,,,,,,,,,,,,
,,,,,,,,,,,,,,,,,,,,,,,,
,,,,,,,,,,,,,,,,,,,,,,,,
,,,,,,,,,,,,,,,,,,,,,,,,