method,space,clone,w2_raw_mean,w2_raw_std,w2_scaled_mean,n_runs,clone_size_src,clone_size_tgt,clone_size_d6,dominant_fate,multipotency,pseudotime_spread,clone_size_d4,initial_var_dm,initial_var_pc
DeepRUOT,dm10,Clone_1099,0.010156895459040225,0.00034351032463635376,0.010156895459040225,4,9,47,47,Neutrophil,1,0.053959359129898465,9,0.29777317698898875,3.337828069267898
DeepRUOT,dm10,Clone_123,0.00619763311783555,0.0007471295958725513,0.00619763311783555,4,5,20,20,Monocyte,2,0.15722704683732244,5,0.037467114762215085,6.415137112580283
DeepRUOT,dm10,Clone_1258,0.006870998285253175,0.000235429094278683,0.006870998285253175,4,3,22,22,Mast,2,0.09900429193938569,3,20.624729215903553,26.133309849855884
DeepRUOT,dm10,Clone_1301,0.0043159382909907,0.0006138749592810633,0.0043159382909907,4,4,30,30,Monocyte,1,0.03793767532434031,4,0.06186000294475383,6.19803119852318
DeepRUOT,dm10,Clone_1305,0.004129483064650825,0.00023789591279564458,0.004129483064650825,4,5,28,28,Meg,1,0.0179797039386251,5,0.5550304759957555,26.428597456370337
DeepRUOT,dm10,Clone_1370,0.0031924383969862253,0.0010929985623152926,0.0031924383969862253,4,12,19,19,Baso,1,0.03926130705362045,12,0.3240291367958321,8.369059259531936
DeepRUOT,dm10,Clone_1404,0.00551037902442985,0.0007027038690525046,0.00551037902442985,4,3,27,27,Monocyte,1,0.04995117992427936,3,0.00964406749029162,8.884967276354372
DeepRUOT,dm10,Clone_1440,0.00291731221701305,0.0006542822812684689,0.00291731221701305,4,16,18,18,undiff,0,0.07226473897493672,16,0.22763692122432397,7.619776527099585
DeepRUOT,dm10,Clone_1479,0.007547265001041475,0.0006925629343567147,0.007547265001041475,4,7,17,17,Mast,2,0.1370584143059133,7,0.5230322542383166,7.563059149692875
DeepRUOT,dm10,Clone_1562,0.0071662697855348996,0.0006648225875561337,0.0071662697855348996,4,2,23,23,Monocyte,1,0.041945954015674455,2,0.01161538143916909,3.522021547191701
DeepRUOT,dm10,Clone_17,0.0038036456050448003,0.0002415442454572708,0.0038036456050448003,4,4,22,22,Mast,1,0.06494028098519304,4,0.6844030529191332,19.73125013077922
DeepRUOT,dm10,Clone_1967,0.003869923951037,0.0006628280368772629,0.003869923951037,4,3,26,26,Monocyte,1,0.03640561259918894,3,0.020713241978456087,2.9477736277230657
DeepRUOT,dm10,Clone_1972,0.007416545603802574,0.0005785584254924515,0.007416545603802574,4,7,13,13,Baso,2,0.13725123613922102,7,2.675025161902477,10.49052026525043
DeepRUOT,dm10,Clone_1998,0.00642121570773965,0.0005594675086642032,0.00642121570773965,4,10,23,23,Monocyte,2,0.1423182842137415,10,6.949860529104069,30.72852575861241
DeepRUOT,dm10,Clone_2039,0.00372750481741335,0.0005735395259321355,0.00372750481741335,4,19,29,29,Monocyte,2,0.12277062374618217,19,2.7557158962022528,11.681538709433966
DeepRUOT,dm10,Clone_2094,0.00497884344215785,0.0008672580547321768,0.00497884344215785,4,7,23,23,Baso,2,0.05430278738110706,7,3.8538178110131516,17.04827261695845
DeepRUOT,dm10,Clone_2109,0.006987098934389049,0.00089717390453607,0.006987098934389049,4,3,18,18,Baso,1,0.07032339916594173,3,2.974747834495287,13.592385899152859
DeepRUOT,dm10,Clone_2111,0.0038773821694281,0.00031158770852008244,0.0038773821694281,4,18,20,20,Neutrophil,2,0.08078452418450575,18,1.6119604989013196,7.8044678698900904
DeepRUOT,dm10,Clone_2272,0.00477732318993805,0.0005288700817646792,0.00477732318993805,4,5,23,23,Baso,2,0.12222408058193349,5,0.2346137980849938,4.667298953752019
DeepRUOT,dm10,Clone_2281,0.006062954965024025,0.0006771050243027005,0.006062954965024025,4,2,20,20,Monocyte,1,0.06649945459192291,2,0.026005285019009235,1.8566046229902842
DeepRUOT,dm10,Clone_2387,0.005579218132360325,0.0006786123091615665,0.005579218132360325,4,2,32,32,Monocyte,1,0.045202805437437966,2,0.12215015208036642,6.436911044268188
DeepRUOT,dm10,Clone_2407,0.00457743398298895,0.0005241253092149971,0.00457743398298895,4,2,27,27,Monocyte,2,0.030209314460111863,2,0.0363670033133063,2.9163751445345993
DeepRUOT,dm10,Clone_2445,0.003274890614040175,0.0005922154998928236,0.003274890614040175,4,4,18,18,undiff,0,0.03277816679819855,4,0.24408911927943375,7.960521955494343
DeepRUOT,dm10,Clone_2490,0.008456364426202,0.0008644014301019072,0.008456364426202,4,1,24,24,Baso,1,0.0714375538299548,1,,
DeepRUOT,dm10,Clone_2585,0.007691138091389525,0.0009316226970994216,0.007691138091389525,4,5,26,26,Baso,1,0.06257724589752804,5,0.4887596739832424,9.400750433049533
DeepRUOT,dm10,Clone_2712,0.0042956386575295005,0.000796953406413716,0.0042956386575295005,4,3,20,20,Monocyte,1,0.05421281879936427,3,0.08668884255758623,4.541710583071635
DeepRUOT,dm10,Clone_2735,0.0076113546464785745,0.0004188348599947084,0.0076113546464785745,4,20,10,10,Monocyte,2,0.16732301294620547,20,4.610536081132733,13.558797550667286
DeepRUOT,dm10,Clone_2768,0.0042634120702072,0.0007833005005498385,0.0042634120702072,4,3,33,33,Baso,3,0.05223903918151864,3,0.28138516443175327,10.327101976518657
DeepRUOT,dm10,Clone_3083,0.00337480401701765,0.0006146956000045774,0.00337480401701765,4,3,28,28,Monocyte,1,0.021268575073960266,3,0.029011129114977947,4.9845196559107965
DeepRUOT,dm10,Clone_3250,0.01940162542761295,0.00020516555294119337,0.01940162542761295,4,5,84,84,Meg,3,0.21489887254115192,5,0.7386909921268279,13.510531343329792
DeepRUOT,dm10,Clone_3269,0.009765473087887874,0.0004992212531259679,0.009765473087887874,4,3,48,48,Mast,2,0.06774750030996113,3,0.2311131219726578,5.349833431922124
DeepRUOT,dm10,Clone_3330,0.0036252389415197253,0.0003977178855346804,0.0036252389415197253,4,18,22,22,Neutrophil,2,0.08219859655244563,18,1.141745852155684,5.62091920165215
DeepRUOT,dm10,Clone_3336,0.0029348465856503,0.0004225505258192305,0.0029348465856503,4,11,14,14,Neutrophil,1,0.02905610200385194,11,0.37168596294169925,4.9470671507570785
DeepRUOT,dm10,Clone_3349,0.0048789338156236504,0.0005070427061777416,0.0048789338156236504,4,2,33,33,Monocyte,3,0.08510469065270893,2,0.007409246483237295,2.9855483489218093
DeepRUOT,dm10,Clone_3391,0.00767990828830485,0.0009247961701457036,0.00767990828830485,4,2,20,20,Baso,1,0.049304815246206155,2,0.0031898759376497443,10.516659247656612
DeepRUOT,dm10,Clone_3429,0.010186044950614051,0.0007306167760842918,0.010186044950614051,4,20,1,1,Monocyte,1,0.0,20,1.2106735172871403,6.561291108224228
DeepRUOT,dm10,Clone_3438,0.003047294177376925,0.0005378033765840739,0.003047294177376925,4,31,60,60,Monocyte,2,0.05403636556885514,31,1.8515856965966984,9.24900737000312
DeepRUOT,dm10,Clone_3522,0.0065299135571656,0.0005206981478922804,0.0065299135571656,4,6,41,41,Neutrophil,2,0.13405377074455824,6,0.7101373222154671,3.497397656656704
DeepRUOT,dm10,Clone_358,0.0026587138099349,0.000741430717428079,0.0026587138099349,4,9,18,18,undiff,0,0.021143447576289647,9,0.12479959213126325,3.8640199482448963
DeepRUOT,dm10,Clone_3585,0.0061108178466408244,0.000839466060146872,0.0061108178466408244,4,6,70,70,Baso,3,0.06845826625704189,6,2.5918908186280167,7.57290917923037
DeepRUOT,dm10,Clone_3619,0.00604930872041495,0.0007358835879979079,0.00604930872041495,4,2,24,24,Monocyte,1,0.03402846784521976,2,0.018038181964413612,6.091645300053623
DeepRUOT,dm10,Clone_3682,0.008165657470665375,0.000551191659607788,0.008165657470665375,4,9,55,55,Baso,3,0.06771963051087009,9,0.32762931265207107,5.171878406383085
DeepRUOT,dm10,Clone_3718,0.0031367583207897003,0.0004817392890238163,0.0031367583207897003,4,4,29,29,undiff,0,0.021676354425988455,4,0.022966480440644012,5.791671691579242
DeepRUOT,dm10,Clone_3736,0.00289408685105485,0.0005997855248123048,0.00289408685105485,4,9,13,13,Monocyte,1,0.023466874751066718,9,1.7376384028382348,14.794947589668128
DeepRUOT,dm10,Clone_374,0.005240860101491875,0.0006414856114567753,0.005240860101491875,4,10,15,15,Neutrophil,1,0.06616983226232935,10,4.132377803817445,9.39538486096213
DeepRUOT,dm10,Clone_3840,0.007126274434043325,0.0005274622875577742,0.007126274434043325,4,35,46,46,Neutrophil,2,0.1449663979882648,35,2.0556227889900978,6.576694866473939
DeepRUOT,dm10,Clone_3887,0.003164966458091975,0.0006035151725395677,0.003164966458091975,4,19,28,28,Monocyte,2,0.04869020778965274,19,3.476511776859283,13.785224414532609
DeepRUOT,dm10,Clone_398,0.011526027520017124,0.0003012177306683342,0.011526027520017124,4,2,25,25,Meg,2,0.15351807517177313,2,4.455718918993581,12.844691127701376
DeepRUOT,dm10,Clone_401,0.003210524672702075,0.0004998909883501785,0.003210524672702075,4,2,21,21,undiff,0,0.009449906913408267,2,0.2927615511143181,6.016866547846647
DeepRUOT,dm10,Clone_405,0.0033564522208637004,0.0005493566197909846,0.0033564522208637004,4,18,24,24,Monocyte,2,0.05375761713677556,18,4.660732777437484,15.991837219935185
DeepRUOT,dm10,Clone_4205,0.006129803147754725,0.0007396410520788122,0.006129803147754725,4,5,16,16,Baso,1,0.03581221833879433,5,5.6779224662861845,30.622954423981827
DeepRUOT,dm10,Clone_4226,0.0027677532839091748,0.0006322127963233811,0.0027677532839091748,4,11,42,42,Monocyte,1,0.012150251433044212,11,0.20838978733154445,6.251213172478858
DeepRUOT,dm10,Clone_4276,0.00681587831994035,0.0006437980956625542,0.00681587831994035,4,2,23,23,Baso,2,0.1934655599160797,2,0.012509268371559253,3.7765158688102494
DeepRUOT,dm10,Clone_4316,0.0126434013173732,0.00025529180925111034,0.0126434013173732,4,11,9,9,Monocyte,2,0.04837580077314802,11,29.02447788355479,22.038395207847277
DeepRUOT,dm10,Clone_4456,0.005145549821320049,0.0006761585070843513,0.005145549821320049,4,4,16,16,Monocyte,1,0.036943296178177924,4,0.13814141869561275,7.263852993390859
DeepRUOT,dm10,Clone_4483,0.0056372333416568506,0.00045894086774740927,0.0056372333416568506,4,4,20,20,Neutrophil,2,0.1602617435581773,4,0.03898512500450519,4.865352645256264
DeepRUOT,dm10,Clone_449,0.006002298463279225,0.0006890434238623903,0.006002298463279225,4,3,27,27,Monocyte,1,0.06868739538943391,3,0.27409014173352764,5.2429907844997965
DeepRUOT,dm10,Clone_4571,0.005841982791754025,0.0008022160336055048,0.005841982791754025,4,4,27,27,Baso,2,0.1357723332643678,4,0.25609418945890317,7.061109485182975
DeepRUOT,dm10,Clone_4604,0.00681273049292135,0.0006368176595727675,0.00681273049292135,4,4,25,25,Monocyte,2,0.05356076429417436,4,0.044939384982890546,3.0536306497695627
DeepRUOT,dm10,Clone_4665,0.006380712771405675,0.0005159781388309363,0.006380712771405675,4,3,19,19,Neutrophil,3,0.14966562616430215,3,0.17695997318332657,9.240128549697486
DeepRUOT,dm10,Clone_4683,0.0071301048499119,0.00034944183107186316,0.0071301048499119,4,1,36,36,Erythroid,3,0.08348765003611086,1,,
DeepRUOT,dm10,Clone_4774,0.008036281830316926,0.000330386183513926,0.008036281830316926,4,12,10,10,Neutrophil,2,0.05335751573019172,12,3.799525885687359,11.968227690319242
DeepRUOT,dm10,Clone_478,0.002960533284012975,0.0005268573229631502,0.002960533284012975,4,2,20,20,undiff,0,0.005217821387869499,2,0.030646718481618086,7.412988228499486
DeepRUOT,dm10,Clone_4948,0.00563510718562695,0.00031815105655731696,0.00563510718562695,4,27,17,17,Monocyte,2,0.14859350629385978,27,3.57026365785626,15.907369625636797
DeepRUOT,dm10,Clone_4968,0.007786367500696725,0.0005528538776210618,0.007786367500696725,4,8,30,30,Monocyte,2,0.10429341441030007,8,0.5435719615590234,4.13910423885042
DeepRUOT,dm10,Clone_4996,0.00730924419468945,0.0002047768112164989,0.00730924419468945,4,14,10,10,Neutrophil,1,0.07107146688614559,14,7.954690681829848,12.909653109980116
DeepRUOT,dm10,Clone_5034,0.006073440511635975,0.0008275876708496271,0.006073440511635975,4,4,21,21,Baso,1,0.159610443251006,4,0.12845476877794174,6.51458597028454
DeepRUOT,dm10,Clone_5046,0.004430857910450875,0.0005629430423456203,0.004430857910450875,4,2,25,25,Monocyte,2,0.036544332378646176,2,0.045417112350472855,3.935035469412358
DeepRUOT,dm10,Clone_5198,0.004860932853603925,0.000995859793856845,0.004860932853603925,4,5,15,15,Baso,2,0.07567549446073076,5,0.8724133041043036,8.464522614417485
DeepRUOT,dm10,Clone_5252,0.00280574818903215,0.0006858983286748793,0.00280574818903215,4,9,21,21,undiff,0,0.014748342389116705,9,0.31226500236551347,7.85288886189962
DeepRUOT,dm10,Clone_5287,0.007423007660302626,0.0006837404554306143,0.007423007660302626,4,3,19,19,Monocyte,1,0.04374899620840231,3,0.0590240697163808,2.86214589353189
DeepRUOT,dm10,Clone_5404,0.002856501869718225,0.00048488763279260313,0.002856501869718225,4,23,33,33,Monocyte,2,0.05720455621213418,23,3.2381705817300763,14.366611171892627
DeepRUOT,dm10,Clone_5480,0.0150259015725272,7.688541510442174e-05,0.0150259015725272,4,10,16,16,Monocyte,3,0.12649564163123084,10,7.337588514932368,18.383384883823638
DeepRUOT,dm10,Clone_5483,0.003950905883937075,0.0007786798200231437,0.003950905883937075,4,7,31,31,Baso,2,0.09449253928666737,7,0.04005269263211243,3.614142967506261
DeepRUOT,dm10,Clone_5487,0.00330865079541495,0.0002502497620797264,0.00330865079541495,4,11,10,10,Mast,1,0.04127145001699628,11,0.7283743790979443,9.897448906559015
DeepRUOT,dm10,Clone_5518,0.0037558926738047753,0.0004499935921510666,0.0037558926738047753,4,4,17,17,undiff,0,0.014316176176095553,4,0.011291597163589453,2.3765065038163797
DeepRUOT,dm10,Clone_5523,0.00324792198254815,0.0004947223050721861,0.00324792198254815,4,2,19,19,undiff,0,0.0050717912745230735,2,0.0014205264430334596,9.100217444356625
DeepRUOT,dm10,Clone_5526,0.0063423621307467995,0.0006957920785107148,0.0063423621307467995,4,3,17,17,Monocyte,1,0.031230358387934264,3,0.03602799911927636,5.257854544433243
DeepRUOT,dm10,Clone_569,0.006476489413330225,0.0007130042641485321,0.006476489413330225,4,3,19,19,Monocyte,1,0.05450518504582877,3,0.07908025592995396,5.453396173682699
DeepRUOT,dm10,Clone_5717,0.0096251009409648,0.00040548621758844703,0.0096251009409648,4,3,37,37,Mast,2,0.11087369308289872,3,0.8247957661025747,5.866889794030414
DeepRUOT,dm10,Clone_5748,0.003528919615371425,0.0004200258303715003,0.003528919615371425,4,5,26,26,undiff,0,0.032069898139824284,5,0.034482824066289844,7.943323453209238
DeepRUOT,dm10,Clone_5791,0.0051907804459686,0.0005224538308259609,0.0051907804459686,4,21,21,21,Baso,3,0.1665301798686713,21,4.142258093309941,17.87387451481119
DeepRUOT,dm10,Clone_5793,0.00470384300316645,0.00012673590380981898,0.00470384300316645,4,8,12,12,Meg,1,0.05049900483188226,8,1.3444364651155936,5.807091296949124
DeepRUOT,dm10,Clone_5842,0.01881539265839035,0.00021156917225183171,0.01881539265839035,4,11,31,31,Meg,1,0.21745360025943325,11,0.8956015221870341,8.828171208356217
DeepRUOT,dm10,Clone_685,0.0043372639033900495,0.0006136513323921441,0.0043372639033900495,4,21,18,18,Monocyte,2,0.0948658829099985,21,2.2438547105633093,9.754974854131712
DeepRUOT,dm10,Clone_722,0.0036692021489341,0.00039507401039249896,0.0036692021489341,4,2,18,18,undiff,0,0.03728958569635448,2,0.014897505819378041,5.770397204110029
DeepRUOT,dm10,Clone_766,0.009369374744073549,0.0004680644755614781,0.009369374744073549,4,38,37,37,Neutrophil,2,0.1210815502835224,38,3.508582348949434,9.398724839588569
DeepRUOT,dm10,Clone_777,0.01087021205967525,0.0003413942668107018,0.01087021205967525,4,1,22,22,Erythroid,2,0.17489720952718177,1,,
DeepRUOT,dm10,Clone_862,0.003472610569294,0.0004249565356615543,0.003472610569294,4,3,21,21,undiff,0,0.030167572564979702,3,0.026815525245022287,6.807423705182
DeepRUOT,dm10,Clone_961,0.0059421303713478,0.0006779415600847082,0.0059421303713478,4,1,23,23,Monocyte,1,0.052456917900614165,1,,
DeepRUOT,dm10,Clone_965,0.01189560581340465,0.00016578698361787746,0.01189560581340465,4,9,11,11,Neutrophil,1,0.04335901937142737,9,0.32812961290615106,4.715085674223594
DeepRUOT,dm10,Clone_971,0.012739771019412675,0.00023396462752833504,0.012739771019412675,4,3,29,29,Monocyte,2,0.06889340954070368,3,0.15478277288639583,18.18883813482805
DeepRUOT,pc30,Clone_1099,13.098549841533275,0.9564974738214729,13.098549841533275,4,9,47,47,Neutrophil,1,0.053959359129898465,9,0.29777317698898875,3.337828069267898
DeepRUOT,pc30,Clone_123,15.468327237749724,0.4298455782744959,15.468327237749724,4,5,20,20,Monocyte,2,0.15722704683732244,5,0.037467114762215085,6.415137112580283
DeepRUOT,pc30,Clone_1258,12.089885191084786,0.732466028831595,12.089885191084786,4,3,22,22,Mast,2,0.09900429193938569,3,20.624729215903553,26.133309849855884
DeepRUOT,pc30,Clone_1301,9.697150380653012,0.8838083553303284,9.697150380653012,4,4,30,30,Monocyte,1,0.03793767532434031,4,0.06186000294475383,6.19803119852318
DeepRUOT,pc30,Clone_1305,9.622185365041009,0.7485533530243936,9.622185365041009,4,5,28,28,Meg,1,0.0179797039386251,5,0.5550304759957555,26.428597456370337
DeepRUOT,pc30,Clone_1370,8.69370718443281,0.06021256799565993,8.69370718443281,4,12,19,19,Baso,1,0.03926130705362045,12,0.3240291367958321,8.369059259531936
DeepRUOT,pc30,Clone_1404,13.969811573331523,0.320898015474124,13.969811573331523,4,3,27,27,Monocyte,1,0.04995117992427936,3,0.00964406749029162,8.884967276354372
DeepRUOT,pc30,Clone_1440,6.32214159677247,0.2520558539591897,6.32214159677247,4,16,18,18,undiff,0,0.07226473897493672,16,0.22763692122432397,7.619776527099585
DeepRUOT,pc30,Clone_1479,8.486540115643713,0.468051940876578,8.486540115643713,4,7,17,17,Mast,2,0.1370584143059133,7,0.5230322542383166,7.563059149692875
DeepRUOT,pc30,Clone_1562,15.651067346094006,0.37645500683417304,15.651067346094006,4,2,23,23,Monocyte,1,0.041945954015674455,2,0.01161538143916909,3.522021547191701
DeepRUOT,pc30,Clone_17,14.173596409825205,1.3491672355181528,14.173596409825205,4,4,22,22,Mast,1,0.06494028098519304,4,0.6844030529191332,19.73125013077922
DeepRUOT,pc30,Clone_1967,8.40921794408587,0.48239855473575927,8.40921794408587,4,3,26,26,Monocyte,1,0.03640561259918894,3,0.020713241978456087,2.9477736277230657
DeepRUOT,pc30,Clone_1972,12.053000300784838,0.24255342102458427,12.053000300784838,4,7,13,13,Baso,2,0.13725123613922102,7,2.675025161902477,10.49052026525043
DeepRUOT,pc30,Clone_1998,17.110103294314815,0.27913101468465196,17.110103294314815,4,10,23,23,Monocyte,2,0.1423182842137415,10,6.949860529104069,30.72852575861241
DeepRUOT,pc30,Clone_2039,14.353647267633123,0.6195185824038447,14.353647267633123,4,19,29,29,Monocyte,2,0.12277062374618217,19,2.7557158962022528,11.681538709433966
DeepRUOT,pc30,Clone_2094,20.06943811928489,2.6229857423868554,20.06943811928489,4,7,23,23,Baso,2,0.05430278738110706,7,3.8538178110131516,17.04827261695845
DeepRUOT,pc30,Clone_2109,16.766908487880713,0.4042043992923015,16.766908487880713,4,3,18,18,Baso,1,0.07032339916594173,3,2.974747834495287,13.592385899152859
DeepRUOT,pc30,Clone_2111,11.00337432863661,0.641950520019707,11.00337432863661,4,18,20,20,Neutrophil,2,0.08078452418450575,18,1.6119604989013196,7.8044678698900904
DeepRUOT,pc30,Clone_2272,9.083557894571682,0.3410525651617762,9.083557894571682,4,5,23,23,Baso,2,0.12222408058193349,5,0.2346137980849938,4.667298953752019
DeepRUOT,pc30,Clone_2281,13.129611817330044,0.6085523194375893,13.129611817330044,4,2,20,20,Monocyte,1,0.06649945459192291,2,0.026005285019009235,1.8566046229902842
DeepRUOT,pc30,Clone_2387,11.847505840702635,0.8294246019752632,11.847505840702635,4,2,32,32,Monocyte,1,0.045202805437437966,2,0.12215015208036642,6.436911044268188
DeepRUOT,pc30,Clone_2407,11.482935886997891,0.31720331908260063,11.482935886997891,4,2,27,27,Monocyte,2,0.030209314460111863,2,0.0363670033133063,2.9163751445345993
DeepRUOT,pc30,Clone_2445,8.064458662576673,0.07877816434115413,8.064458662576673,4,4,18,18,undiff,0,0.03277816679819855,4,0.24408911927943375,7.960521955494343
DeepRUOT,pc30,Clone_2490,19.16720356616247,0.11884064084001048,19.16720356616247,4,1,24,24,Baso,1,0.0714375538299548,1,,
DeepRUOT,pc30,Clone_2585,8.908405898330166,0.46297910427408,8.908405898330166,4,5,26,26,Baso,1,0.06257724589752804,5,0.4887596739832424,9.400750433049533
DeepRUOT,pc30,Clone_2712,14.675017158478376,0.4136679948782515,14.675017158478376,4,3,20,20,Monocyte,1,0.05421281879936427,3,0.08668884255758623,4.541710583071635
DeepRUOT,pc30,Clone_2735,16.310301562798163,0.40459533427368705,16.310301562798163,4,20,10,10,Monocyte,2,0.16732301294620547,20,4.610536081132733,13.558797550667286
DeepRUOT,pc30,Clone_2768,11.104298764629661,0.2038357602157742,11.104298764629661,4,3,33,33,Baso,3,0.05223903918151864,3,0.28138516443175327,10.327101976518657
DeepRUOT,pc30,Clone_3083,9.380505246773978,0.24937338629873215,9.380505246773978,4,3,28,28,Monocyte,1,0.021268575073960266,3,0.029011129114977947,4.9845196559107965
DeepRUOT,pc30,Clone_3250,21.60476896892315,1.0451847084614483,21.60476896892315,4,5,84,84,Meg,3,0.21489887254115192,5,0.7386909921268279,13.510531343329792
DeepRUOT,pc30,Clone_3269,14.099216401451912,0.26304841618012986,14.099216401451912,4,3,48,48,Mast,2,0.06774750030996113,3,0.2311131219726578,5.349833431922124
DeepRUOT,pc30,Clone_3330,9.109509249226692,0.5105951328631356,9.109509249226692,4,18,22,22,Neutrophil,2,0.08219859655244563,18,1.141745852155684,5.62091920165215
DeepRUOT,pc30,Clone_3336,5.346695308545395,0.2614061251872174,5.346695308545395,4,11,14,14,Neutrophil,1,0.02905610200385194,11,0.37168596294169925,4.9470671507570785
DeepRUOT,pc30,Clone_3349,12.304300509503143,0.14120842926782826,12.304300509503143,4,2,33,33,Monocyte,3,0.08510469065270893,2,0.007409246483237295,2.9855483489218093
DeepRUOT,pc30,Clone_3391,10.491862789777581,0.331902394687161,10.491862789777581,4,2,20,20,Baso,1,0.049304815246206155,2,0.0031898759376497443,10.516659247656612
DeepRUOT,pc30,Clone_3429,38.12473664221049,0.42982421905614177,38.12473664221049,4,20,1,1,Monocyte,1,0.0,20,1.2106735172871403,6.561291108224228
DeepRUOT,pc30,Clone_3438,14.51684720768825,0.7240832069042804,14.51684720768825,4,31,60,60,Monocyte,2,0.05403636556885514,31,1.8515856965966984,9.24900737000312
DeepRUOT,pc30,Clone_3522,12.37573813974151,0.6138084297825367,12.37573813974151,4,6,41,41,Neutrophil,2,0.13405377074455824,6,0.7101373222154671,3.497397656656704
DeepRUOT,pc30,Clone_358,6.959758122078753,0.30761961185457404,6.959758122078753,4,9,18,18,undiff,0,0.021143447576289647,9,0.12479959213126325,3.8640199482448963
DeepRUOT,pc30,Clone_3585,10.239724862598278,0.17336957881036336,10.239724862598278,4,6,70,70,Baso,3,0.06845826625704189,6,2.5918908186280167,7.57290917923037
DeepRUOT,pc30,Clone_3619,14.045797947289572,0.7546447974657867,14.045797947289572,4,2,24,24,Monocyte,1,0.03402846784521976,2,0.018038181964413612,6.091645300053623
DeepRUOT,pc30,Clone_3682,11.860823887359336,0.46757275888958383,11.860823887359336,4,9,55,55,Baso,3,0.06771963051087009,9,0.32762931265207107,5.171878406383085
DeepRUOT,pc30,Clone_3718,6.375040768620325,0.2799854723509474,6.375040768620325,4,4,29,29,undiff,0,0.021676354425988455,4,0.022966480440644012,5.791671691579242
DeepRUOT,pc30,Clone_3736,14.809039680656294,2.109034538565652,14.809039680656294,4,9,13,13,Monocyte,1,0.023466874751066718,9,1.7376384028382348,14.794947589668128
DeepRUOT,pc30,Clone_374,15.344298037916928,0.27808372281369254,15.344298037916928,4,10,15,15,Neutrophil,1,0.06616983226232935,10,4.132377803817445,9.39538486096213
DeepRUOT,pc30,Clone_3840,13.749594143591747,0.35805317100938433,13.749594143591747,4,35,46,46,Neutrophil,2,0.1449663979882648,35,2.0556227889900978,6.576694866473939
DeepRUOT,pc30,Clone_3887,12.9141005533222,0.6544443414206337,12.9141005533222,4,19,28,28,Monocyte,2,0.04869020778965274,19,3.476511776859283,13.785224414532609
DeepRUOT,pc30,Clone_398,18.377070122730682,0.680993024524663,18.377070122730682,4,2,25,25,Meg,2,0.15351807517177313,2,4.455718918993581,12.844691127701376
DeepRUOT,pc30,Clone_401,8.299389407339776,0.4097065285414976,8.299389407339776,4,2,21,21,undiff,0,0.009449906913408267,2,0.2927615511143181,6.016866547846647
DeepRUOT,pc30,Clone_405,15.760778344777108,0.5966628305573298,15.760778344777108,4,18,24,24,Monocyte,2,0.05375761713677556,18,4.660732777437484,15.991837219935185
DeepRUOT,pc30,Clone_4205,17.877439371938056,0.5859292749348496,17.877439371938056,4,5,16,16,Baso,1,0.03581221833879433,5,5.6779224662861845,30.622954423981827
DeepRUOT,pc30,Clone_4226,6.048575667883344,0.0751695035475011,6.048575667883344,4,11,42,42,Monocyte,1,0.012150251433044212,11,0.20838978733154445,6.251213172478858
DeepRUOT,pc30,Clone_4276,14.403213631466418,0.12853978097345317,14.403213631466418,4,2,23,23,Baso,2,0.1934655599160797,2,0.012509268371559253,3.7765158688102494
DeepRUOT,pc30,Clone_4316,13.103439992945962,0.4288079087027702,13.103439992945962,4,11,9,9,Monocyte,2,0.04837580077314802,11,29.02447788355479,22.038395207847277
DeepRUOT,pc30,Clone_4456,12.172487432449497,0.6518412548382241,12.172487432449497,4,4,16,16,Monocyte,1,0.036943296178177924,4,0.13814141869561275,7.263852993390859
DeepRUOT,pc30,Clone_4483,11.63744080229655,0.3657231337536254,11.63744080229655,4,4,20,20,Neutrophil,2,0.1602617435581773,4,0.03898512500450519,4.865352645256264
DeepRUOT,pc30,Clone_449,12.883526292915056,0.6806274945698784,12.883526292915056,4,3,27,27,Monocyte,1,0.06868739538943391,3,0.27409014173352764,5.2429907844997965
DeepRUOT,pc30,Clone_4571,11.11499578922332,0.3773691375204627,11.11499578922332,4,4,27,27,Baso,2,0.1357723332643678,4,0.25609418945890317,7.061109485182975
DeepRUOT,pc30,Clone_4604,15.148384059228924,0.6201905962565846,15.148384059228924,4,4,25,25,Monocyte,2,0.05356076429417436,4,0.044939384982890546,3.0536306497695627
DeepRUOT,pc30,Clone_4665,15.29635988368531,0.7237285537107762,15.29635988368531,4,3,19,19,Neutrophil,3,0.14966562616430215,3,0.17695997318332657,9.240128549697486
DeepRUOT,pc30,Clone_4683,12.095204716062613,0.09774864992524682,12.095204716062613,4,1,36,36,Erythroid,3,0.08348765003611086,1,,
DeepRUOT,pc30,Clone_4774,16.398005235846796,0.3185885720959529,16.398005235846796,4,12,10,10,Neutrophil,2,0.05335751573019172,12,3.799525885687359,11.968227690319242
DeepRUOT,pc30,Clone_478,7.644659109471046,0.2977129919081127,7.644659109471046,4,2,20,20,undiff,0,0.005217821387869499,2,0.030646718481618086,7.412988228499486
DeepRUOT,pc30,Clone_4948,11.68071945531696,0.20372849540128307,11.68071945531696,4,27,17,17,Monocyte,2,0.14859350629385978,27,3.57026365785626,15.907369625636797
DeepRUOT,pc30,Clone_4968,17.118253814954215,0.9170969384543003,17.118253814954215,4,8,30,30,Monocyte,2,0.10429341441030007,8,0.5435719615590234,4.13910423885042
DeepRUOT,pc30,Clone_4996,16.217162628964026,0.551538975782511,16.217162628964026,4,14,10,10,Neutrophil,1,0.07107146688614559,14,7.954690681829848,12.909653109980116
DeepRUOT,pc30,Clone_5034,11.032784033337208,0.43810139942772425,11.032784033337208,4,4,21,21,Baso,1,0.159610443251006,4,0.12845476877794174,6.51458597028454
DeepRUOT,pc30,Clone_5046,11.643112445162641,0.26650246354482193,11.643112445162641,4,2,25,25,Monocyte,2,0.036544332378646176,2,0.045417112350472855,3.935035469412358
DeepRUOT,pc30,Clone_5198,8.550648148044981,0.11313600460577981,8.550648148044981,4,5,15,15,Baso,2,0.07567549446073076,5,0.8724133041043036,8.464522614417485
DeepRUOT,pc30,Clone_5252,6.63855313550488,0.08668194496685873,6.63855313550488,4,9,21,21,undiff,0,0.014748342389116705,9,0.31226500236551347,7.85288886189962
DeepRUOT,pc30,Clone_5287,17.432666051164478,0.3760641098669616,17.432666051164478,4,3,19,19,Monocyte,1,0.04374899620840231,3,0.0590240697163808,2.86214589353189
DeepRUOT,pc30,Clone_5404,15.184942805415464,0.8010744070141802,15.184942805415464,4,23,33,33,Monocyte,2,0.05720455621213418,23,3.2381705817300763,14.366611171892627
DeepRUOT,pc30,Clone_5480,23.591565822712198,0.3019219839261789,23.591565822712198,4,10,16,16,Monocyte,3,0.12649564163123084,10,7.337588514932368,18.383384883823638
DeepRUOT,pc30,Clone_5483,8.200934281453161,0.34726519702171604,8.200934281453161,4,7,31,31,Baso,2,0.09449253928666737,7,0.04005269263211243,3.614142967506261
DeepRUOT,pc30,Clone_5487,17.097418193105693,2.4476995166927487,17.097418193105693,4,11,10,10,Mast,1,0.04127145001699628,11,0.7283743790979443,9.897448906559015
DeepRUOT,pc30,Clone_5518,8.428158835963332,0.32001787082672395,8.428158835963332,4,4,17,17,undiff,0,0.014316176176095553,4,0.011291597163589453,2.3765065038163797
DeepRUOT,pc30,Clone_5523,10.491072188034963,0.4521622788279855,10.491072188034963,4,2,19,19,undiff,0,0.0050717912745230735,2,0.0014205264430334596,9.100217444356625
DeepRUOT,pc30,Clone_5526,16.81800257654902,0.25421241237096237,16.81800257654902,4,3,17,17,Monocyte,1,0.031230358387934264,3,0.03602799911927636,5.257854544433243
DeepRUOT,pc30,Clone_569,13.920058807025455,0.6479056986756353,13.920058807025455,4,3,19,19,Monocyte,1,0.05450518504582877,3,0.07908025592995396,5.453396173682699
DeepRUOT,pc30,Clone_5717,9.250857187518154,0.045934052609711645,9.250857187518154,4,3,37,37,Mast,2,0.11087369308289872,3,0.8247957661025747,5.866889794030414
DeepRUOT,pc30,Clone_5748,9.7400498439531,0.45550275306604093,9.7400498439531,4,5,26,26,undiff,0,0.032069898139824284,5,0.034482824066289844,7.943323453209238
DeepRUOT,pc30,Clone_5791,13.236169223413109,0.2941838861261831,13.236169223413109,4,21,21,21,Baso,3,0.1665301798686713,21,4.142258093309941,17.87387451481119
DeepRUOT,pc30,Clone_5793,7.230416338146536,0.4410359062967033,7.230416338146536,4,8,12,12,Meg,1,0.05049900483188226,8,1.3444364651155936,5.807091296949124
DeepRUOT,pc30,Clone_5842,18.396023156692877,1.2984488557594058,18.396023156692877,4,11,31,31,Meg,1,0.21745360025943325,11,0.8956015221870341,8.828171208356217
DeepRUOT,pc30,Clone_685,11.029349863111547,0.17049618987340323,11.029349863111547,4,21,18,18,Monocyte,2,0.0948658829099985,21,2.2438547105633093,9.754974854131712
DeepRUOT,pc30,Clone_722,8.791408366177404,0.2401630609165514,8.791408366177404,4,2,18,18,undiff,0,0.03728958569635448,2,0.014897505819378041,5.770397204110029
DeepRUOT,pc30,Clone_766,18.21806561978007,0.26203212149394967,18.21806561978007,4,38,37,37,Neutrophil,2,0.1210815502835224,38,3.508582348949434,9.398724839588569
DeepRUOT,pc30,Clone_777,15.35694536554928,0.21780599324069733,15.35694536554928,4,1,22,22,Erythroid,2,0.17489720952718177,1,,
DeepRUOT,pc30,Clone_862,7.943336511140351,0.25492362679658453,7.943336511140351,4,3,21,21,undiff,0,0.030167572564979702,3,0.026815525245022287,6.807423705182
DeepRUOT,pc30,Clone_961,16.85119746981821,0.23792298161661984,16.85119746981821,4,1,23,23,Monocyte,1,0.052456917900614165,1,,
DeepRUOT,pc30,Clone_965,11.887265577680111,0.9342479838317029,11.887265577680111,4,9,11,11,Neutrophil,1,0.04335901937142737,9,0.32812961290615106,4.715085674223594
DeepRUOT,pc30,Clone_971,17.232109243286544,0.8190007352432411,17.232109243286544,4,3,29,29,Monocyte,2,0.06889340954070368,3,0.15478277288639583,18.18883813482805
MIOFlow,dm10,Clone_1099,0.009176927496751532,0.000507458154678804,,3,9,47,47,Neutrophil,1,0.053959359129898465,9,0.29777317698898875,3.337828069267898
MIOFlow,dm10,Clone_123,0.005612279936254033,0.0007502434035122756,,3,5,20,20,Monocyte,2,0.15722704683732244,5,0.037467114762215085,6.415137112580283
MIOFlow,dm10,Clone_1258,0.0067698877258963,0.0008080441730373256,,3,3,22,22,Mast,2,0.09900429193938569,3,20.624729215903553,26.133309849855884
MIOFlow,dm10,Clone_1301,0.004309403713052233,0.001740895541035526,,3,4,30,30,Monocyte,1,0.03793767532434031,4,0.06186000294475383,6.19803119852318
MIOFlow,dm10,Clone_1305,0.008149673977926066,0.0013037104724325911,,3,5,28,28,Meg,1,0.0179797039386251,5,0.5550304759957555,26.428597456370337
MIOFlow,dm10,Clone_1370,0.0016278636040802,0.00042933216771643025,,3,12,19,19,Baso,1,0.03926130705362045,12,0.3240291367958321,8.369059259531936
MIOFlow,dm10,Clone_1404,0.004934244484210534,0.0016716247905254685,,3,3,27,27,Monocyte,1,0.04995117992427936,3,0.00964406749029162,8.884967276354372
MIOFlow,dm10,Clone_1440,0.0043893287655127,0.001673835888974012,,3,16,18,18,undiff,0,0.07226473897493672,16,0.22763692122432397,7.619776527099585
MIOFlow,dm10,Clone_1479,0.008409954577501466,0.00015381229092440183,,3,7,17,17,Mast,2,0.1370584143059133,7,0.5230322542383166,7.563059149692875
MIOFlow,dm10,Clone_1562,0.007217594151957067,0.0013029975366705433,,3,2,23,23,Monocyte,1,0.041945954015674455,2,0.01161538143916909,3.522021547191701
MIOFlow,dm10,Clone_17,0.005159013524018833,0.0019150860242164666,,3,4,22,22,Mast,1,0.06494028098519304,4,0.6844030529191332,19.73125013077922
MIOFlow,dm10,Clone_1967,0.0039392443896530665,0.002006163038050627,,3,3,26,26,Monocyte,1,0.03640561259918894,3,0.020713241978456087,2.9477736277230657
MIOFlow,dm10,Clone_1972,0.007802039319485701,0.0010154394520274503,,3,7,13,13,Baso,2,0.13725123613922102,7,2.675025161902477,10.49052026525043
MIOFlow,dm10,Clone_1998,0.007170890471269599,0.0008166146889198864,,3,10,23,23,Monocyte,2,0.1423182842137415,10,6.949860529104069,30.72852575861241
MIOFlow,dm10,Clone_2039,0.005079703588142467,0.0007967587726217343,,3,19,29,29,Monocyte,2,0.12277062374618217,19,2.7557158962022528,11.681538709433966
MIOFlow,dm10,Clone_2094,0.006832668498144633,0.0023440249231065336,,3,7,23,23,Baso,2,0.05430278738110706,7,3.8538178110131516,17.04827261695845
MIOFlow,dm10,Clone_2109,0.007599257997395001,0.0005686679365361493,,3,3,18,18,Baso,1,0.07032339916594173,3,2.974747834495287,13.592385899152859
MIOFlow,dm10,Clone_2111,0.004615308077908466,0.0006032066878032061,,3,18,20,20,Neutrophil,2,0.08078452418450575,18,1.6119604989013196,7.8044678698900904
MIOFlow,dm10,Clone_2272,0.0057039364305742,0.0017522109450457326,,3,5,23,23,Baso,2,0.12222408058193349,5,0.2346137980849938,4.667298953752019
MIOFlow,dm10,Clone_2281,0.008428783540204732,0.0013138035896669716,,3,2,20,20,Monocyte,1,0.06649945459192291,2,0.026005285019009235,1.8566046229902842
MIOFlow,dm10,Clone_2387,0.006358988379490334,0.0017490674248478487,,3,2,32,32,Monocyte,1,0.045202805437437966,2,0.12215015208036642,6.436911044268188
MIOFlow,dm10,Clone_2407,0.004925056478832734,0.002498460860601627,,3,2,27,27,Monocyte,2,0.030209314460111863,2,0.0363670033133063,2.9163751445345993
MIOFlow,dm10,Clone_2445,0.005627717278740033,0.0016142305279053246,,3,4,18,18,undiff,0,0.03277816679819855,4,0.24408911927943375,7.960521955494343
MIOFlow,dm10,Clone_2585,0.0074519825566151,0.001312056040277839,,3,5,26,26,Baso,1,0.06257724589752804,5,0.4887596739832424,9.400750433049533
MIOFlow,dm10,Clone_2712,0.008313675596082632,0.002514771779778218,,3,3,20,20,Monocyte,1,0.05421281879936427,3,0.08668884255758623,4.541710583071635
MIOFlow,dm10,Clone_2735,0.008520705317200967,0.0009640431471651824,,3,20,10,10,Monocyte,2,0.16732301294620547,20,4.610536081132733,13.558797550667286
MIOFlow,dm10,Clone_2768,0.003476472255109433,0.00036317017139570607,,3,3,33,33,Baso,3,0.05223903918151864,3,0.28138516443175327,10.327101976518657
MIOFlow,dm10,Clone_3083,0.005319916402076633,0.0012248526228397412,,3,3,28,28,Monocyte,1,0.021268575073960266,3,0.029011129114977947,4.9845196559107965
MIOFlow,dm10,Clone_3250,0.01942943191061953,0.001284110700390069,,3,5,84,84,Meg,3,0.21489887254115192,5,0.7386909921268279,13.510531343329792
MIOFlow,dm10,Clone_3269,0.010554530077161966,0.0018899605858491441,,3,3,48,48,Mast,2,0.06774750030996113,3,0.2311131219726578,5.349833431922124
MIOFlow,dm10,Clone_3330,0.006779990013289633,0.0014835027177289661,,3,18,22,22,Neutrophil,2,0.08219859655244563,18,1.141745852155684,5.62091920165215
MIOFlow,dm10,Clone_3336,0.0031212836522536667,0.0010261977386762388,,3,11,14,14,Neutrophil,1,0.02905610200385194,11,0.37168596294169925,4.9470671507570785
MIOFlow,dm10,Clone_3349,0.005503379972288867,0.0014243928205592846,,3,2,33,33,Monocyte,3,0.08510469065270893,2,0.007409246483237295,2.9855483489218093
MIOFlow,dm10,Clone_3391,0.0072020398758659,0.0017361701249462476,,3,2,20,20,Baso,1,0.049304815246206155,2,0.0031898759376497443,10.516659247656612
MIOFlow,dm10,Clone_3438,0.006546163345183366,0.0006411708307164084,,3,31,60,60,Monocyte,2,0.05403636556885514,31,1.8515856965966984,9.24900737000312
MIOFlow,dm10,Clone_3522,0.0082187692406658,0.0014443912938412104,,3,6,41,41,Neutrophil,2,0.13405377074455824,6,0.7101373222154671,3.497397656656704
MIOFlow,dm10,Clone_358,0.004287743475371766,0.0008117591701551115,,3,9,18,18,undiff,0,0.021143447576289647,9,0.12479959213126325,3.8640199482448963
MIOFlow,dm10,Clone_3585,0.006197816036204434,0.0022652576368669664,,3,6,70,70,Baso,3,0.06845826625704189,6,2.5918908186280167,7.57290917923037
MIOFlow,dm10,Clone_3619,0.006276285467692134,0.0013632786025749716,,3,2,24,24,Monocyte,1,0.03402846784521976,2,0.018038181964413612,6.091645300053623
MIOFlow,dm10,Clone_3682,0.0077016800403653,0.0012283139042827003,,3,9,55,55,Baso,3,0.06771963051087009,9,0.32762931265207107,5.171878406383085
MIOFlow,dm10,Clone_3718,0.003948634196752267,0.002132246849000808,,3,4,29,29,undiff,0,0.021676354425988455,4,0.022966480440644012,5.791671691579242
MIOFlow,dm10,Clone_3736,0.006028608341366433,0.00040467906322386724,,3,9,13,13,Monocyte,1,0.023466874751066718,9,1.7376384028382348,14.794947589668128
MIOFlow,dm10,Clone_374,0.006571522182373033,0.0010767108021899514,,3,10,15,15,Neutrophil,1,0.06616983226232935,10,4.132377803817445,9.39538486096213
MIOFlow,dm10,Clone_3840,0.0070627419834201,0.0023123816996395434,,3,35,46,46,Neutrophil,2,0.1449663979882648,35,2.0556227889900978,6.576694866473939
MIOFlow,dm10,Clone_3887,0.005258800980615667,0.00028893972008927704,,3,19,28,28,Monocyte,2,0.04869020778965274,19,3.476511776859283,13.785224414532609
MIOFlow,dm10,Clone_398,0.011872926445691498,0.0009851679719020184,,3,2,25,25,Meg,2,0.15351807517177313,2,4.455718918993581,12.844691127701376
MIOFlow,dm10,Clone_401,0.0052116001379854,0.002488959363481336,,3,2,21,21,undiff,0,0.009449906913408267,2,0.2927615511143181,6.016866547846647
MIOFlow,dm10,Clone_405,0.0057137282480040005,0.001239521545983281,,3,18,24,24,Monocyte,2,0.05375761713677556,18,4.660732777437484,15.991837219935185
MIOFlow,dm10,Clone_4205,0.005854088402655067,0.000245053754029043,,3,5,16,16,Baso,1,0.03581221833879433,5,5.6779224662861845,30.622954423981827
MIOFlow,dm10,Clone_4226,0.0035588844232035664,0.0019237249389643196,,3,11,42,42,Monocyte,1,0.012150251433044212,11,0.20838978733154445,6.251213172478858
MIOFlow,dm10,Clone_4276,0.006483426247487101,0.00042999943467639826,,3,2,23,23,Baso,2,0.1934655599160797,2,0.012509268371559253,3.7765158688102494
MIOFlow,dm10,Clone_4316,0.00820392654969,0.0015392594068949906,,3,11,9,9,Monocyte,2,0.04837580077314802,11,29.02447788355479,22.038395207847277
MIOFlow,dm10,Clone_4456,0.007271672073215967,0.0014184233756259993,,3,4,16,16,Monocyte,1,0.036943296178177924,4,0.13814141869561275,7.263852993390859
MIOFlow,dm10,Clone_4483,0.005352855394291999,0.0004293710760364029,,3,4,20,20,Neutrophil,2,0.1602617435581773,4,0.03898512500450519,4.865352645256264
MIOFlow,dm10,Clone_449,0.007694111045136701,0.0013635742371109357,,3,3,27,27,Monocyte,1,0.06868739538943391,3,0.27409014173352764,5.2429907844997965
MIOFlow,dm10,Clone_4571,0.006402730599511433,0.001302026895077721,,3,4,27,27,Baso,2,0.1357723332643678,4,0.25609418945890317,7.061109485182975
MIOFlow,dm10,Clone_4604,0.007674490591249733,0.00137496759657871,,3,4,25,25,Monocyte,2,0.05356076429417436,4,0.044939384982890546,3.0536306497695627
MIOFlow,dm10,Clone_4665,0.007972654122592,0.000619925984363608,,3,3,19,19,Neutrophil,3,0.14966562616430215,3,0.17695997318332657,9.240128549697486
MIOFlow,dm10,Clone_4774,0.008017780782076865,0.00040127463341926286,,3,12,10,10,Neutrophil,2,0.05335751573019172,12,3.799525885687359,11.968227690319242
MIOFlow,dm10,Clone_478,0.0061015863596468,0.001308309331257315,,3,2,20,20,undiff,0,0.005217821387869499,2,0.030646718481618086,7.412988228499486
MIOFlow,dm10,Clone_4948,0.0069545850767175664,0.0016202214974846258,,3,27,17,17,Monocyte,2,0.14859350629385978,27,3.57026365785626,15.907369625636797
MIOFlow,dm10,Clone_4968,0.010043534592750633,0.00179918264552922,,3,8,30,30,Monocyte,2,0.10429341441030007,8,0.5435719615590234,4.13910423885042
MIOFlow,dm10,Clone_4996,0.0079795083853144,0.00038366082906913786,,3,14,10,10,Neutrophil,1,0.07107146688614559,14,7.954690681829848,12.909653109980116
MIOFlow,dm10,Clone_5034,0.006938783518694934,0.0013252798222396658,,3,4,21,21,Baso,1,0.159610443251006,4,0.12845476877794174,6.51458597028454
MIOFlow,dm10,Clone_5046,0.004180510610686867,0.0016673923122731992,,3,2,25,25,Monocyte,2,0.036544332378646176,2,0.045417112350472855,3.935035469412358
MIOFlow,dm10,Clone_5198,0.0038635714339345663,0.001849738207573671,,3,5,15,15,Baso,2,0.07567549446073076,5,0.8724133041043036,8.464522614417485
MIOFlow,dm10,Clone_5252,0.004433863603682233,0.0012550688266108087,,3,9,21,21,undiff,0,0.014748342389116705,9,0.31226500236551347,7.85288886189962
MIOFlow,dm10,Clone_5287,0.008470204998627866,0.0013951799754717447,,3,3,19,19,Monocyte,1,0.04374899620840231,3,0.0590240697163808,2.86214589353189
MIOFlow,dm10,Clone_5404,0.006818555103071299,0.0012889369547371486,,3,23,33,33,Monocyte,2,0.05720455621213418,23,3.2381705817300763,14.366611171892627
MIOFlow,dm10,Clone_5480,0.015106070952541866,0.0001524856499834303,,3,10,16,16,Monocyte,3,0.12649564163123084,10,7.337588514932368,18.383384883823638
MIOFlow,dm10,Clone_5483,0.006220071249388066,0.0022153265689103877,,3,7,31,31,Baso,2,0.09449253928666737,7,0.04005269263211243,3.614142967506261
MIOFlow,dm10,Clone_5487,0.004714270415988633,0.0010378898113968106,,3,11,10,10,Mast,1,0.04127145001699628,11,0.7283743790979443,9.897448906559015
MIOFlow,dm10,Clone_5518,0.004558787343226633,0.001925339515525686,,3,4,17,17,undiff,0,0.014316176176095553,4,0.011291597163589453,2.3765065038163797
MIOFlow,dm10,Clone_5523,0.007372057181286601,0.0025708370814547564,,3,2,19,19,undiff,0,0.0050717912745230735,2,0.0014205264430334596,9.100217444356625
MIOFlow,dm10,Clone_5526,0.006007991020969633,0.000885874372098978,,3,3,17,17,Monocyte,1,0.031230358387934264,3,0.03602799911927636,5.257854544433243
MIOFlow,dm10,Clone_569,0.008497802121887266,0.0010251686588962498,,3,3,19,19,Monocyte,1,0.05450518504582877,3,0.07908025592995396,5.453396173682699
MIOFlow,dm10,Clone_5717,0.011201538369844602,0.0012168493211188022,,3,3,37,37,Mast,2,0.11087369308289872,3,0.8247957661025747,5.866889794030414
MIOFlow,dm10,Clone_5748,0.007246393960596234,0.0018910968279478723,,3,5,26,26,undiff,0,0.032069898139824284,5,0.034482824066289844,7.943323453209238
MIOFlow,dm10,Clone_5791,0.005818544800565567,0.0004059810064641935,,3,21,21,21,Baso,3,0.1665301798686713,21,4.142258093309941,17.87387451481119
MIOFlow,dm10,Clone_5793,0.007105438031759233,0.0019279893292713285,,3,8,12,12,Meg,1,0.05049900483188226,8,1.3444364651155936,5.807091296949124
MIOFlow,dm10,Clone_5842,0.0183037152417167,0.0013126015090344579,,3,11,31,31,Meg,1,0.21745360025943325,11,0.8956015221870341,8.828171208356217
MIOFlow,dm10,Clone_685,0.008407994930945167,0.001574246773335967,,3,21,18,18,Monocyte,2,0.0948658829099985,21,2.2438547105633093,9.754974854131712
MIOFlow,dm10,Clone_722,0.008100324729912033,0.0026902967228544074,,3,2,18,18,undiff,0,0.03728958569635448,2,0.014897505819378041,5.770397204110029
MIOFlow,dm10,Clone_766,0.0094968424788155,0.0015267883793066907,,3,38,37,37,Neutrophil,2,0.1210815502835224,38,3.508582348949434,9.398724839588569
MIOFlow,dm10,Clone_862,0.006019443376717733,0.002425224818933753,,3,3,21,21,undiff,0,0.030167572564979702,3,0.026815525245022287,6.807423705182
MIOFlow,dm10,Clone_965,0.010600551928587066,0.0018067266963796048,,3,9,11,11,Neutrophil,1,0.04335901937142737,9,0.32812961290615106,4.715085674223594
MIOFlow,dm10,Clone_971,0.012826460885259466,0.0007196681550655596,,3,3,29,29,Monocyte,2,0.06889340954070368,3,0.15478277288639583,18.18883813482805
MIOFlow,pc30,Clone_1099,17.833160237354555,1.531131220866182,,3,9,47,47,Neutrophil,1,0.053959359129898465,9,0.29777317698898875,3.337828069267898
MIOFlow,pc30,Clone_123,16.45865590888928,1.5013358600204805,,3,5,20,20,Monocyte,2,0.15722704683732244,5,0.037467114762215085,6.415137112580283
MIOFlow,pc30,Clone_1258,22.470324377033908,2.2520533574909676,,3,3,22,22,Mast,2,0.09900429193938569,3,20.624729215903553,26.133309849855884
MIOFlow,pc30,Clone_1301,11.254993613197305,1.1225778448342045,,3,4,30,30,Monocyte,1,0.03793767532434031,4,0.06186000294475383,6.19803119852318
MIOFlow,pc30,Clone_1305,13.979590402348682,3.19820229920976,,3,5,28,28,Meg,1,0.0179797039386251,5,0.5550304759957555,26.428597456370337
MIOFlow,pc30,Clone_1370,15.28077966024154,1.6571387816580267,,3,12,19,19,Baso,1,0.03926130705362045,12,0.3240291367958321,8.369059259531936
MIOFlow,pc30,Clone_1404,15.202236221050377,2.0588125195030824,,3,3,27,27,Monocyte,1,0.04995117992427936,3,0.00964406749029162,8.884967276354372
MIOFlow,pc30,Clone_1440,8.821287315171292,0.7265245989131177,,3,16,18,18,undiff,0,0.07226473897493672,16,0.22763692122432397,7.619776527099585
MIOFlow,pc30,Clone_1479,11.08610096371646,1.021526921729538,,3,7,17,17,Mast,2,0.1370584143059133,7,0.5230322542383166,7.563059149692875
MIOFlow,pc30,Clone_1562,15.105030691860923,2.5173723743059404,,3,2,23,23,Monocyte,1,0.041945954015674455,2,0.01161538143916909,3.522021547191701
MIOFlow,pc30,Clone_17,25.87784957259646,3.0352787693933774,,3,4,22,22,Mast,1,0.06494028098519304,4,0.6844030529191332,19.73125013077922
MIOFlow,pc30,Clone_1967,10.561203242692473,1.1269119964221732,,3,3,26,26,Monocyte,1,0.03640561259918894,3,0.020713241978456087,2.9477736277230657
MIOFlow,pc30,Clone_1972,13.851418314586448,0.7825898140524841,,3,7,13,13,Baso,2,0.13725123613922102,7,2.675025161902477,10.49052026525043
MIOFlow,pc30,Clone_1998,22.435825743257862,0.4319002026723507,,3,10,23,23,Monocyte,2,0.1423182842137415,10,6.949860529104069,30.72852575861241
MIOFlow,pc30,Clone_2039,13.596089510588532,3.76145631302547,,3,19,29,29,Monocyte,2,0.12277062374618217,19,2.7557158962022528,11.681538709433966
MIOFlow,pc30,Clone_2094,14.953766127969985,1.8710331424212392,,3,7,23,23,Baso,2,0.05430278738110706,7,3.8538178110131516,17.04827261695845
MIOFlow,pc30,Clone_2109,16.798686800747433,0.29898085708416566,,3,3,18,18,Baso,1,0.07032339916594173,3,2.974747834495287,13.592385899152859
MIOFlow,pc30,Clone_2111,9.080453162215731,0.38252660101449937,,3,18,20,20,Neutrophil,2,0.08078452418450575,18,1.6119604989013196,7.8044678698900904
MIOFlow,pc30,Clone_2272,11.754453532209292,1.1122946304588899,,3,5,23,23,Baso,2,0.12222408058193349,5,0.2346137980849938,4.667298953752019
MIOFlow,pc30,Clone_2281,13.176375986596787,2.275611413553016,,3,2,20,20,Monocyte,1,0.06649945459192291,2,0.026005285019009235,1.8566046229902842
MIOFlow,pc30,Clone_2387,12.635448608665925,2.8659823161705535,,3,2,32,32,Monocyte,1,0.045202805437437966,2,0.12215015208036642,6.436911044268188
MIOFlow,pc30,Clone_2407,13.979978962815162,1.4769673122302345,,3,2,27,27,Monocyte,2,0.030209314460111863,2,0.0363670033133063,2.9163751445345993
MIOFlow,pc30,Clone_2445,8.749820437763043,0.85992274190286,,3,4,18,18,undiff,0,0.03277816679819855,4,0.24408911927943375,7.960521955494343
MIOFlow,pc30,Clone_2585,14.259212438846147,2.745458148711795,,3,5,26,26,Baso,1,0.06257724589752804,5,0.4887596739832424,9.400750433049533
MIOFlow,pc30,Clone_2712,15.338400892892786,3.632635234788644,,3,3,20,20,Monocyte,1,0.05421281879936427,3,0.08668884255758623,4.541710583071635
MIOFlow,pc30,Clone_2735,22.00322926249793,1.1191229878780802,,3,20,10,10,Monocyte,2,0.16732301294620547,20,4.610536081132733,13.558797550667286
MIOFlow,pc30,Clone_2768,14.955903581177687,1.5201044071566272,,3,3,33,33,Baso,3,0.05223903918151864,3,0.28138516443175327,10.327101976518657
MIOFlow,pc30,Clone_3083,12.338427734730589,2.3455727003837032,,3,3,28,28,Monocyte,1,0.021268575073960266,3,0.029011129114977947,4.9845196559107965
MIOFlow,pc30,Clone_3250,30.50999597851228,2.1231390495459026,,3,5,84,84,Meg,3,0.21489887254115192,5,0.7386909921268279,13.510531343329792
MIOFlow,pc30,Clone_3269,14.511922887607845,1.1918541181021647,,3,3,48,48,Mast,2,0.06774750030996113,3,0.2311131219726578,5.349833431922124
MIOFlow,pc30,Clone_3330,10.820296107453396,0.3002224156989713,,3,18,22,22,Neutrophil,2,0.08219859655244563,18,1.141745852155684,5.62091920165215
MIOFlow,pc30,Clone_3336,7.927690824891715,0.09959313081984346,,3,11,14,14,Neutrophil,1,0.02905610200385194,11,0.37168596294169925,4.9470671507570785
MIOFlow,pc30,Clone_3349,14.619617137659825,0.9003432208916813,,3,2,33,33,Monocyte,3,0.08510469065270893,2,0.007409246483237295,2.9855483489218093
MIOFlow,pc30,Clone_3391,14.899692395118166,2.4284057113990256,,3,2,20,20,Baso,1,0.049304815246206155,2,0.0031898759376497443,10.516659247656612
MIOFlow,pc30,Clone_3438,11.51910998834577,3.0199518666254748,,3,31,60,60,Monocyte,2,0.05403636556885514,31,1.8515856965966984,9.24900737000312
MIOFlow,pc30,Clone_3522,16.778488855076777,0.47098193946561506,,3,6,41,41,Neutrophil,2,0.13405377074455824,6,0.7101373222154671,3.497397656656704
MIOFlow,pc30,Clone_358,7.0914612558033845,0.6370781362929601,,3,9,18,18,undiff,0,0.021143447576289647,9,0.12479959213126325,3.8640199482448963
MIOFlow,pc30,Clone_3585,11.978232702398591,0.9875929637882822,,3,6,70,70,Baso,3,0.06845826625704189,6,2.5918908186280167,7.57290917923037
MIOFlow,pc30,Clone_3619,14.36107644571352,2.567749348278473,,3,2,24,24,Monocyte,1,0.03402846784521976,2,0.018038181964413612,6.091645300053623
MIOFlow,pc30,Clone_3682,14.797936058986869,0.863964450770606,,3,9,55,55,Baso,3,0.06771963051087009,9,0.32762931265207107,5.171878406383085
MIOFlow,pc30,Clone_3718,8.609264419257617,0.9797482391592264,,3,4,29,29,undiff,0,0.021676354425988455,4,0.022966480440644012,5.791671691579242
MIOFlow,pc30,Clone_3736,15.819445839635842,1.1820504523338689,,3,9,13,13,Monocyte,1,0.023466874751066718,9,1.7376384028382348,14.794947589668128
MIOFlow,pc30,Clone_374,13.693437139335389,0.4421150710678641,,3,10,15,15,Neutrophil,1,0.06616983226232935,10,4.132377803817445,9.39538486096213
MIOFlow,pc30,Clone_3840,15.320720441086936,1.0240826874319275,,3,35,46,46,Neutrophil,2,0.1449663979882648,35,2.0556227889900978,6.576694866473939
MIOFlow,pc30,Clone_3887,12.479972784743438,1.5169376280073732,,3,19,28,28,Monocyte,2,0.04869020778965274,19,3.476511776859283,13.785224414532609
MIOFlow,pc30,Clone_398,20.74429559347279,1.3730909060207983,,3,2,25,25,Meg,2,0.15351807517177313,2,4.455718918993581,12.844691127701376
MIOFlow,pc30,Clone_401,11.156839931840388,0.5058431047815202,,3,2,21,21,undiff,0,0.009449906913408267,2,0.2927615511143181,6.016866547846647
MIOFlow,pc30,Clone_405,18.183542109103033,1.3934212522990292,,3,18,24,24,Monocyte,2,0.05375761713677556,18,4.660732777437484,15.991837219935185
MIOFlow,pc30,Clone_4205,16.76984585300845,0.7853166167753908,,3,5,16,16,Baso,1,0.03581221833879433,5,5.6779224662861845,30.622954423981827
MIOFlow,pc30,Clone_4226,8.324464334122666,0.5302444473193705,,3,11,42,42,Monocyte,1,0.012150251433044212,11,0.20838978733154445,6.251213172478858
MIOFlow,pc30,Clone_4276,14.0422315623983,0.5155825179948081,,3,2,23,23,Baso,2,0.1934655599160797,2,0.012509268371559253,3.7765158688102494
MIOFlow,pc30,Clone_4316,11.384864635642558,0.5548273608256271,,3,11,9,9,Monocyte,2,0.04837580077314802,11,29.02447788355479,22.038395207847277
MIOFlow,pc30,Clone_4456,11.972703243623306,1.4868719165701472,,3,4,16,16,Monocyte,1,0.036943296178177924,4,0.13814141869561275,7.263852993390859
MIOFlow,pc30,Clone_4483,12.958385550882502,1.756608926232111,,3,4,20,20,Neutrophil,2,0.1602617435581773,4,0.03898512500450519,4.865352645256264
MIOFlow,pc30,Clone_449,14.746926548433796,1.7344648344577132,,3,3,27,27,Monocyte,1,0.06868739538943391,3,0.27409014173352764,5.2429907844997965
MIOFlow,pc30,Clone_4571,11.578035154533048,2.2112195110662562,,3,4,27,27,Baso,2,0.1357723332643678,4,0.25609418945890317,7.061109485182975
MIOFlow,pc30,Clone_4604,16.77793625102497,1.9981307222857665,,3,4,25,25,Monocyte,2,0.05356076429417436,4,0.044939384982890546,3.0536306497695627
MIOFlow,pc30,Clone_4665,13.532183957245756,1.271325212834639,,3,3,19,19,Neutrophil,3,0.14966562616430215,3,0.17695997318332657,9.240128549697486
MIOFlow,pc30,Clone_4774,16.497244949854522,0.7799135061697937,,3,12,10,10,Neutrophil,2,0.05335751573019172,12,3.799525885687359,11.968227690319242
MIOFlow,pc30,Clone_478,8.443954250356418,2.4007840980455617,,3,2,20,20,undiff,0,0.005217821387869499,2,0.030646718481618086,7.412988228499486
MIOFlow,pc30,Clone_4948,22.848092499798625,1.5144826647562852,,3,27,17,17,Monocyte,2,0.14859350629385978,27,3.57026365785626,15.907369625636797
MIOFlow,pc30,Clone_4968,23.364903525610867,0.7061281601659984,,3,8,30,30,Monocyte,2,0.10429341441030007,8,0.5435719615590234,4.13910423885042
MIOFlow,pc30,Clone_4996,9.229395334113867,0.9092861581393373,,3,14,10,10,Neutrophil,1,0.07107146688614559,14,7.954690681829848,12.909653109980116
MIOFlow,pc30,Clone_5034,13.68090750056435,1.6768033903598667,,3,4,21,21,Baso,1,0.159610443251006,4,0.12845476877794174,6.51458597028454
MIOFlow,pc30,Clone_5046,14.131232981222587,0.4591589350028726,,3,2,25,25,Monocyte,2,0.036544332378646176,2,0.045417112350472855,3.935035469412358
MIOFlow,pc30,Clone_5198,14.131554941430482,1.3695140748679087,,3,5,15,15,Baso,2,0.07567549446073076,5,0.8724133041043036,8.464522614417485
MIOFlow,pc30,Clone_5252,9.114311680719632,0.19470599590501772,,3,9,21,21,undiff,0,0.014748342389116705,9,0.31226500236551347,7.85288886189962
MIOFlow,pc30,Clone_5287,18.781907465646867,1.6959666320393265,,3,3,19,19,Monocyte,1,0.04374899620840231,3,0.0590240697163808,2.86214589353189
MIOFlow,pc30,Clone_5404,10.791157217646159,2.146759190466051,,3,23,33,33,Monocyte,2,0.05720455621213418,23,3.2381705817300763,14.366611171892627
MIOFlow,pc30,Clone_5480,25.367228788066104,1.1381872384628504,,3,10,16,16,Monocyte,3,0.12649564163123084,10,7.337588514932368,18.383384883823638
MIOFlow,pc30,Clone_5483,10.049846655858973,1.8692394916497401,,3,7,31,31,Baso,2,0.09449253928666737,7,0.04005269263211243,3.614142967506261
MIOFlow,pc30,Clone_5487,31.116517982726936,3.9426373700703734,,3,11,10,10,Mast,1,0.04127145001699628,11,0.7283743790979443,9.897448906559015
MIOFlow,pc30,Clone_5518,11.257241189161043,1.9423689676758495,,3,4,17,17,undiff,0,0.014316176176095553,4,0.011291597163589453,2.3765065038163797
MIOFlow,pc30,Clone_5523,13.256033274440759,2.9303281131237946,,3,2,19,19,undiff,0,0.0050717912745230735,2,0.0014205264430334596,9.100217444356625
MIOFlow,pc30,Clone_5526,18.037067681043712,1.236918895893255,,3,3,17,17,Monocyte,1,0.031230358387934264,3,0.03602799911927636,5.257854544433243
MIOFlow,pc30,Clone_569,15.759003591596832,1.8241992396242366,,3,3,19,19,Monocyte,1,0.05450518504582877,3,0.07908025592995396,5.453396173682699
MIOFlow,pc30,Clone_5717,14.463240170100837,2.0146402173027176,,3,3,37,37,Mast,2,0.11087369308289872,3,0.8247957661025747,5.866889794030414
MIOFlow,pc30,Clone_5748,10.681736038853764,2.522834005955307,,3,5,26,26,undiff,0,0.032069898139824284,5,0.034482824066289844,7.943323453209238
MIOFlow,pc30,Clone_5791,11.882581552335495,0.3810651845830178,,3,21,21,21,Baso,3,0.1665301798686713,21,4.142258093309941,17.87387451481119
MIOFlow,pc30,Clone_5793,13.855987366958873,2.3613932576485386,,3,8,12,12,Meg,1,0.05049900483188226,8,1.3444364651155936,5.807091296949124
MIOFlow,pc30,Clone_5842,28.966503059042576,1.9528868562575241,,3,11,31,31,Meg,1,0.21745360025943325,11,0.8956015221870341,8.828171208356217
MIOFlow,pc30,Clone_685,17.462408310182806,0.5271221864419157,,3,21,18,18,Monocyte,2,0.0948658829099985,21,2.2438547105633093,9.754974854131712
MIOFlow,pc30,Clone_722,11.994542168347811,1.0355067676010778,,3,2,18,18,undiff,0,0.03728958569635448,2,0.014897505819378041,5.770397204110029
MIOFlow,pc30,Clone_766,16.806168710239564,1.6252494824925172,,3,38,37,37,Neutrophil,2,0.1210815502835224,38,3.508582348949434,9.398724839588569
MIOFlow,pc30,Clone_862,9.961438888809791,2.1495723023160282,,3,3,21,21,undiff,0,0.030167572564979702,3,0.026815525245022287,6.807423705182
MIOFlow,pc30,Clone_965,18.426592625839515,1.7882149036306365,,3,9,11,11,Neutrophil,1,0.04335901937142737,9,0.32812961290615106,4.715085674223594
MIOFlow,pc30,Clone_971,16.234619981936653,2.0725036445189398,,3,3,29,29,Monocyte,2,0.06889340954070368,3,0.15478277288639583,18.18883813482805
OTCFM,dm10,Clone_1099,0.0114860239112734,0.0,4.2316485091207365,3,9,47,47,Neutrophil,1,0.053959359129898465,9,0.29777317698898875,3.337828069267898
OTCFM,dm10,Clone_123,0.005490971090670299,0.0,2.226544521326126,3,5,20,20,Monocyte,2,0.15722704683732244,5,0.037467114762215085,6.415137112580283
OTCFM,dm10,Clone_1258,0.0050716248847813,0.0,2.0921755376255984,3,3,22,22,Mast,2,0.09900429193938569,3,20.624729215903553,26.133309849855884
OTCFM,dm10,Clone_1301,0.0035127714793247006,0.0,1.411149904880163,3,4,30,30,Monocyte,1,0.03793767532434031,4,0.06186000294475383,6.19803119852318
OTCFM,dm10,Clone_1305,0.0019006339326998998,0.0,0.7503196644246627,3,5,28,28,Meg,1,0.0179797039386251,5,0.5550304759957555,26.428597456370337
OTCFM,dm10,Clone_1370,0.0010374326863638,0.0,0.41897199434854543,3,12,19,19,Baso,1,0.03926130705362045,12,0.3240291367958321,8.369059259531936
OTCFM,dm10,Clone_1404,0.0053528745366028,0.0,2.212267384720213,3,3,27,27,Monocyte,1,0.04995117992427936,3,0.00964406749029162,8.884967276354372
OTCFM,dm10,Clone_1440,0.0016565584167446002,0.0,0.6375453314629669,3,16,18,18,undiff,0,0.07226473897493672,16,0.22763692122432397,7.619776527099585
OTCFM,dm10,Clone_1479,0.0049191474708959,0.0,1.998860737821729,3,7,17,17,Mast,2,0.1370584143059133,7,0.5230322542383166,7.563059149692875
OTCFM,dm10,Clone_1562,0.0070986912231743,0.0,2.9332597290949973,3,2,23,23,Monocyte,1,0.041945954015674455,2,0.01161538143916909,3.522021547191701
OTCFM,dm10,Clone_17,0.0037484621087595003,0.0,1.5374711527377247,3,4,22,22,Mast,1,0.06494028098519304,4,0.6844030529191332,19.73125013077922
OTCFM,dm10,Clone_1967,0.0031203085792314,0.0,1.2666192278723514,3,3,26,26,Monocyte,1,0.03640561259918894,3,0.020713241978456087,2.9477736277230657
OTCFM,dm10,Clone_1972,0.0071530943288222,0.0,2.820387967792931,3,7,13,13,Baso,2,0.13725123613922102,7,2.675025161902477,10.49052026525043
OTCFM,dm10,Clone_1998,0.006496884797572401,0.0,2.4949024095463166,3,10,23,23,Monocyte,2,0.1423182842137415,10,6.949860529104069,30.72852575861241
OTCFM,dm10,Clone_2039,0.0031193248598834,0.0,1.2482816584870682,3,19,29,29,Monocyte,2,0.12277062374618217,19,2.7557158962022528,11.681538709433966
OTCFM,dm10,Clone_2094,0.0071184444521303,0.0,2.921071148028813,3,7,23,23,Baso,2,0.05430278738110706,7,3.8538178110131516,17.04827261695845
OTCFM,dm10,Clone_2109,0.0051078247459106,0.0,2.0046627435702504,3,3,18,18,Baso,1,0.07032339916594173,3,2.974747834495287,13.592385899152859
OTCFM,dm10,Clone_2111,0.0029157554806508,0.0,1.0945013962059007,3,18,20,20,Neutrophil,2,0.08078452418450575,18,1.6119604989013196,7.8044678698900904
OTCFM,dm10,Clone_2272,0.0038248390847497,0.0,1.4525945426440565,3,5,23,23,Baso,2,0.12222408058193349,5,0.2346137980849938,4.667298953752019
OTCFM,dm10,Clone_2281,0.0055730736491399,0.0,2.296195045532877,3,2,20,20,Monocyte,1,0.06649945459192291,2,0.026005285019009235,1.8566046229902842
OTCFM,dm10,Clone_2387,0.0052687421526105,0.0,2.164392784370821,3,2,32,32,Monocyte,1,0.045202805437437966,2,0.12215015208036642,6.436911044268188
OTCFM,dm10,Clone_2407,0.0038631285099708,0.0,1.497405682591282,3,2,27,27,Monocyte,2,0.030209314460111863,2,0.0363670033133063,2.9163751445345993
OTCFM,dm10,Clone_2445,0.0022852239860658,0.0,0.8580139326928066,3,4,18,18,undiff,0,0.03277816679819855,4,0.24408911927943375,7.960521955494343
OTCFM,dm10,Clone_2490,0.0077614267667855995,0.0,3.0742612332515242,3,1,24,24,Baso,1,0.0714375538299548,1,,
OTCFM,dm10,Clone_2585,0.0025702497027762,0.0,1.0354921043590748,3,5,26,26,Baso,1,0.06257724589752804,5,0.4887596739832424,9.400750433049533
OTCFM,dm10,Clone_2712,0.0023455958693847,0.0,0.9524402593434124,3,3,20,20,Monocyte,1,0.05421281879936427,3,0.08668884255758623,4.541710583071635
OTCFM,dm10,Clone_2735,0.0075955660534164,0.0,2.9686033984741305,3,20,10,10,Monocyte,2,0.16732301294620547,20,4.610536081132733,13.558797550667286
OTCFM,dm10,Clone_2768,0.0034744509609453,0.0,1.4299258856371118,3,3,33,33,Baso,3,0.05223903918151864,3,0.28138516443175327,10.327101976518657
OTCFM,dm10,Clone_3083,0.0024306862571104,0.0,0.935164243370537,3,3,28,28,Monocyte,1,0.021268575073960266,3,0.029011129114977947,4.9845196559107965
OTCFM,dm10,Clone_3250,0.020722827675817,0.0,8.444127254139236,3,5,84,84,Meg,3,0.21489887254115192,5,0.7386909921268279,13.510531343329792
OTCFM,dm10,Clone_3269,0.0107457628257981,0.0,4.439464846007596,3,3,48,48,Mast,2,0.06774750030996113,3,0.2311131219726578,5.349833431922124
OTCFM,dm10,Clone_3330,0.0023090150229225,0.0,0.8934309185428851,3,18,22,22,Neutrophil,2,0.08219859655244563,18,1.141745852155684,5.62091920165215
OTCFM,dm10,Clone_3336,0.0017129345623404,0.0,0.6158387225032701,3,11,14,14,Neutrophil,1,0.02905610200385194,11,0.37168596294169925,4.9470671507570785
OTCFM,dm10,Clone_3349,0.0044949513043227,0.0,1.7699395795122523,3,2,33,33,Monocyte,3,0.08510469065270893,2,0.007409246483237295,2.9855483489218093
OTCFM,dm10,Clone_3391,0.0026309870903828,0.0,1.0651333610976288,3,2,20,20,Baso,1,0.049304815246206155,2,0.0031898759376497443,10.516659247656612
OTCFM,dm10,Clone_3429,0.0111129362999345,0.0,4.354601609334621,3,20,1,1,Monocyte,1,0.0,20,1.2106735172871403,6.561291108224228
OTCFM,dm10,Clone_3438,0.0027706873933765,0.0,1.1116402450445884,3,31,60,60,Monocyte,2,0.05403636556885514,31,1.8515856965966984,9.24900737000312
OTCFM,dm10,Clone_3522,0.006746336845371,0.0,2.630805465742058,3,6,41,41,Neutrophil,2,0.13405377074455824,6,0.7101373222154671,3.497397656656704
OTCFM,dm10,Clone_358,0.0016705901710666,0.0,0.610257340342854,3,9,18,18,undiff,0,0.021143447576289647,9,0.12479959213126325,3.8640199482448963
OTCFM,dm10,Clone_3585,0.0048788357100866,0.0,2.0070791833996333,3,6,70,70,Baso,3,0.06845826625704189,6,2.5918908186280167,7.57290917923037
OTCFM,dm10,Clone_3619,0.0061138403974009,0.0,2.52944129718086,3,2,24,24,Monocyte,1,0.03402846784521976,2,0.018038181964413612,6.091645300053623
OTCFM,dm10,Clone_3682,0.00686952170111,0.0,2.816301320371037,3,9,55,55,Baso,3,0.06771963051087009,9,0.32762931265207107,5.171878406383085
OTCFM,dm10,Clone_3718,0.001572387308328,0.0,0.5835839652978483,3,4,29,29,undiff,0,0.021676354425988455,4,0.022966480440644012,5.791671691579242
OTCFM,dm10,Clone_3736,0.0037338466540855994,0.0,1.4873180398117387,3,9,13,13,Monocyte,1,0.023466874751066718,9,1.7376384028382348,14.794947589668128
OTCFM,dm10,Clone_374,0.005862791321498101,0.0,2.236961766724126,3,10,15,15,Neutrophil,1,0.06616983226232935,10,4.132377803817445,9.39538486096213
OTCFM,dm10,Clone_3840,0.0075064025267971,0.0,2.880053876716861,3,35,46,46,Neutrophil,2,0.1449663979882648,35,2.0556227889900978,6.576694866473939
OTCFM,dm10,Clone_3887,0.0027352178337916,0.0,1.076663808696278,3,19,28,28,Monocyte,2,0.04869020778965274,19,3.476511776859283,13.785224414532609
OTCFM,dm10,Clone_398,0.011651465542104398,0.0,4.837713431546528,3,2,25,25,Meg,2,0.15351807517177313,2,4.455718918993581,12.844691127701376
OTCFM,dm10,Clone_401,0.0032486795204461996,0.0,1.2715045658640551,3,2,21,21,undiff,0,0.009449906913408267,2,0.2927615511143181,6.016866547846647
OTCFM,dm10,Clone_405,0.002772050190099,0.0,1.1029527836089654,3,18,24,24,Monocyte,2,0.05375761713677556,18,4.660732777437484,15.991837219935185
OTCFM,dm10,Clone_4205,0.0033713771996676,0.0,1.3628477361985032,3,5,16,16,Baso,1,0.03581221833879433,5,5.6779224662861845,30.622954423981827
OTCFM,dm10,Clone_4226,0.0016606751053403,0.0,0.6287573350788951,3,11,42,42,Monocyte,1,0.012150251433044212,11,0.20838978733154445,6.251213172478858
OTCFM,dm10,Clone_4276,0.0064343799885636,0.0,2.5295585358336936,3,2,23,23,Baso,2,0.1934655599160797,2,0.012509268371559253,3.7765158688102494
OTCFM,dm10,Clone_4316,0.0128413796317816,0.0,5.497129491626725,3,11,9,9,Monocyte,2,0.04837580077314802,11,29.02447788355479,22.038395207847277
OTCFM,dm10,Clone_4456,0.0044246147061379,0.0,1.7858593534825637,3,4,16,16,Monocyte,1,0.036943296178177924,4,0.13814141869561275,7.263852993390859
OTCFM,dm10,Clone_4483,0.0042047561411371,0.0,1.5879825244037022,3,4,20,20,Neutrophil,2,0.1602617435581773,4,0.03898512500450519,4.865352645256264
OTCFM,dm10,Clone_449,0.0050449789428333,0.0,2.0591151503247525,3,3,27,27,Monocyte,1,0.06868739538943391,3,0.27409014173352764,5.2429907844997965
OTCFM,dm10,Clone_4571,0.0041686696943359,0.0,1.6389742864254728,3,4,27,27,Baso,2,0.1357723332643678,4,0.25609418945890317,7.061109485182975
OTCFM,dm10,Clone_4604,0.006725656778567,0.0,2.763099549251159,3,4,25,25,Monocyte,2,0.05356076429417436,4,0.044939384982890546,3.0536306497695627
OTCFM,dm10,Clone_4665,0.0052387371149452,0.0,2.0252084703548845,3,3,19,19,Neutrophil,3,0.14966562616430215,3,0.17695997318332657,9.240128549697486
OTCFM,dm10,Clone_4683,0.0078346233868521,0.0,3.1053938744006824,3,1,36,36,Erythroid,3,0.08348765003611086,1,,
OTCFM,dm10,Clone_4774,0.0076981253492238,0.0,2.9843363504129017,3,12,10,10,Neutrophil,2,0.05335751573019172,12,3.799525885687359,11.968227690319242
OTCFM,dm10,Clone_478,0.0010501857180535,0.0,0.3917972316055727,3,2,20,20,undiff,0,0.005217821387869499,2,0.030646718481618086,7.412988228499486
OTCFM,dm10,Clone_4948,0.0052459475032367,0.0,1.9716068412210372,3,27,17,17,Monocyte,2,0.14859350629385978,27,3.57026365785626,15.907369625636797
OTCFM,dm10,Clone_4968,0.0079928429010773,0.0,3.146813498044073,3,8,30,30,Monocyte,2,0.10429341441030007,8,0.5435719615590234,4.13910423885042
OTCFM,dm10,Clone_4996,0.0077088331036783,0.0,3.126303434478991,3,14,10,10,Neutrophil,1,0.07107146688614559,14,7.954690681829848,12.909653109980116
OTCFM,dm10,Clone_5034,0.0034619922504481996,0.0,1.375235332736108,3,4,21,21,Baso,1,0.159610443251006,4,0.12845476877794174,6.51458597028454
OTCFM,dm10,Clone_5046,0.0037430828316279,0.0,1.508122243024035,3,2,25,25,Monocyte,2,0.036544332378646176,2,0.045417112350472855,3.935035469412358
OTCFM,dm10,Clone_5198,0.0017397791306282002,0.0,0.6916183027065511,3,5,15,15,Baso,2,0.07567549446073076,5,0.8724133041043036,8.464522614417485
OTCFM,dm10,Clone_5252,0.0024166769948385,0.0,0.9414143636242412,3,9,21,21,undiff,0,0.014748342389116705,9,0.31226500236551347,7.85288886189962
OTCFM,dm10,Clone_5287,0.0073843456065797,0.0,3.0502859704540657,3,3,19,19,Monocyte,1,0.04374899620840231,3,0.0590240697163808,2.86214589353189
OTCFM,dm10,Clone_5404,0.0022720621496742,0.0,0.8852688810390091,3,23,33,33,Monocyte,2,0.05720455621213418,23,3.2381705817300763,14.366611171892627
OTCFM,dm10,Clone_5480,0.0148312996543001,0.0,5.3962300982524845,3,10,16,16,Monocyte,3,0.12649564163123084,10,7.337588514932368,18.383384883823638
OTCFM,dm10,Clone_5483,0.0018018065092686,0.0,0.6901983894827938,3,7,31,31,Baso,2,0.09449253928666737,7,0.04005269263211243,3.614142967506261
OTCFM,dm10,Clone_5487,0.0026930875173207,0.0,1.1012122305074374,3,11,10,10,Mast,1,0.04127145001699628,11,0.7283743790979443,9.897448906559015
OTCFM,dm10,Clone_5518,0.002395399713299,0.0,0.8773007545348364,3,4,17,17,undiff,0,0.014316176176095553,4,0.011291597163589453,2.3765065038163797
OTCFM,dm10,Clone_5523,0.001598025205666,0.0,0.6004373600869912,3,2,19,19,undiff,0,0.0050717912745230735,2,0.0014205264430334596,9.100217444356625
OTCFM,dm10,Clone_5526,0.0062568651573315,0.0,2.5851732146790174,3,3,17,17,Monocyte,1,0.031230358387934264,3,0.03602799911927636,5.257854544433243
OTCFM,dm10,Clone_569,0.006209060455882699,0.0,2.5597042376891195,3,3,19,19,Monocyte,1,0.05450518504582877,3,0.07908025592995396,5.453396173682699
OTCFM,dm10,Clone_5717,0.0051127421427894,0.0,2.0764351897386786,3,3,37,37,Mast,2,0.11087369308289872,3,0.8247957661025747,5.866889794030414
OTCFM,dm10,Clone_5748,0.0019933850482815,0.0,0.7786304108332415,3,5,26,26,undiff,0,0.032069898139824284,5,0.034482824066289844,7.943323453209238
OTCFM,dm10,Clone_5791,0.004590893547461,0.0,1.826546248531072,3,21,21,21,Baso,3,0.1665301798686713,21,4.142258093309941,17.87387451481119
OTCFM,dm10,Clone_5793,0.0028133920823537,0.0,1.1313995447663865,3,8,12,12,Meg,1,0.05049900483188226,8,1.3444364651155936,5.807091296949124
OTCFM,dm10,Clone_5842,0.019608122697212,0.0,8.017305607784646,3,11,31,31,Meg,1,0.21745360025943325,11,0.8956015221870341,8.828171208356217
OTCFM,dm10,Clone_685,0.003162005646339,0.0,1.2641711423629314,3,21,18,18,Monocyte,2,0.0948658829099985,21,2.2438547105633093,9.754974854131712
OTCFM,dm10,Clone_722,0.0023792555115312,0.0,0.942780561955641,3,2,18,18,undiff,0,0.03728958569635448,2,0.014897505819378041,5.770397204110029
OTCFM,dm10,Clone_766,0.0097154724474793,0.0,3.7261034673964013,3,38,37,37,Neutrophil,2,0.1210815502835224,38,3.508582348949434,9.398724839588569
OTCFM,dm10,Clone_777,0.0108324178795295,0.0,4.315948354394415,3,1,22,22,Erythroid,2,0.17489720952718177,1,,
OTCFM,dm10,Clone_862,0.00195510573608,0.0,0.7428559303676345,3,3,21,21,undiff,0,0.030167572564979702,3,0.026815525245022287,6.807423705182
OTCFM,dm10,Clone_961,0.005833796779527801,0.0,2.413346004582442,3,1,23,23,Monocyte,1,0.052456917900614165,1,,
OTCFM,dm10,Clone_965,0.010953118499823103,0.0,3.936067691005846,3,9,11,11,Neutrophil,1,0.04335901937142737,9,0.32812961290615106,4.715085674223594
OTCFM,dm10,Clone_971,0.0123838735814612,0.0,4.51950680077285,3,3,29,29,Monocyte,2,0.06889340954070368,3,0.15478277288639583,18.18883813482805
OTCFM,pc30,Clone_1099,18.09139134437727,0.0,5.569780348249069,3,9,47,47,Neutrophil,1,0.053959359129898465,9,0.29777317698898875,3.337828069267898
OTCFM,pc30,Clone_123,15.026803470475121,0.0,5.305187191694182,3,5,20,20,Monocyte,2,0.15722704683732244,5,0.037467114762215085,6.415137112580283
OTCFM,pc30,Clone_1258,15.0801141759743,0.0,6.14659325359365,3,3,22,22,Mast,2,0.09900429193938569,3,20.624729215903553,26.133309849855884
OTCFM,pc30,Clone_1301,12.39274553751512,0.0,4.192514633853783,3,4,30,30,Monocyte,1,0.03793767532434031,4,0.06186000294475383,6.19803119852318
OTCFM,pc30,Clone_1305,10.624438561744542,0.0,5.943642967811063,3,5,28,28,Meg,1,0.0179797039386251,5,0.5550304759957555,26.428597456370337
OTCFM,pc30,Clone_1370,11.879787693730371,0.0,5.8282145758889214,3,12,19,19,Baso,1,0.03926130705362045,12,0.3240291367958321,8.369059259531936
OTCFM,pc30,Clone_1404,14.015765068418736,0.0,4.517247533417011,3,3,27,27,Monocyte,1,0.04995117992427936,3,0.00964406749029162,8.884967276354372
OTCFM,pc30,Clone_1440,9.27924910547127,0.0,3.1998506392160926,3,16,18,18,undiff,0,0.07226473897493672,16,0.22763692122432397,7.619776527099585
OTCFM,pc30,Clone_1479,9.28088283198419,0.0,4.155028911664696,3,7,17,17,Mast,2,0.1370584143059133,7,0.5230322542383166,7.563059149692875
OTCFM,pc30,Clone_1562,16.016383977161258,0.0,5.266587402840399,3,2,23,23,Monocyte,1,0.041945954015674455,2,0.01161538143916909,3.522021547191701
OTCFM,pc30,Clone_17,14.589758810088789,0.0,6.267664284974255,3,4,22,22,Mast,1,0.06494028098519304,4,0.6844030529191332,19.73125013077922
OTCFM,pc30,Clone_1967,13.188993930508913,0.0,4.035837776688452,3,3,26,26,Monocyte,1,0.03640561259918894,3,0.020713241978456087,2.9477736277230657
OTCFM,pc30,Clone_1972,17.325012536529258,0.0,5.246900749559061,3,7,13,13,Baso,2,0.13725123613922102,7,2.675025161902477,10.49052026525043
OTCFM,pc30,Clone_1998,18.329198134449165,0.0,6.855326653723979,3,10,23,23,Monocyte,2,0.1423182842137415,10,6.949860529104069,30.72852575861241
OTCFM,pc30,Clone_2039,12.173913290279422,0.0,4.4458569682938665,3,19,29,29,Monocyte,2,0.12277062374618217,19,2.7557158962022528,11.681538709433966
OTCFM,pc30,Clone_2094,12.38062491736458,0.0,5.407999343427984,3,7,23,23,Baso,2,0.05430278738110706,7,3.8538178110131516,17.04827261695845
OTCFM,pc30,Clone_2109,13.213184248105328,0.0,6.467429017490609,3,3,18,18,Baso,1,0.07032339916594173,3,2.974747834495287,13.592385899152859
OTCFM,pc30,Clone_2111,8.827178583268216,0.0,3.547156105348049,3,18,20,20,Neutrophil,2,0.08078452418450575,18,1.6119604989013196,7.8044678698900904
OTCFM,pc30,Clone_2272,11.289598460977864,0.0,4.192948862858498,3,5,23,23,Baso,2,0.12222408058193349,5,0.2346137980849938,4.667298953752019
OTCFM,pc30,Clone_2281,18.4096932006336,0.0,5.261180054319072,3,2,20,20,Monocyte,1,0.06649945459192291,2,0.026005285019009235,1.8566046229902842
OTCFM,pc30,Clone_2387,15.402556748529454,0.0,5.124475075716586,3,2,32,32,Monocyte,1,0.045202805437437966,2,0.12215015208036642,6.436911044268188
OTCFM,pc30,Clone_2407,11.164749107388475,0.0,4.292812165732458,3,2,27,27,Monocyte,2,0.030209314460111863,2,0.0363670033133063,2.9163751445345993
OTCFM,pc30,Clone_2445,11.243118441990129,0.0,3.978058965400782,3,4,18,18,undiff,0,0.03277816679819855,4,0.24408911927943375,7.960521955494343
OTCFM,pc30,Clone_2490,18.5683292436688,0.0,6.14280432935044,3,1,24,24,Baso,1,0.0714375538299548,1,,
OTCFM,pc30,Clone_2585,12.176282829025988,0.0,5.4520254579131935,3,5,26,26,Baso,1,0.06257724589752804,5,0.4887596739832424,9.400750433049533
OTCFM,pc30,Clone_2712,16.84452683468623,0.0,5.974014902775484,3,3,20,20,Monocyte,1,0.05421281879936427,3,0.08668884255758623,4.541710583071635
OTCFM,pc30,Clone_2735,20.974298503180037,0.0,6.423809920204278,3,20,10,10,Monocyte,2,0.16732301294620547,20,4.610536081132733,13.558797550667286
OTCFM,pc30,Clone_2768,10.864047746788088,0.0,4.65536823655471,3,3,33,33,Baso,3,0.05223903918151864,3,0.28138516443175327,10.327101976518657
OTCFM,pc30,Clone_3083,15.980643996260788,0.0,4.889672263599838,3,3,28,28,Monocyte,1,0.021268575073960266,3,0.029011129114977947,4.9845196559107965
OTCFM,pc30,Clone_3250,25.571865356725496,0.0,9.748375651017827,3,5,84,84,Meg,3,0.21489887254115192,5,0.7386909921268279,13.510531343329792
OTCFM,pc30,Clone_3269,17.60808345929107,0.0,6.591051518250137,3,3,48,48,Mast,2,0.06774750030996113,3,0.2311131219726578,5.349833431922124
OTCFM,pc30,Clone_3330,9.028178740209878,0.0,3.7393032280442235,3,18,22,22,Neutrophil,2,0.08219859655244563,18,1.141745852155684,5.62091920165215
OTCFM,pc30,Clone_3336,6.7571562643775165,0.0,2.5846539892718,3,11,14,14,Neutrophil,1,0.02905610200385194,11,0.37168596294169925,4.9470671507570785
OTCFM,pc30,Clone_3349,13.341560697994822,0.0,4.373069028243118,3,2,33,33,Monocyte,3,0.08510469065270893,2,0.007409246483237295,2.9855483489218093
OTCFM,pc30,Clone_3391,19.74232695046836,0.0,8.572199463692192,3,2,20,20,Baso,1,0.049304815246206155,2,0.0031898759376497443,10.516659247656612
OTCFM,pc30,Clone_3429,41.47952412493253,0.0,13.435870972295755,3,20,1,1,Monocyte,1,0.0,20,1.2106735172871403,6.561291108224228
OTCFM,pc30,Clone_3438,9.544346927249444,0.0,3.4940477452589693,3,31,60,60,Monocyte,2,0.05403636556885514,31,1.8515856965966984,9.24900737000312
OTCFM,pc30,Clone_3522,14.904404121249271,0.0,4.454050311661055,3,6,41,41,Neutrophil,2,0.13405377074455824,6,0.7101373222154671,3.497397656656704
OTCFM,pc30,Clone_358,9.437350229137335,0.0,3.1028913186485347,3,9,18,18,undiff,0,0.021143447576289647,9,0.12479959213126325,3.8640199482448963
OTCFM,pc30,Clone_3585,12.637337066331687,0.0,5.120296394443324,3,6,70,70,Baso,3,0.06845826625704189,6,2.5918908186280167,7.57290917923037
OTCFM,pc30,Clone_3619,17.680072352633868,0.0,5.183274045320979,3,2,24,24,Monocyte,1,0.03402846784521976,2,0.018038181964413612,6.091645300053623
OTCFM,pc30,Clone_3682,15.084278703841013,0.0,6.278918359674822,3,9,55,55,Baso,3,0.06771963051087009,9,0.32762931265207107,5.171878406383085
OTCFM,pc30,Clone_3718,14.117465625765652,0.0,4.012712016575769,3,4,29,29,undiff,0,0.021676354425988455,4,0.022966480440644012,5.791671691579242
OTCFM,pc30,Clone_3736,14.597994293651857,0.0,4.849814887669118,3,9,13,13,Monocyte,1,0.023466874751066718,9,1.7376384028382348,14.794947589668128
OTCFM,pc30,Clone_374,13.4399910633118,0.0,4.286617906766741,3,10,15,15,Neutrophil,1,0.06616983226232935,10,4.132377803817445,9.39538486096213
OTCFM,pc30,Clone_3840,14.1994420162615,0.0,4.548408041808424,3,35,46,46,Neutrophil,2,0.1449663979882648,35,2.0556227889900978,6.576694866473939
OTCFM,pc30,Clone_3887,10.355168160869823,0.0,4.017542694107461,3,19,28,28,Monocyte,2,0.04869020778965274,19,3.476511776859283,13.785224414532609
OTCFM,pc30,Clone_398,20.77622928953209,0.0,7.526158914640511,3,2,25,25,Meg,2,0.15351807517177313,2,4.455718918993581,12.844691127701376
OTCFM,pc30,Clone_401,10.475012806345786,0.0,3.765508125690877,3,2,21,21,undiff,0,0.009449906913408267,2,0.2927615511143181,6.016866547846647
OTCFM,pc30,Clone_405,12.790624826688452,0.0,4.924640217149221,3,18,24,24,Monocyte,2,0.05375761713677556,18,4.660732777437484,15.991837219935185
OTCFM,pc30,Clone_4205,17.629285832381534,0.0,7.598349463211491,3,5,16,16,Baso,1,0.03581221833879433,5,5.6779224662861845,30.622954423981827
OTCFM,pc30,Clone_4226,8.287287286604288,0.0,2.927452986074158,3,11,42,42,Monocyte,1,0.012150251433044212,11,0.20838978733154445,6.251213172478858
OTCFM,pc30,Clone_4276,13.764818202619123,0.0,4.56704170509448,3,2,23,23,Baso,2,0.1934655599160797,2,0.012509268371559253,3.7765158688102494
OTCFM,pc30,Clone_4316,12.09108692324362,0.0,5.754176282176762,3,11,9,9,Monocyte,2,0.04837580077314802,11,29.02447788355479,22.038395207847277
OTCFM,pc30,Clone_4456,17.060293117791193,0.0,5.881260042658308,3,4,16,16,Monocyte,1,0.036943296178177924,4,0.13814141869561275,7.263852993390859
OTCFM,pc30,Clone_4483,14.007042176340624,0.0,4.860007119232425,3,4,20,20,Neutrophil,2,0.1602617435581773,4,0.03898512500450519,4.865352645256264
OTCFM,pc30,Clone_449,19.50568394722666,0.0,6.947227778130231,3,3,27,27,Monocyte,1,0.06868739538943391,3,0.27409014173352764,5.2429907844997965
OTCFM,pc30,Clone_4571,12.950904425774931,0.0,5.143113856142988,3,4,27,27,Baso,2,0.1357723332643678,4,0.25609418945890317,7.061109485182975
OTCFM,pc30,Clone_4604,17.89932847281797,0.0,5.595586774804776,3,4,25,25,Monocyte,2,0.05356076429417436,4,0.044939384982890546,3.0536306497695627
OTCFM,pc30,Clone_4665,13.329831469928164,0.0,5.222576116966195,3,3,19,19,Neutrophil,3,0.14966562616430215,3,0.17695997318332657,9.240128549697486
OTCFM,pc30,Clone_4683,14.301512178674956,0.0,6.094429634645761,3,1,36,36,Erythroid,3,0.08348765003611086,1,,
OTCFM,pc30,Clone_4774,17.070274230774466,0.0,5.2930875337417085,3,12,10,10,Neutrophil,2,0.05335751573019172,12,3.799525885687359,11.968227690319242
OTCFM,pc30,Clone_478,12.501105358842116,0.0,3.932091192057277,3,2,20,20,undiff,0,0.005217821387869499,2,0.030646718481618086,7.412988228499486
OTCFM,pc30,Clone_4948,16.93769883745528,0.0,6.158112596952319,3,27,17,17,Monocyte,2,0.14859350629385978,27,3.57026365785626,15.907369625636797
OTCFM,pc30,Clone_4968,24.5817928085834,0.0,7.358718803939671,3,8,30,30,Monocyte,2,0.10429341441030007,8,0.5435719615590234,4.13910423885042
OTCFM,pc30,Clone_4996,13.756386637533671,0.0,4.767927021006427,3,14,10,10,Neutrophil,1,0.07107146688614559,14,7.954690681829848,12.909653109980116
OTCFM,pc30,Clone_5034,11.757036539020936,0.0,4.897108102583356,3,4,21,21,Baso,1,0.159610443251006,4,0.12845476877794174,6.51458597028454
OTCFM,pc30,Clone_5046,15.642704325288465,0.0,5.696269869406634,3,2,25,25,Monocyte,2,0.036544332378646176,2,0.045417112350472855,3.935035469412358
OTCFM,pc30,Clone_5198,11.980655814228774,0.0,5.046471263692185,3,5,15,15,Baso,2,0.07567549446073076,5,0.8724133041043036,8.464522614417485
OTCFM,pc30,Clone_5252,12.182939404442168,0.0,3.9429534881004726,3,9,21,21,undiff,0,0.014748342389116705,9,0.31226500236551347,7.85288886189962
OTCFM,pc30,Clone_5287,17.538941075081283,0.0,4.824003164797272,3,3,19,19,Monocyte,1,0.04374899620840231,3,0.0590240697163808,2.86214589353189
OTCFM,pc30,Clone_5404,10.388842627761528,0.0,4.179216268396643,3,23,33,33,Monocyte,2,0.05720455621213418,23,3.2381705817300763,14.366611171892627
OTCFM,pc30,Clone_5480,20.744938684686872,0.0,7.4255235702539215,3,10,16,16,Monocyte,3,0.12649564163123084,10,7.337588514932368,18.383384883823638
OTCFM,pc30,Clone_5483,12.00772742756567,0.0,4.151120210571675,3,7,31,31,Baso,2,0.09449253928666737,7,0.04005269263211243,3.614142967506261
OTCFM,pc30,Clone_5487,10.030660280380369,0.0,4.385824029517583,3,11,10,10,Mast,1,0.04127145001699628,11,0.7283743790979443,9.897448906559015
OTCFM,pc30,Clone_5518,10.135397421195885,0.0,3.769619148157392,3,4,17,17,undiff,0,0.014316176176095553,4,0.011291597163589453,2.3765065038163797
OTCFM,pc30,Clone_5523,13.290354760618166,0.0,4.66641119177606,3,2,19,19,undiff,0,0.0050717912745230735,2,0.0014205264430334596,9.100217444356625
OTCFM,pc30,Clone_5526,18.20472658079938,0.0,6.131872228865366,3,3,17,17,Monocyte,1,0.031230358387934264,3,0.03602799911927636,5.257854544433243
OTCFM,pc30,Clone_569,18.07700491479308,0.0,6.174733213780519,3,3,19,19,Monocyte,1,0.05450518504582877,3,0.07908025592995396,5.453396173682699
OTCFM,pc30,Clone_5717,11.440358535005506,0.0,5.140485598653172,3,3,37,37,Mast,2,0.11087369308289872,3,0.8247957661025747,5.866889794030414
OTCFM,pc30,Clone_5748,10.962470180744281,0.0,4.063201098917967,3,5,26,26,undiff,0,0.032069898139824284,5,0.034482824066289844,7.943323453209238
OTCFM,pc30,Clone_5791,11.93806617856893,0.0,4.721063675241344,3,21,21,21,Baso,3,0.1665301798686713,21,4.142258093309941,17.87387451481119
OTCFM,pc30,Clone_5793,10.25394242925165,0.0,4.029269236995147,3,8,12,12,Meg,1,0.05049900483188226,8,1.3444364651155936,5.807091296949124
OTCFM,pc30,Clone_5842,24.152083853842157,0.0,8.683070586179397,3,11,31,31,Meg,1,0.21745360025943325,11,0.8956015221870341,8.828171208356217
OTCFM,pc30,Clone_685,14.803144357166138,0.0,5.515113065104877,3,21,18,18,Monocyte,2,0.0948658829099985,21,2.2438547105633093,9.754974854131712
OTCFM,pc30,Clone_722,22.00460926090665,0.0,8.61804434131511,3,2,18,18,undiff,0,0.03728958569635448,2,0.014897505819378041,5.770397204110029
OTCFM,pc30,Clone_766,17.037898636697463,0.0,5.608064230284019,3,38,37,37,Neutrophil,2,0.1210815502835224,38,3.508582348949434,9.398724839588569
OTCFM,pc30,Clone_777,15.72723117949169,0.0,8.472931032934397,3,1,22,22,Erythroid,2,0.17489720952718177,1,,
OTCFM,pc30,Clone_862,9.61016693573607,0.0,4.215009949609962,3,3,21,21,undiff,0,0.030167572564979702,3,0.026815525245022287,6.807423705182
OTCFM,pc30,Clone_961,18.17311193463455,0.0,5.557813335129125,3,1,23,23,Monocyte,1,0.052456917900614165,1,,
OTCFM,pc30,Clone_965,19.510914208085754,0.0,6.940551637896594,3,9,11,11,Neutrophil,1,0.04335901937142737,9,0.32812961290615106,4.715085674223594
OTCFM,pc30,Clone_971,16.98277914828458,0.0,6.527994300782087,3,3,29,29,Monocyte,2,0.06889340954070368,3,0.15478277288639583,18.18883813482805
PRESCIENT,dm10,Clone_1099,0.004126749045379967,0.00020206752234189316,1.4953280217811173,3,9,47,47,Neutrophil,1,0.053959359129898465,9,0.29777317698898875,3.337828069267898
PRESCIENT,dm10,Clone_123,0.007753443414087367,0.0010314533511480634,3.5602335707860338,3,5,20,20,Monocyte,2,0.15722704683732244,5,0.037467114762215085,6.415137112580283
PRESCIENT,dm10,Clone_1258,0.005975291114603567,0.0004672813047539618,2.461915562191545,3,3,22,22,Mast,2,0.09900429193938569,3,20.624729215903553,26.133309849855884
PRESCIENT,dm10,Clone_1301,0.0060759768486349335,0.0005114306226578631,2.7498224339734434,3,4,30,30,Monocyte,1,0.03793767532434031,4,0.06186000294475383,6.19803119852318
PRESCIENT,dm10,Clone_1305,0.015308274227241334,0.0001430811712292027,6.18418389081543,3,5,28,28,Meg,1,0.0179797039386251,5,0.5550304759957555,26.428597456370337
PRESCIENT,dm10,Clone_1370,0.0014774808743584,0.0001107749372155364,0.6024343432238907,3,12,19,19,Baso,1,0.03926130705362045,12,0.3240291367958321,8.369059259531936
PRESCIENT,dm10,Clone_1404,0.007929474856469066,0.0002005094495928708,3.9509239150527513,3,3,27,27,Monocyte,1,0.04995117992427936,3,0.00964406749029162,8.884967276354372
PRESCIENT,dm10,Clone_1440,0.007720980755328333,0.0002896817599832014,3.442134528294068,3,16,18,18,undiff,0,0.07226473897493672,16,0.22763692122432397,7.619776527099585
PRESCIENT,dm10,Clone_1479,0.009742733999749198,0.0011295643797495185,3.98089680039093,3,7,17,17,Mast,2,0.1370584143059133,7,0.5230322542383166,7.563059149692875
PRESCIENT,dm10,Clone_1562,0.006772312209709967,0.0006307414879578618,3.4571671405670172,3,2,23,23,Monocyte,1,0.041945954015674455,2,0.01161538143916909,3.522021547191701
PRESCIENT,dm10,Clone_17,0.005670815134788967,0.0014305466132128876,2.3238643829361654,3,4,22,22,Mast,1,0.06494028098519304,4,0.6844030529191332,19.73125013077922
PRESCIENT,dm10,Clone_1967,0.0061040625676669,0.0005057294745401083,2.777564413598681,3,3,26,26,Monocyte,1,0.03640561259918894,3,0.020713241978456087,2.9477736277230657
PRESCIENT,dm10,Clone_1972,0.0108137614576312,0.00013456251937085613,4.41734252632103,3,7,13,13,Baso,2,0.13725123613922102,7,2.675025161902477,10.49052026525043
PRESCIENT,dm10,Clone_1998,0.009106577541631033,0.0001814089666022991,4.446352856253077,3,10,23,23,Monocyte,2,0.1423182842137415,10,6.949860529104069,30.72852575861241
PRESCIENT,dm10,Clone_2039,0.006626928817723733,0.00013837633846000555,3.053087148176232,3,19,29,29,Monocyte,2,0.12277062374618217,19,2.7557158962022528,11.681538709433966
PRESCIENT,dm10,Clone_2094,0.025862822005766766,0.0015662096325424163,10.655860575448829,3,7,23,23,Baso,2,0.05430278738110706,7,3.8538178110131516,17.04827261695845
PRESCIENT,dm10,Clone_2109,0.0072821962327158,0.00029471465743697493,3.299061881035566,3,3,18,18,Baso,1,0.07032339916594173,3,2.974747834495287,13.592385899152859
PRESCIENT,dm10,Clone_2111,0.011435472839495966,0.00011652616433726243,4.548627707174666,3,18,20,20,Neutrophil,2,0.08078452418450575,18,1.6119604989013196,7.8044678698900904
PRESCIENT,dm10,Clone_2272,0.006277383293803634,0.0005317950228703355,2.7664182015423955,3,5,23,23,Baso,2,0.12222408058193349,5,0.2346137980849938,4.667298953752019
PRESCIENT,dm10,Clone_2281,0.006326853588492501,0.0018321370901230867,3.172574828763896,3,2,20,20,Monocyte,1,0.06649945459192291,2,0.026005285019009235,1.8566046229902842
PRESCIENT,dm10,Clone_2387,0.0056522080280915,0.001307905980916087,2.764523017696087,3,2,32,32,Monocyte,1,0.045202805437437966,2,0.12215015208036642,6.436911044268188
PRESCIENT,dm10,Clone_2407,0.005899914336702967,0.0008155327364435054,2.670577520836708,3,2,27,27,Monocyte,2,0.030209314460111863,2,0.0363670033133063,2.9163751445345993
PRESCIENT,dm10,Clone_2445,0.0083332303019601,0.00018736055490336577,3.5706258524870975,3,4,18,18,undiff,0,0.03277816679819855,4,0.24408911927943375,7.960521955494343
PRESCIENT,dm10,Clone_2490,0.0100032192246964,0.0007880267681517609,4.192621419872915,3,1,24,24,Baso,1,0.0714375538299548,1,,
PRESCIENT,dm10,Clone_2585,0.005221446079077033,0.0004383841677463341,2.161962328135548,3,5,26,26,Baso,1,0.06257724589752804,5,0.4887596739832424,9.400750433049533
PRESCIENT,dm10,Clone_2712,0.004308320820043367,0.0001208407175460062,2.0236038836994603,3,3,20,20,Monocyte,1,0.05421281879936427,3,0.08668884255758623,4.541710583071635
PRESCIENT,dm10,Clone_2735,0.007107256982913167,0.00027591811871657145,3.560715520558219,3,20,10,10,Monocyte,2,0.16732301294620547,20,4.610536081132733,13.558797550667286
PRESCIENT,dm10,Clone_2768,0.0035566145567546667,0.00017071406022766333,1.4635418613503468,3,3,33,33,Baso,3,0.05223903918151864,3,0.28138516443175327,10.327101976518657
PRESCIENT,dm10,Clone_3083,0.0066756809175426,0.0003859192647505263,2.956683036848402,3,3,28,28,Monocyte,1,0.021268575073960266,3,0.029011129114977947,4.9845196559107965
PRESCIENT,dm10,Clone_3250,0.019850743790709165,0.0003200461297497177,8.301404616569332,3,5,84,84,Meg,3,0.21489887254115192,5,0.7386909921268279,13.510531343329792
PRESCIENT,dm10,Clone_3269,0.017796345094820334,0.0004740436252120615,7.344928005853784,3,3,48,48,Mast,2,0.06774750030996113,3,0.2311131219726578,5.349833431922124
PRESCIENT,dm10,Clone_3330,0.009567776362233932,0.00016825714210472306,3.9128609531145364,3,18,22,22,Neutrophil,2,0.08219859655244563,18,1.141745852155684,5.62091920165215
PRESCIENT,dm10,Clone_3336,0.011341391771198833,0.00026106317000344493,4.730159817260046,3,11,14,14,Neutrophil,1,0.02905610200385194,11,0.37168596294169925,4.9470671507570785
PRESCIENT,dm10,Clone_3349,0.0061923589661298335,0.0001782466600111167,2.634755978214622,3,2,33,33,Monocyte,3,0.08510469065270893,2,0.007409246483237295,2.9855483489218093
PRESCIENT,dm10,Clone_3391,0.0027914607922772,0.00014023929279209706,1.1307731722605856,3,2,20,20,Baso,1,0.049304815246206155,2,0.0031898759376497443,10.516659247656612
PRESCIENT,dm10,Clone_3429,0.011758757381624234,0.00016081795442154568,6.214393371540527,3,20,1,1,Monocyte,1,0.0,20,1.2106735172871403,6.561291108224228
PRESCIENT,dm10,Clone_3438,0.007989341740742067,4.11208705385721e-05,3.687667147080031,3,31,60,60,Monocyte,2,0.05403636556885514,31,1.8515856965966984,9.24900737000312
PRESCIENT,dm10,Clone_3522,0.008227206006496767,0.0003056470791777085,3.1975679072782746,3,6,41,41,Neutrophil,2,0.13405377074455824,6,0.7101373222154671,3.497397656656704
PRESCIENT,dm10,Clone_358,0.0082715164418349,0.0002072009670534076,3.7010924914733856,3,9,18,18,undiff,0,0.021143447576289647,9,0.12479959213126325,3.8640199482448963
PRESCIENT,dm10,Clone_3585,0.007607992778493434,0.00034110906414739625,3.1274647966029945,3,6,70,70,Baso,3,0.06845826625704189,6,2.5918908186280167,7.57290917923037
PRESCIENT,dm10,Clone_3619,0.009155591939662465,0.0006081413633865826,4.7238810406200145,3,2,24,24,Monocyte,1,0.03402846784521976,2,0.018038181964413612,6.091645300053623
PRESCIENT,dm10,Clone_3682,0.0068587049477481675,6.36143937310795e-05,2.854841672734653,3,9,55,55,Baso,3,0.06771963051087009,9,0.32762931265207107,5.171878406383085
PRESCIENT,dm10,Clone_3718,0.007424657303131167,0.0005412394123739953,3.3552011373384296,3,4,29,29,undiff,0,0.021676354425988455,4,0.022966480440644012,5.791671691579242
PRESCIENT,dm10,Clone_3736,0.007915652133195733,0.0001248191400624948,3.699806145944019,3,9,13,13,Monocyte,1,0.023466874751066718,9,1.7376384028382348,14.794947589668128
PRESCIENT,dm10,Clone_374,0.008442537763915634,0.00021985511705367193,3.117441197091509,3,10,15,15,Neutrophil,1,0.06616983226232935,10,4.132377803817445,9.39538486096213
PRESCIENT,dm10,Clone_3840,0.006751187199546933,0.00018806623973162154,3.198889511369004,3,35,46,46,Neutrophil,2,0.1449663979882648,35,2.0556227889900978,6.576694866473939
PRESCIENT,dm10,Clone_3887,0.008894536903652633,0.00020466355100605166,3.919435145881643,3,19,28,28,Monocyte,2,0.04869020778965274,19,3.476511776859283,13.785224414532609
PRESCIENT,dm10,Clone_398,0.018274871826639765,0.0009460758937182472,7.605038969290896,3,2,25,25,Meg,2,0.15351807517177313,2,4.455718918993581,12.844691127701376
PRESCIENT,dm10,Clone_401,0.007409220155170367,0.0010614925789908338,3.266761143277021,3,2,21,21,undiff,0,0.009449906913408267,2,0.2927615511143181,6.016866547846647
PRESCIENT,dm10,Clone_405,0.007292271403370801,0.00030649940840544364,3.3362272957399797,3,18,24,24,Monocyte,2,0.05375761713677556,18,4.660732777437484,15.991837219935185
PRESCIENT,dm10,Clone_4205,0.0050020282300461665,0.0006815303464072678,2.0556510382257596,3,5,16,16,Baso,1,0.03581221833879433,5,5.6779224662861845,30.622954423981827
PRESCIENT,dm10,Clone_4226,0.008874160302169866,0.00039448464326710187,3.8815558909099885,3,11,42,42,Monocyte,1,0.012150251433044212,11,0.20838978733154445,6.251213172478858
PRESCIENT,dm10,Clone_4276,0.009211927365516001,0.0005163145163166717,4.002076024068206,3,2,23,23,Baso,2,0.1934655599160797,2,0.012509268371559253,3.7765158688102494
PRESCIENT,dm10,Clone_4316,0.016792970902018468,0.0010217728776658402,7.274112165398971,3,11,9,9,Monocyte,2,0.04837580077314802,11,29.02447788355479,22.038395207847277
PRESCIENT,dm10,Clone_4456,0.005306489721873767,0.00019834990962633764,2.5195847296179394,3,4,16,16,Monocyte,1,0.036943296178177924,4,0.13814141869561275,7.263852993390859
PRESCIENT,dm10,Clone_4483,0.007794862544926833,0.0008074299864241799,3.4976356824377888,3,4,20,20,Neutrophil,2,0.1602617435581773,4,0.03898512500450519,4.865352645256264
PRESCIENT,dm10,Clone_449,0.005032614284445933,0.0006908477199061338,2.181915890235569,3,3,27,27,Monocyte,1,0.06868739538943391,3,0.27409014173352764,5.2429907844997965
PRESCIENT,dm10,Clone_4571,0.0071954539077724,0.0005042323575673977,3.115667250486482,3,4,27,27,Baso,2,0.1357723332643678,4,0.25609418945890317,7.061109485182975
PRESCIENT,dm10,Clone_4604,0.0074218925535677336,0.0006184490414594126,3.8094695735889226,3,4,25,25,Monocyte,2,0.05356076429417436,4,0.044939384982890546,3.0536306497695627
PRESCIENT,dm10,Clone_4665,0.007263762681367267,0.0013092601962026943,3.2449192885912095,3,3,19,19,Neutrophil,3,0.14966562616430215,3,0.17695997318332657,9.240128549697486
PRESCIENT,dm10,Clone_4683,0.006548466940500666,0.0004139471799303562,2.6400652230839348,3,1,36,36,Erythroid,3,0.08348765003611086,1,,
PRESCIENT,dm10,Clone_4774,0.007347088989036466,0.0002723477689889979,3.001147726844597,3,12,10,10,Neutrophil,2,0.05335751573019172,12,3.799525885687359,11.968227690319242
PRESCIENT,dm10,Clone_478,0.0078143317880394,0.0005494551176242108,3.5901000370984324,3,2,20,20,undiff,0,0.005217821387869499,2,0.030646718481618086,7.412988228499486
PRESCIENT,dm10,Clone_4948,0.0027138957384812666,9.603061515328724e-05,1.185661643143692,3,27,17,17,Monocyte,2,0.14859350629385978,27,3.57026365785626,15.907369625636797
PRESCIENT,dm10,Clone_4968,0.0100162681189437,0.0003007267377936747,5.073839487693918,3,8,30,30,Monocyte,2,0.10429341441030007,8,0.5435719615590234,4.13910423885042
PRESCIENT,dm10,Clone_4996,0.013748804673398432,0.00025319489498437794,5.518710662013045,3,14,10,10,Neutrophil,1,0.07107146688614559,14,7.954690681829848,12.909653109980116
PRESCIENT,dm10,Clone_5034,0.0080845655264506,0.0003034146822795252,3.366204702134702,3,4,21,21,Baso,1,0.159610443251006,4,0.12845476877794174,6.51458597028454
PRESCIENT,dm10,Clone_5046,0.007509305290818734,0.0010579909575138796,3.50242562970085,3,2,25,25,Monocyte,2,0.036544332378646176,2,0.045417112350472855,3.935035469412358
PRESCIENT,dm10,Clone_5198,0.0022027854355464,0.00013532051545261725,0.8863528405278625,3,5,15,15,Baso,2,0.07567549446073076,5,0.8724133041043036,8.464522614417485
PRESCIENT,dm10,Clone_5252,0.008690852638989133,0.0003225271290835685,3.8421717918423983,3,9,21,21,undiff,0,0.014748342389116705,9,0.31226500236551347,7.85288886189962
PRESCIENT,dm10,Clone_5287,0.0072315650934577,0.0009618843535377725,3.7791534385016647,3,3,19,19,Monocyte,1,0.04374899620840231,3,0.0590240697163808,2.86214589353189
PRESCIENT,dm10,Clone_5404,0.008798405810206833,0.0001558166100979322,3.8538950211853162,3,23,33,33,Monocyte,2,0.05720455621213418,23,3.2381705817300763,14.366611171892627
PRESCIENT,dm10,Clone_5480,0.0159348004254573,0.000190451769358223,6.113960259007022,3,10,16,16,Monocyte,3,0.12649564163123084,10,7.337588514932368,18.383384883823638
PRESCIENT,dm10,Clone_5483,0.006892048791526,0.00028643079557028625,3.0156576690844736,3,7,31,31,Baso,2,0.09449253928666737,7,0.04005269263211243,3.614142967506261
PRESCIENT,dm10,Clone_5487,0.0044849759405566,0.001582995622162567,1.8344447292420398,3,11,10,10,Mast,1,0.04127145001699628,11,0.7283743790979443,9.897448906559015
PRESCIENT,dm10,Clone_5518,0.006536507524056966,0.0002544207834717704,2.9596943982145265,3,4,17,17,undiff,0,0.014316176176095553,4,0.011291597163589453,2.3765065038163797
PRESCIENT,dm10,Clone_5523,0.007743372135517733,0.000903137686448157,3.4621183335406034,3,2,19,19,undiff,0,0.0050717912745230735,2,0.0014205264430334596,9.100217444356625
PRESCIENT,dm10,Clone_5526,0.007401485174584034,0.0008521362108460964,3.7557713243790674,3,3,17,17,Monocyte,1,0.031230358387934264,3,0.03602799911927636,5.257854544433243
PRESCIENT,dm10,Clone_569,0.007226303180017134,0.0010465269328144293,3.623383247884028,3,3,19,19,Monocyte,1,0.05450518504582877,3,0.07908025592995396,5.453396173682699
PRESCIENT,dm10,Clone_5717,0.014289687734740134,0.0004376619362745552,5.860257517624162,3,3,37,37,Mast,2,0.11087369308289872,3,0.8247957661025747,5.866889794030414
PRESCIENT,dm10,Clone_5748,0.007478912027647801,0.00016043863508277668,3.358842282530901,3,5,26,26,undiff,0,0.032069898139824284,5,0.034482824066289844,7.943323453209238
PRESCIENT,dm10,Clone_5791,0.0070565092056021,0.0008510403302388533,2.973663889243731,3,21,21,21,Baso,3,0.1665301798686713,21,4.142258093309941,17.87387451481119
PRESCIENT,dm10,Clone_5793,0.015162817519498667,0.0008833910598077814,6.187002956964778,3,8,12,12,Meg,1,0.05049900483188226,8,1.3444364651155936,5.807091296949124
PRESCIENT,dm10,Clone_5842,0.020089894169607134,0.0011746664377163475,8.379404249604312,3,11,31,31,Meg,1,0.21745360025943325,11,0.8956015221870341,8.828171208356217
PRESCIENT,dm10,Clone_685,0.0067491117824619,0.00019151359287794502,2.9108950337490924,3,21,18,18,Monocyte,2,0.0948658829099985,21,2.2438547105633093,9.754974854131712
PRESCIENT,dm10,Clone_722,0.0075132112961257,0.0007632065806946976,3.288264127101865,3,2,18,18,undiff,0,0.03728958569635448,2,0.014897505819378041,5.770397204110029
PRESCIENT,dm10,Clone_766,0.009043007564668934,0.00013195715075193859,4.888747451465703,3,38,37,37,Neutrophil,2,0.1210815502835224,38,3.508582348949434,9.398724839588569
PRESCIENT,dm10,Clone_777,0.0113147828631686,0.003900448039512542,4.527428023036967,3,1,22,22,Erythroid,2,0.17489720952718177,1,,
PRESCIENT,dm10,Clone_862,0.007182823742116001,0.0008501918869619076,3.2166426183022487,3,3,21,21,undiff,0,0.030167572564979702,3,0.026815525245022287,6.807423705182
PRESCIENT,dm10,Clone_961,0.008091040121233833,0.0006134094538600439,4.140201298675478,3,1,23,23,Monocyte,1,0.052456917900614165,1,,
PRESCIENT,dm10,Clone_965,0.0027197489766583333,0.00011060830189465529,1.006728960286049,3,9,11,11,Neutrophil,1,0.04335901937142737,9,0.32812961290615106,4.715085674223594
PRESCIENT,dm10,Clone_971,0.0127371510270788,0.00025980359793344865,4.839458101817672,3,3,29,29,Monocyte,2,0.06889340954070368,3,0.15478277288639583,18.18883813482805
PRESCIENT,pc30,Clone_1099,12.120432323159674,1.1731517871253883,4.714281371340589,3,9,47,47,Neutrophil,1,0.053959359129898465,9,0.29777317698898875,3.337828069267898
PRESCIENT,pc30,Clone_123,13.880480278330083,0.5084953198513507,4.703549481221082,3,5,20,20,Monocyte,2,0.15722704683732244,5,0.037467114762215085,6.415137112580283
PRESCIENT,pc30,Clone_1258,14.955128946378936,0.9724914804139057,5.081905053449758,3,3,22,22,Mast,2,0.09900429193938569,3,20.624729215903553,26.133309849855884
PRESCIENT,pc30,Clone_1301,12.223257660242,2.1982432577622695,3.582898846300156,3,4,30,30,Monocyte,1,0.03793767532434031,4,0.06186000294475383,6.19803119852318
PRESCIENT,pc30,Clone_1305,19.235287242104317,5.078241211848664,8.45253527921115,3,5,28,28,Meg,1,0.0179797039386251,5,0.5550304759957555,26.428597456370337
PRESCIENT,pc30,Clone_1370,12.82156529546856,1.3430711826825505,6.184942502143245,3,12,19,19,Baso,1,0.03926130705362045,12,0.3240291367958321,8.369059259531936
PRESCIENT,pc30,Clone_1404,14.619329307944325,0.6814282291970558,4.173299147902157,3,3,27,27,Monocyte,1,0.04995117992427936,3,0.00964406749029162,8.884967276354372
PRESCIENT,pc30,Clone_1440,8.814347662975822,1.6739241904593356,3.00765219275972,3,16,18,18,undiff,0,0.07226473897493672,16,0.22763692122432397,7.619776527099585
PRESCIENT,pc30,Clone_1479,11.232980412560243,0.3078197482920394,4.172523114517053,3,7,17,17,Mast,2,0.1370584143059133,7,0.5230322542383166,7.563059149692875
PRESCIENT,pc30,Clone_1562,14.09984041564262,0.523480962330954,4.431198973210109,3,2,23,23,Monocyte,1,0.041945954015674455,2,0.01161538143916909,3.522021547191701
PRESCIENT,pc30,Clone_17,17.502515531682338,1.2434472621902446,6.053406542890484,3,4,22,22,Mast,1,0.06494028098519304,4,0.6844030529191332,19.73125013077922
PRESCIENT,pc30,Clone_1967,9.680507012603469,1.8501603855333735,3.0897621738559073,3,3,26,26,Monocyte,1,0.03640561259918894,3,0.020713241978456087,2.9477736277230657
PRESCIENT,pc30,Clone_1972,19.802559306949664,0.43276489759664627,6.451649317988282,3,7,13,13,Baso,2,0.13725123613922102,7,2.675025161902477,10.49052026525043
PRESCIENT,pc30,Clone_1998,17.95463202321747,0.31115212291569716,7.055321709276609,3,10,23,23,Monocyte,2,0.1423182842137415,10,6.949860529104069,30.72852575861241
PRESCIENT,pc30,Clone_2039,12.379425330143382,0.9668324837903213,4.088450461141316,3,19,29,29,Monocyte,2,0.12277062374618217,19,2.7557158962022528,11.681538709433966
PRESCIENT,pc30,Clone_2094,14.025781060459671,0.6151513238645958,5.730412888350677,3,7,23,23,Baso,2,0.05430278738110706,7,3.8538178110131516,17.04827261695845
PRESCIENT,pc30,Clone_2109,14.286431938970274,0.32886597719962873,6.050627740353966,3,3,18,18,Baso,1,0.07032339916594173,3,2.974747834495287,13.592385899152859
PRESCIENT,pc30,Clone_2111,9.731045337942037,0.7266766441872796,3.434422845826455,3,18,20,20,Neutrophil,2,0.08078452418450575,18,1.6119604989013196,7.8044678698900904
PRESCIENT,pc30,Clone_2272,10.516177488429259,1.0641582543480474,3.4037181659077227,3,5,23,23,Baso,2,0.12222408058193349,5,0.2346137980849938,4.667298953752019
PRESCIENT,pc30,Clone_2281,13.765023877318447,0.28375484080728125,4.2646236495427905,3,2,20,20,Monocyte,1,0.06649945459192291,2,0.026005285019009235,1.8566046229902842
PRESCIENT,pc30,Clone_2387,10.603508899289144,1.0859223209592748,3.852039815040625,3,2,32,32,Monocyte,1,0.045202805437437966,2,0.12215015208036642,6.436911044268188
PRESCIENT,pc30,Clone_2407,10.600976108285344,2.788235375938309,3.4866304787491047,3,2,27,27,Monocyte,2,0.030209314460111863,2,0.0363670033133063,2.9163751445345993
PRESCIENT,pc30,Clone_2445,11.911593841470115,1.7533065749444283,3.836174678166595,3,4,18,18,undiff,0,0.03277816679819855,4,0.24408911927943375,7.960521955494343
PRESCIENT,pc30,Clone_2490,20.411527659193577,1.157070984189547,5.858941674534182,3,1,24,24,Baso,1,0.0714375538299548,1,,
PRESCIENT,pc30,Clone_2585,9.481748390033678,1.9440796784290397,3.587771860993904,3,5,26,26,Baso,1,0.06257724589752804,5,0.4887596739832424,9.400750433049533
PRESCIENT,pc30,Clone_2712,12.411503975331632,0.6125393222182813,4.779203139107861,3,3,20,20,Monocyte,1,0.05421281879936427,3,0.08668884255758623,4.541710583071635
PRESCIENT,pc30,Clone_2735,17.735497294693044,0.7020143213849289,5.753004236649587,3,20,10,10,Monocyte,2,0.16732301294620547,20,4.610536081132733,13.558797550667286
PRESCIENT,pc30,Clone_2768,11.158394375079887,0.2560541667934953,4.440652618654403,3,3,33,33,Baso,3,0.05223903918151864,3,0.28138516443175327,10.327101976518657
PRESCIENT,pc30,Clone_3083,13.162027200654057,1.5792403395136674,4.054533888948909,3,3,28,28,Monocyte,1,0.021268575073960266,3,0.029011129114977947,4.9845196559107965
PRESCIENT,pc30,Clone_3250,22.84956487464667,0.42460861520512116,8.244796357431598,3,5,84,84,Meg,3,0.21489887254115192,5,0.7386909921268279,13.510531343329792
PRESCIENT,pc30,Clone_3269,23.975673308960125,0.4719319900791894,8.491140043161378,3,3,48,48,Mast,2,0.06774750030996113,3,0.2311131219726578,5.349833431922124
PRESCIENT,pc30,Clone_3330,9.054753888340645,0.6138181448135752,3.5725469971831103,3,18,22,22,Neutrophil,2,0.08219859655244563,18,1.141745852155684,5.62091920165215
PRESCIENT,pc30,Clone_3336,8.576680634102054,0.7560293785621691,2.9870670279853613,3,11,14,14,Neutrophil,1,0.02905610200385194,11,0.37168596294169925,4.9470671507570785
PRESCIENT,pc30,Clone_3349,9.608151576421065,0.8139377912235134,3.622049652387652,3,2,33,33,Monocyte,3,0.08510469065270893,2,0.007409246483237295,2.9855483489218093
PRESCIENT,pc30,Clone_3391,14.486830889874524,5.077700809822021,5.734911914866015,3,2,20,20,Baso,1,0.049304815246206155,2,0.0031898759376497443,10.516659247656612
PRESCIENT,pc30,Clone_3429,38.38644508010658,0.6976483383993148,12.876884840168982,3,20,1,1,Monocyte,1,0.0,20,1.2106735172871403,6.561291108224228
PRESCIENT,pc30,Clone_3438,11.34444794834168,0.9695436342409384,3.5663590057247414,3,31,60,60,Monocyte,2,0.05403636556885514,31,1.8515856965966984,9.24900737000312
PRESCIENT,pc30,Clone_3522,10.584940860747768,0.4973453337376193,3.7440293964569555,3,6,41,41,Neutrophil,2,0.13405377074455824,6,0.7101373222154671,3.497397656656704
PRESCIENT,pc30,Clone_358,10.54732031254767,1.1541670186942008,3.2477623362174555,3,9,18,18,undiff,0,0.021143447576289647,9,0.12479959213126325,3.8640199482448963
PRESCIENT,pc30,Clone_3585,12.318152090271182,0.5504489434697829,4.67128818691449,3,6,70,70,Baso,3,0.06845826625704189,6,2.5918908186280167,7.57290917923037
PRESCIENT,pc30,Clone_3619,15.287096027119484,1.1549967338551033,4.477849480924811,3,2,24,24,Monocyte,1,0.03402846784521976,2,0.018038181964413612,6.091645300053623
PRESCIENT,pc30,Clone_3682,13.710496956317192,0.8388345429965655,6.0769064965897925,3,9,55,55,Baso,3,0.06771963051087009,9,0.32762931265207107,5.171878406383085
PRESCIENT,pc30,Clone_3718,15.167307366336887,4.165363284347853,4.254558033697605,3,4,29,29,undiff,0,0.021676354425988455,4,0.022966480440644012,5.791671691579242
PRESCIENT,pc30,Clone_3736,13.655261899506689,1.5462927171365088,4.523502093758638,3,9,13,13,Monocyte,1,0.023466874751066718,9,1.7376384028382348,14.794947589668128
PRESCIENT,pc30,Clone_374,10.85619059609366,0.5031522685285214,3.6280066095061763,3,10,15,15,Neutrophil,1,0.06616983226232935,10,4.132377803817445,9.39538486096213
PRESCIENT,pc30,Clone_3840,12.942322904110318,0.6808518632377971,4.193328163105963,3,35,46,46,Neutrophil,2,0.1449663979882648,35,2.0556227889900978,6.576694866473939
PRESCIENT,pc30,Clone_3887,11.010516701698654,1.0855980419926263,3.67195072766974,3,19,28,28,Monocyte,2,0.04869020778965274,19,3.476511776859283,13.785224414532609
PRESCIENT,pc30,Clone_398,19.9105098112484,0.7548668929112574,6.761287930063429,3,2,25,25,Meg,2,0.15351807517177313,2,4.455718918993581,12.844691127701376
PRESCIENT,pc30,Clone_401,14.94014046525111,1.0894524808998391,3.925914935788762,3,2,21,21,undiff,0,0.009449906913408267,2,0.2927615511143181,6.016866547846647
PRESCIENT,pc30,Clone_405,12.46520822549875,1.0930044111501889,4.638074228581337,3,18,24,24,Monocyte,2,0.05375761713677556,18,4.660732777437484,15.991837219935185
PRESCIENT,pc30,Clone_4205,13.789450904315734,0.5744133058734844,6.101093095686632,3,5,16,16,Baso,1,0.03581221833879433,5,5.6779224662861845,30.622954423981827
PRESCIENT,pc30,Clone_4226,8.373944822080732,0.48979504440877,2.8118054272382804,3,11,42,42,Monocyte,1,0.012150251433044212,11,0.20838978733154445,6.251213172478858
PRESCIENT,pc30,Clone_4276,13.132750412765796,0.3492181100809292,4.108918490543425,3,2,23,23,Baso,2,0.1934655599160797,2,0.012509268371559253,3.7765158688102494
PRESCIENT,pc30,Clone_4316,15.215516151842998,0.5509574386569871,7.095048304439409,3,11,9,9,Monocyte,2,0.04837580077314802,11,29.02447788355479,22.038395207847277
PRESCIENT,pc30,Clone_4456,11.453313800403727,0.5587285996060487,4.53776374855295,3,4,16,16,Monocyte,1,0.036943296178177924,4,0.13814141869561275,7.263852993390859
PRESCIENT,pc30,Clone_4483,11.357131998924752,1.3406756206036512,3.976334018622291,3,4,20,20,Neutrophil,2,0.1602617435581773,4,0.03898512500450519,4.865352645256264
PRESCIENT,pc30,Clone_449,14.90057364973756,0.8160992463906208,6.315377497712597,3,3,27,27,Monocyte,1,0.06868739538943391,3,0.27409014173352764,5.2429907844997965
PRESCIENT,pc30,Clone_4571,14.700970596854917,1.8459756923694461,4.308174527877149,3,4,27,27,Baso,2,0.1357723332643678,4,0.25609418945890317,7.061109485182975
PRESCIENT,pc30,Clone_4604,14.799225483406653,2.193514621808103,4.443339859870007,3,4,25,25,Monocyte,2,0.05356076429417436,4,0.044939384982890546,3.0536306497695627
PRESCIENT,pc30,Clone_4665,14.659371229035331,4.167041028868158,4.570428685710887,3,3,19,19,Neutrophil,3,0.14966562616430215,3,0.17695997318332657,9.240128549697486
PRESCIENT,pc30,Clone_4683,10.682481637121876,0.7978010391500704,4.990187996395607,3,1,36,36,Erythroid,3,0.08348765003611086,1,,
PRESCIENT,pc30,Clone_4774,13.47192017907004,0.019845684086193815,4.3118658363832685,3,12,10,10,Neutrophil,2,0.05335751573019172,12,3.799525885687359,11.968227690319242
PRESCIENT,pc30,Clone_478,15.951564309913294,3.4699911855721375,3.823029974174234,3,2,20,20,undiff,0,0.005217821387869499,2,0.030646718481618086,7.412988228499486
PRESCIENT,pc30,Clone_4948,14.094442752942134,0.3298088347431931,5.728344930724319,3,27,17,17,Monocyte,2,0.14859350629385978,27,3.57026365785626,15.907369625636797
PRESCIENT,pc30,Clone_4968,20.976206562003313,1.4121674408209781,6.622253932482202,3,8,30,30,Monocyte,2,0.10429341441030007,8,0.5435719615590234,4.13910423885042
PRESCIENT,pc30,Clone_4996,15.482411713050608,0.7112932191898157,4.789642347114896,3,14,10,10,Neutrophil,1,0.07107146688614559,14,7.954690681829848,12.909653109980116
PRESCIENT,pc30,Clone_5034,11.523747761917747,0.5798219445511079,4.3063388026658895,3,4,21,21,Baso,1,0.159610443251006,4,0.12845476877794174,6.51458597028454
PRESCIENT,pc30,Clone_5046,12.486842360431325,0.27114977584890226,4.603334603338649,3,2,25,25,Monocyte,2,0.036544332378646176,2,0.045417112350472855,3.935035469412358
PRESCIENT,pc30,Clone_5198,11.42364178390092,1.8287130444035884,5.101458784033956,3,5,15,15,Baso,2,0.07567549446073076,5,0.8724133041043036,8.464522614417485
PRESCIENT,pc30,Clone_5252,13.569918639670547,0.3839276933762098,4.315421040905348,3,9,21,21,undiff,0,0.014748342389116705,9,0.31226500236551347,7.85288886189962
PRESCIENT,pc30,Clone_5287,16.052077406767328,0.9846870226806662,4.553867203267647,3,3,19,19,Monocyte,1,0.04374899620840231,3,0.0590240697163808,2.86214589353189
PRESCIENT,pc30,Clone_5404,12.295708897438617,0.6189998243337854,4.108934000394275,3,23,33,33,Monocyte,2,0.05720455621213418,23,3.2381705817300763,14.366611171892627
PRESCIENT,pc30,Clone_5480,19.951872678372933,0.8652200874585498,7.196062460639418,3,10,16,16,Monocyte,3,0.12649564163123084,10,7.337588514932368,18.383384883823638
PRESCIENT,pc30,Clone_5483,11.532706556763001,1.6826934536056586,3.7343198069138617,3,7,31,31,Baso,2,0.09449253928666737,7,0.04005269263211243,3.614142967506261
PRESCIENT,pc30,Clone_5487,16.052022763688985,1.0353628500091012,5.245686705534162,3,11,10,10,Mast,1,0.04127145001699628,11,0.7283743790979443,9.897448906559015
PRESCIENT,pc30,Clone_5518,8.475253902349662,1.3505179156080396,2.951221933269135,3,4,17,17,undiff,0,0.014316176176095553,4,0.011291597163589453,2.3765065038163797
PRESCIENT,pc30,Clone_5523,8.043170422001507,2.316131281620925,2.7451252607291194,3,2,19,19,undiff,0,0.0050717912745230735,2,0.0014205264430334596,9.100217444356625
PRESCIENT,pc30,Clone_5526,16.197954320730243,1.5031816955081063,5.4102624902481535,3,3,17,17,Monocyte,1,0.031230358387934264,3,0.03602799911927636,5.257854544433243
PRESCIENT,pc30,Clone_569,14.16176881611239,2.3587471180993203,4.861521710065659,3,3,19,19,Monocyte,1,0.05450518504582877,3,0.07908025592995396,5.453396173682699
PRESCIENT,pc30,Clone_5717,18.51589036296097,0.9226835233497033,6.884500133193228,3,3,37,37,Mast,2,0.11087369308289872,3,0.8247957661025747,5.866889794030414
PRESCIENT,pc30,Clone_5748,13.83825283029718,1.4940836875171615,3.656547083575242,3,5,26,26,undiff,0,0.032069898139824284,5,0.034482824066289844,7.943323453209238
PRESCIENT,pc30,Clone_5791,14.039901823283174,1.713136398332955,5.176313514187103,3,21,21,21,Baso,3,0.1665301798686713,21,4.142258093309941,17.87387451481119
PRESCIENT,pc30,Clone_5793,15.504076603212965,1.2808051568785328,5.116202303468611,3,8,12,12,Meg,1,0.05049900483188226,8,1.3444364651155936,5.807091296949124
PRESCIENT,pc30,Clone_5842,21.368287361018957,1.1099364442079522,7.304583405111707,3,11,31,31,Meg,1,0.21745360025943325,11,0.8956015221870341,8.828171208356217
PRESCIENT,pc30,Clone_685,11.758804911789746,0.1972895086524594,4.994079822061618,3,21,18,18,Monocyte,2,0.0948658829099985,21,2.2438547105633093,9.754974854131712
PRESCIENT,pc30,Clone_722,7.324028714121735,0.11828778464864871,3.3112124918582104,3,2,18,18,undiff,0,0.03728958569635448,2,0.014897505819378041,5.770397204110029
PRESCIENT,pc30,Clone_766,19.28433733185562,0.36587751144181674,5.6400328640283774,3,38,37,37,Neutrophil,2,0.1210815502835224,38,3.508582348949434,9.398724839588569
PRESCIENT,pc30,Clone_777,21.74399227924899,3.5033623786984975,10.750353223286032,3,1,22,22,Erythroid,2,0.17489720952718177,1,,
PRESCIENT,pc30,Clone_862,13.802159072844011,1.2593552564031143,4.0432166394696525,3,3,21,21,undiff,0,0.030167572564979702,3,0.026815525245022287,6.807423705182
PRESCIENT,pc30,Clone_961,11.651484273347636,0.900685134735751,4.315358499997736,3,1,23,23,Monocyte,1,0.052456917900614165,1,,
PRESCIENT,pc30,Clone_965,14.25819288903712,1.367682365203248,5.949390782576869,3,9,11,11,Neutrophil,1,0.04335901937142737,9,0.32812961290615106,4.715085674223594
PRESCIENT,pc30,Clone_971,18.765540633701047,0.9598446120277994,6.083608125552409,3,3,29,29,Monocyte,2,0.06889340954070368,3,0.15478277288639583,18.18883813482805
SF2M,dm10,Clone_1099,0.010499196117807932,0.0002866066648190684,4.074404886791734,3,9,47,47,Neutrophil,1,0.053959359129898465,9,0.29777317698898875,3.337828069267898
SF2M,dm10,Clone_123,0.005425053088818233,0.00011134805465060074,2.643238767542123,3,5,20,20,Monocyte,2,0.15722704683732244,5,0.037467114762215085,6.415137112580283
SF2M,dm10,Clone_1258,0.005040355254855934,8.193849948666397e-05,2.083446981949693,3,3,22,22,Mast,2,0.09900429193938569,3,20.624729215903553,26.133309849855884
SF2M,dm10,Clone_1301,0.005052106444441733,0.0010349405240550646,2.443227159474961,3,4,30,30,Monocyte,1,0.03793767532434031,4,0.06186000294475383,6.19803119852318
SF2M,dm10,Clone_1305,0.002064899054089,0.00018260349950800203,0.8460103555872908,3,5,28,28,Meg,1,0.0179797039386251,5,0.5550304759957555,26.428597456370337
SF2M,dm10,Clone_1370,0.0010907230360113333,8.379096693490207e-05,0.44179234850651405,3,12,19,19,Baso,1,0.03926130705362045,12,0.3240291367958321,8.369059259531936
SF2M,dm10,Clone_1404,0.005956739629454334,5.406847927077427e-05,2.9720930550440006,3,3,27,27,Monocyte,1,0.04995117992427936,3,0.00964406749029162,8.884967276354372
SF2M,dm10,Clone_1440,0.003918161687483867,0.0003298213200973197,1.7155223919063776,3,16,18,18,undiff,0,0.07226473897493672,16,0.22763692122432397,7.619776527099585
SF2M,dm10,Clone_1479,0.0052875323906246665,0.0003980855291654924,2.171604091722906,3,7,17,17,Mast,2,0.1370584143059133,7,0.5230322542383166,7.563059149692875
SF2M,dm10,Clone_1562,0.0076405028170073,0.00024860789766064024,3.8872253408331567,3,2,23,23,Monocyte,1,0.041945954015674455,2,0.01161538143916909,3.522021547191701
SF2M,dm10,Clone_17,0.004138060355240766,6.0725216277949684e-05,1.7013432159561142,3,4,22,22,Mast,1,0.06494028098519304,4,0.6844030529191332,19.73125013077922
SF2M,dm10,Clone_1967,0.004538889077609067,0.0005428488395876297,2.2053758965556014,3,3,26,26,Monocyte,1,0.03640561259918894,3,0.020713241978456087,2.9477736277230657
SF2M,dm10,Clone_1972,0.0070335339214232,9.847033523935505e-05,2.8192383182544964,3,7,13,13,Baso,2,0.13725123613922102,7,2.675025161902477,10.49052026525043
SF2M,dm10,Clone_1998,0.0064050324375621,0.00014869198640553747,2.9126926921907317,3,10,23,23,Monocyte,2,0.1423182842137415,10,6.949860529104069,30.72852575861241
SF2M,dm10,Clone_2039,0.003159383103561533,2.7573923036930054e-05,1.3642762578141738,3,19,29,29,Monocyte,2,0.12277062374618217,19,2.7557158962022528,11.681538709433966
SF2M,dm10,Clone_2094,0.006158800648003966,0.00072020724806389,2.5365678097345525,3,7,23,23,Baso,2,0.05430278738110706,7,3.8538178110131516,17.04827261695845
SF2M,dm10,Clone_2109,0.004589828173460567,0.0009349095506381706,1.835061953527583,3,3,18,18,Baso,1,0.07032339916594173,3,2.974747834495287,13.592385899152859
SF2M,dm10,Clone_2111,0.0031864379780254665,8.19683798190903e-05,1.252848327163494,3,18,20,20,Neutrophil,2,0.08078452418450575,18,1.6119604989013196,7.8044678698900904
SF2M,dm10,Clone_2272,0.004880952383261201,8.657646937693446e-05,1.9153123369786174,3,5,23,23,Baso,2,0.12222408058193349,5,0.2346137980849938,4.667298953752019
SF2M,dm10,Clone_2281,0.0060106588596338,0.00020052964551585522,2.9479030663527546,3,2,20,20,Monocyte,1,0.06649945459192291,2,0.026005285019009235,1.8566046229902842
SF2M,dm10,Clone_2387,0.0059171403990053335,0.00027103391994957784,2.97751141548958,3,2,32,32,Monocyte,1,0.045202805437437966,2,0.12215015208036642,6.436911044268188
SF2M,dm10,Clone_2407,0.005470351158500667,0.00013005541471454213,2.4716068587135314,3,2,27,27,Monocyte,2,0.030209314460111863,2,0.0363670033133063,2.9163751445345993
SF2M,dm10,Clone_2445,0.004809481365329566,0.0005941441866936061,2.033367324798063,3,4,18,18,undiff,0,0.03277816679819855,4,0.24408911927943375,7.960521955494343
SF2M,dm10,Clone_2490,0.0078009753226158,0.0005941882264136697,3.1426433831904634,3,1,24,24,Baso,1,0.0714375538299548,1,,
SF2M,dm10,Clone_2585,0.0027779215803521,0.00043622751962762844,1.1279463532875489,3,5,26,26,Baso,1,0.06257724589752804,5,0.4887596739832424,9.400750433049533
SF2M,dm10,Clone_2712,0.0023084730359198,5.432328289435751e-05,1.0835744121692412,3,3,20,20,Monocyte,1,0.05421281879936427,3,0.08668884255758623,4.541710583071635
SF2M,dm10,Clone_2735,0.0074198323595775,0.00017289631920469094,3.3813960116544344,3,20,10,10,Monocyte,2,0.16732301294620547,20,4.610536081132733,13.558797550667286
SF2M,dm10,Clone_2768,0.0034229744922800666,4.680342620228903e-05,1.4107742469584867,3,3,33,33,Baso,3,0.05223903918151864,3,0.28138516443175327,10.327101976518657
SF2M,dm10,Clone_3083,0.0050943242957946005,0.001134086604578997,2.3493555852187833,3,3,28,28,Monocyte,1,0.021268575073960266,3,0.029011129114977947,4.9845196559107965
SF2M,dm10,Clone_3250,0.020457234305989332,0.00029327887052641826,8.427870119438866,3,5,84,84,Meg,3,0.21489887254115192,5,0.7386909921268279,13.510531343329792
SF2M,dm10,Clone_3269,0.010340411287612233,0.0005459666602999759,4.278816201084098,3,3,48,48,Mast,2,0.06774750030996113,3,0.2311131219726578,5.349833431922124
SF2M,dm10,Clone_3330,0.0026094595527631002,2.838546059245166e-05,1.0979193986716076,3,18,22,22,Neutrophil,2,0.08219859655244563,18,1.141745852155684,5.62091920165215
SF2M,dm10,Clone_3336,0.002979843820104,0.00014113469276403964,1.2154917202082933,3,11,14,14,Neutrophil,1,0.02905610200385194,11,0.37168596294169925,4.9470671507570785
SF2M,dm10,Clone_3349,0.005418412797566201,0.0002766430734421342,2.571986681723646,3,2,33,33,Monocyte,3,0.08510469065270893,2,0.007409246483237295,2.9855483489218093
SF2M,dm10,Clone_3391,0.002667579970924667,0.00041170750023258396,1.083569444214156,3,2,20,20,Baso,1,0.049304815246206155,2,0.0031898759376497443,10.516659247656612
SF2M,dm10,Clone_3429,0.011206851764184301,0.00014446051759717425,5.298788466911043,3,20,1,1,Monocyte,1,0.0,20,1.2106735172871403,6.561291108224228
SF2M,dm10,Clone_3438,0.0031007233660953,6.390794472104439e-05,1.3899350470184777,3,31,60,60,Monocyte,2,0.05403636556885514,31,1.8515856965966984,9.24900737000312
SF2M,dm10,Clone_3522,0.005968788574142567,0.00022487631331668536,2.585298374132814,3,6,41,41,Neutrophil,2,0.13405377074455824,6,0.7101373222154671,3.497397656656704
SF2M,dm10,Clone_358,0.002985667510048867,0.00015514375982186087,1.2379190984054274,3,9,18,18,undiff,0,0.021143447576289647,9,0.12479959213126325,3.8640199482448963
SF2M,dm10,Clone_3585,0.004899994128218133,0.00023070092828204511,2.0180228806234,3,6,70,70,Baso,3,0.06845826625704189,6,2.5918908186280167,7.57290917923037
SF2M,dm10,Clone_3619,0.006549447316237599,0.0001487722969798737,3.2981522251326347,3,2,24,24,Monocyte,1,0.03402846784521976,2,0.018038181964413612,6.091645300053623
SF2M,dm10,Clone_3682,0.0067781821711312,2.020174381052841e-05,2.8193989074629346,3,9,55,55,Baso,3,0.06771963051087009,9,0.32762931265207107,5.171878406383085
SF2M,dm10,Clone_3718,0.004279333820949366,0.0004863375814027245,1.8104562367257,3,4,29,29,undiff,0,0.021676354425988455,4,0.022966480440644012,5.791671691579242
SF2M,dm10,Clone_3736,0.0038192188659667667,0.0008080647803060664,1.7272588388768966,3,9,13,13,Monocyte,1,0.023466874751066718,9,1.7376384028382348,14.794947589668128
SF2M,dm10,Clone_374,0.0056102355103963,0.00037874772095658184,2.3260747662699726,3,10,15,15,Neutrophil,1,0.06616983226232935,10,4.132377803817445,9.39538486096213
SF2M,dm10,Clone_3840,0.007145248507220033,0.00012858942616562576,3.2684651952042008,3,35,46,46,Neutrophil,2,0.1449663979882648,35,2.0556227889900978,6.576694866473939
SF2M,dm10,Clone_3887,0.0030665064343549336,4.480982562744413e-05,1.4109048825773478,3,19,28,28,Monocyte,2,0.04869020778965274,19,3.476511776859283,13.785224414532609
SF2M,dm10,Clone_398,0.011407276847734833,0.0001347531858658045,4.80624754742592,3,2,25,25,Meg,2,0.15351807517177313,2,4.455718918993581,12.844691127701376
SF2M,dm10,Clone_401,0.0049587068427244,0.00044080143104535316,2.087942352097788,3,2,21,21,undiff,0,0.009449906913408267,2,0.2927615511143181,6.016866547846647
SF2M,dm10,Clone_405,0.0028834331664801,5.090100856723726e-05,1.3601848313557146,3,18,24,24,Monocyte,2,0.05375761713677556,18,4.660732777437484,15.991837219935185
SF2M,dm10,Clone_4205,0.0036337911500586334,0.000211270028580543,1.4741652932661289,3,5,16,16,Baso,1,0.03581221833879433,5,5.6779224662861845,30.622954423981827
SF2M,dm10,Clone_4226,0.003793976524848967,0.0003925871032401276,1.6247609916193495,3,11,42,42,Monocyte,1,0.012150251433044212,11,0.20838978733154445,6.251213172478858
SF2M,dm10,Clone_4276,0.005336493534676734,0.00036518134542874514,2.114913138563091,3,2,23,23,Baso,2,0.1934655599160797,2,0.012509268371559253,3.7765158688102494
SF2M,dm10,Clone_4316,0.013653869788578132,0.0005101874153707715,5.915429859339742,3,11,9,9,Monocyte,2,0.04837580077314802,11,29.02447788355479,22.038395207847277
SF2M,dm10,Clone_4456,0.004959731199023833,0.00018539936048459656,2.3896462314611324,3,4,16,16,Monocyte,1,0.036943296178177924,4,0.13814141869561275,7.263852993390859
SF2M,dm10,Clone_4483,0.004601937269263867,0.00034890406185420067,1.7862499617438126,3,4,20,20,Neutrophil,2,0.1602617435581773,4,0.03898512500450519,4.865352645256264
SF2M,dm10,Clone_449,0.005460556357799133,0.00018022715126834606,2.656039016649849,3,3,27,27,Monocyte,1,0.06868739538943391,3,0.27409014173352764,5.2429907844997965
SF2M,dm10,Clone_4571,0.005491823278036399,0.00019901713792798076,2.2504115085811343,3,4,27,27,Baso,2,0.1357723332643678,4,0.25609418945890317,7.061109485182975
SF2M,dm10,Clone_4604,0.0070812865313042,0.00013002287943480334,3.4865331013560623,3,4,25,25,Monocyte,2,0.05356076429417436,4,0.044939384982890546,3.0536306497695627
SF2M,dm10,Clone_4665,0.0051386308637052,0.00032625524910282513,2.081242035265865,3,3,19,19,Neutrophil,3,0.14966562616430215,3,0.17695997318332657,9.240128549697486
SF2M,dm10,Clone_4683,0.007540924182552,0.00033301911059831744,2.9909651882308714,3,1,36,36,Erythroid,3,0.08348765003611086,1,,
SF2M,dm10,Clone_4774,0.007275521631788799,0.00029325264592485725,2.9480287653929955,3,12,10,10,Neutrophil,2,0.05335751573019172,12,3.799525885687359,11.968227690319242
SF2M,dm10,Clone_478,0.0049990990906194,0.0015703234205359851,2.1658309554824986,3,2,20,20,undiff,0,0.005217821387869499,2,0.030646718481618086,7.412988228499486
SF2M,dm10,Clone_4948,0.0048559181987397,0.0001294624010973207,2.00615969117602,3,27,17,17,Monocyte,2,0.14859350629385978,27,3.57026365785626,15.907369625636797
SF2M,dm10,Clone_4968,0.0079317953438785,0.0002620226490793587,3.7495609815001516,3,8,30,30,Monocyte,2,0.10429341441030007,8,0.5435719615590234,4.13910423885042
SF2M,dm10,Clone_4996,0.008197120582118666,8.715466233322342e-05,3.344161235664286,3,14,10,10,Neutrophil,1,0.07107146688614559,14,7.954690681829848,12.909653109980116
SF2M,dm10,Clone_5034,0.0043254299614686005,0.0005705887349434523,1.8075266615250964,3,4,21,21,Baso,1,0.159610443251006,4,0.12845476877794174,6.51458597028454
SF2M,dm10,Clone_5046,0.004320813327914099,0.00015479402942506366,2.0623417814779117,3,2,25,25,Monocyte,2,0.036544332378646176,2,0.045417112350472855,3.935035469412358
SF2M,dm10,Clone_5198,0.0016711568457713,5.4860691237623855e-05,0.6660421866523362,3,5,15,15,Baso,2,0.07567549446073076,5,0.8724133041043036,8.464522614417485
SF2M,dm10,Clone_5252,0.004056698835542333,0.00027739157713103745,1.7357747114291582,3,9,21,21,undiff,0,0.014748342389116705,9,0.31226500236551347,7.85288886189962
SF2M,dm10,Clone_5287,0.007835240325762367,0.0001071569046965558,3.902709181231922,3,3,19,19,Monocyte,1,0.04374899620840231,3,0.0590240697163808,2.86214589353189
SF2M,dm10,Clone_5404,0.0025130487719935667,8.788785669443145e-05,1.1034581763045261,3,23,33,33,Monocyte,2,0.05720455621213418,23,3.2381705817300763,14.366611171892627
SF2M,dm10,Clone_5480,0.014806509317168365,1.3841138693294534e-05,5.473890254761268,3,10,16,16,Monocyte,3,0.12649564163123084,10,7.337588514932368,18.383384883823638
SF2M,dm10,Clone_5483,0.004211936199299833,0.00019280774225553603,1.7856861870703604,3,7,31,31,Baso,2,0.09449253928666737,7,0.04005269263211243,3.614142967506261
SF2M,dm10,Clone_5487,0.0032382806589576333,9.998672337393351e-05,1.3351031825618367,3,11,10,10,Mast,1,0.04127145001699628,11,0.7283743790979443,9.897448906559015
SF2M,dm10,Clone_5518,0.004967410508585833,0.0008685921275345249,2.0811286057210316,3,4,17,17,undiff,0,0.014316176176095553,4,0.011291597163589453,2.3765065038163797
SF2M,dm10,Clone_5523,0.005499829308968266,0.0006007170989820948,2.356334869919225,3,2,19,19,undiff,0,0.0050717912745230735,2,0.0014205264430334596,9.100217444356625
SF2M,dm10,Clone_5526,0.006930921203930933,0.00015611156103483159,3.556062763530397,3,3,17,17,Monocyte,1,0.031230358387934264,3,0.03602799911927636,5.257854544433243
SF2M,dm10,Clone_569,0.006642689121307033,0.00019384263460346844,3.2656512008801535,3,3,19,19,Monocyte,1,0.05450518504582877,3,0.07908025592995396,5.453396173682699
SF2M,dm10,Clone_5717,0.005006212857463366,0.00014491795207794965,2.0342403461495593,3,3,37,37,Mast,2,0.11087369308289872,3,0.8247957661025747,5.866889794030414
SF2M,dm10,Clone_5748,0.0055442774187775,0.001053457511535722,2.394732461774312,3,5,26,26,undiff,0,0.032069898139824284,5,0.034482824066289844,7.943323453209238
SF2M,dm10,Clone_5791,0.0047950288803529995,6.90288973201803e-05,2.0298725991120006,3,21,21,21,Baso,3,0.1665301798686713,21,4.142258093309941,17.87387451481119
SF2M,dm10,Clone_5793,0.003535448753126567,0.0004375077423041036,1.4581213494725451,3,8,12,12,Meg,1,0.05049900483188226,8,1.3444364651155936,5.807091296949124
SF2M,dm10,Clone_5842,0.019636399960400435,0.00023260937823307227,8.114549665429488,3,11,31,31,Meg,1,0.21745360025943325,11,0.8956015221870341,8.828171208356217
SF2M,dm10,Clone_685,0.0031736474175419996,3.29265686109973e-05,1.4750648312292363,3,21,18,18,Monocyte,2,0.0948658829099985,21,2.2438547105633093,9.754974854131712
SF2M,dm10,Clone_722,0.005806760446527966,0.0005155251276867981,2.5010334852359435,3,2,18,18,undiff,0,0.03728958569635448,2,0.014897505819378041,5.770397204110029
SF2M,dm10,Clone_766,0.009379575773567166,6.86267926689128e-05,4.614880791478899,3,38,37,37,Neutrophil,2,0.1210815502835224,38,3.508582348949434,9.398724839588569
SF2M,dm10,Clone_777,0.010617320760012733,0.00017256019140285097,4.238071103639839,3,1,22,22,Erythroid,2,0.17489720952718177,1,,
SF2M,dm10,Clone_862,0.0051950685554685,0.0008609232571012635,2.2151651472455653,3,3,21,21,undiff,0,0.030167572564979702,3,0.026815525245022287,6.807423705182
SF2M,dm10,Clone_961,0.0062265223106948665,0.00027973504282423356,3.1368001231315783,3,1,23,23,Monocyte,1,0.052456917900614165,1,,
SF2M,dm10,Clone_965,0.009925011473396634,0.00018340843021163872,3.66950515188003,3,9,11,11,Neutrophil,1,0.04335901937142737,9,0.32812961290615106,4.715085674223594
SF2M,dm10,Clone_971,0.012522905414845,0.00015451894977972007,4.75869385577625,3,3,29,29,Monocyte,2,0.06889340954070368,3,0.15478277288639583,18.18883813482805
SF2M,pc30,Clone_1099,18.478559447865912,0.04165632691849969,5.560830705255483,3,9,47,47,Neutrophil,1,0.053959359129898465,9,0.29777317698898875,3.337828069267898
SF2M,pc30,Clone_123,14.869056789694449,0.0712663459780759,5.192700959990557,3,5,20,20,Monocyte,2,0.15722704683732244,5,0.037467114762215085,6.415137112580283
SF2M,pc30,Clone_1258,13.794686392001813,0.037317644338611594,5.956569109129798,3,3,22,22,Mast,2,0.09900429193938569,3,20.624729215903553,26.133309849855884
SF2M,pc30,Clone_1301,12.176309688219312,0.1276203697511632,4.1085391015880095,3,4,30,30,Monocyte,1,0.03793767532434031,4,0.06186000294475383,6.19803119852318
SF2M,pc30,Clone_1305,10.78425570885563,0.06151824002545794,5.877605638224058,3,5,28,28,Meg,1,0.0179797039386251,5,0.5550304759957555,26.428597456370337
SF2M,pc30,Clone_1370,11.472855829376956,0.02446191628847373,5.67232992437997,3,12,19,19,Baso,1,0.03926130705362045,12,0.3240291367958321,8.369059259531936
SF2M,pc30,Clone_1404,13.25575854607907,0.03285278908966113,4.354668058645903,3,3,27,27,Monocyte,1,0.04995117992427936,3,0.00964406749029162,8.884967276354372
SF2M,pc30,Clone_1440,9.722383075101877,0.11858324821018391,3.2027366618862714,3,16,18,18,undiff,0,0.07226473897493672,16,0.22763692122432397,7.619776527099585
SF2M,pc30,Clone_1479,9.017336426484333,0.02124631001147936,4.094559284673099,3,7,17,17,Mast,2,0.1370584143059133,7,0.5230322542383166,7.563059149692875
SF2M,pc30,Clone_1562,15.168028951330465,0.0973045602332153,5.101759491165377,3,2,23,23,Monocyte,1,0.041945954015674455,2,0.01161538143916909,3.522021547191701
SF2M,pc30,Clone_17,14.06241878918413,0.052294284595179666,6.117272780378315,3,4,22,22,Mast,1,0.06494028098519304,4,0.6844030529191332,19.73125013077922
SF2M,pc30,Clone_1967,12.78618547437599,0.02106477240672664,3.9232200166676425,3,3,26,26,Monocyte,1,0.03640561259918894,3,0.020713241978456087,2.9477736277230657
SF2M,pc30,Clone_1972,16.87776005566464,0.027924407893522404,5.125914327793706,3,7,13,13,Baso,2,0.13725123613922102,7,2.675025161902477,10.49052026525043
SF2M,pc30,Clone_1998,18.12064808070824,0.05605371321928511,6.775536675403187,3,10,23,23,Monocyte,2,0.1423182842137415,10,6.949860529104069,30.72852575861241
SF2M,pc30,Clone_2039,12.131464952115318,0.04924307980886922,4.372846286757192,3,19,29,29,Monocyte,2,0.12277062374618217,19,2.7557158962022528,11.681538709433966
SF2M,pc30,Clone_2094,11.419521867637195,0.03762163967836638,5.087482538619742,3,7,23,23,Baso,2,0.05430278738110706,7,3.8538178110131516,17.04827261695845
SF2M,pc30,Clone_2109,12.38887820474339,0.12036014799616974,6.361170298189031,3,3,18,18,Baso,1,0.07032339916594173,3,2.974747834495287,13.592385899152859
SF2M,pc30,Clone_2111,9.052496015372089,0.01138715311575226,3.537103271497413,3,18,20,20,Neutrophil,2,0.08078452418450575,18,1.6119604989013196,7.8044678698900904
SF2M,pc30,Clone_2272,10.963368343472105,0.025666881693571387,4.141993856267022,3,5,23,23,Baso,2,0.12222408058193349,5,0.2346137980849938,4.667298953752019
SF2M,pc30,Clone_2281,18.216922328979877,0.066255457588299,5.1412292961474115,3,2,20,20,Monocyte,1,0.06649945459192291,2,0.026005285019009235,1.8566046229902842
SF2M,pc30,Clone_2387,15.053993275667727,0.13779720634064868,5.032673820922208,3,2,32,32,Monocyte,1,0.045202805437437966,2,0.12215015208036642,6.436911044268188
SF2M,pc30,Clone_2407,11.272281583712521,0.2102887680414913,4.1879359453208735,3,2,27,27,Monocyte,2,0.030209314460111863,2,0.0363670033133063,2.9163751445345993
SF2M,pc30,Clone_2445,11.202887984489754,0.20562174150860607,3.969796164122481,3,4,18,18,undiff,0,0.03277816679819855,4,0.24408911927943375,7.960521955494343
SF2M,pc30,Clone_2490,20.08135280442704,0.15660112400853396,6.275719127358667,3,1,24,24,Baso,1,0.0714375538299548,1,,
SF2M,pc30,Clone_2585,11.60720384652911,0.058761496835603624,5.360454317935239,3,5,26,26,Baso,1,0.06257724589752804,5,0.4887596739832424,9.400750433049533
SF2M,pc30,Clone_2712,16.54448545764234,0.10355892289498493,5.8349661100327666,3,3,20,20,Monocyte,1,0.05421281879936427,3,0.08668884255758623,4.541710583071635
SF2M,pc30,Clone_2735,19.65761608828795,0.08809309654482249,6.103960399322754,3,20,10,10,Monocyte,2,0.16732301294620547,20,4.610536081132733,13.558797550667286
SF2M,pc30,Clone_2768,10.377128398846363,0.021207970034451885,4.510031141380007,3,3,33,33,Baso,3,0.05223903918151864,3,0.28138516443175327,10.327101976518657
SF2M,pc30,Clone_3083,15.596743862340604,0.0337602265925469,4.761463028186335,3,3,28,28,Monocyte,1,0.021268575073960266,3,0.029011129114977947,4.9845196559107965
SF2M,pc30,Clone_3250,23.329755490341636,0.06768420324237852,9.158892437921791,3,5,84,84,Meg,3,0.21489887254115192,5,0.7386909921268279,13.510531343329792
SF2M,pc30,Clone_3269,16.338660673231228,0.0707065575599555,6.140084688311451,3,3,48,48,Mast,2,0.06774750030996113,3,0.2311131219726578,5.349833431922124
SF2M,pc30,Clone_3330,8.896815096138482,0.02026320457391155,3.65870640024406,3,18,22,22,Neutrophil,2,0.08219859655244563,18,1.141745852155684,5.62091920165215
SF2M,pc30,Clone_3336,7.197434713292694,0.09037202517879629,2.629977220400082,3,11,14,14,Neutrophil,1,0.02905610200385194,11,0.37168596294169925,4.9470671507570785
SF2M,pc30,Clone_3349,12.982682515753112,0.049275200631352156,4.270509925373497,3,2,33,33,Monocyte,3,0.08510469065270893,2,0.007409246483237295,2.9855483489218093
SF2M,pc30,Clone_3391,18.939331114525217,0.09178524668670941,8.381949903286447,3,2,20,20,Baso,1,0.049304815246206155,2,0.0031898759376497443,10.516659247656612
SF2M,pc30,Clone_3429,39.10572149759204,0.03014071246179453,13.02034047571017,3,20,1,1,Monocyte,1,0.0,20,1.2106735172871403,6.561291108224228
SF2M,pc30,Clone_3438,9.746018255608792,0.017368200778349878,3.468483592200552,3,31,60,60,Monocyte,2,0.05403636556885514,31,1.8515856965966984,9.24900737000312
SF2M,pc30,Clone_3522,14.961204229951823,0.03359491574632616,4.367484630865593,3,6,41,41,Neutrophil,2,0.13405377074455824,6,0.7101373222154671,3.497397656656704
SF2M,pc30,Clone_358,9.564354246376752,0.07275449709474138,3.0841172139106603,3,9,18,18,undiff,0,0.021143447576289647,9,0.12479959213126325,3.8640199482448963
SF2M,pc30,Clone_3585,11.666678957990158,0.01698793848762362,4.877384690321159,3,6,70,70,Baso,3,0.06845826625704189,6,2.5918908186280167,7.57290917923037
SF2M,pc30,Clone_3619,17.73215428700271,0.2119408691722372,5.122104071993655,3,2,24,24,Monocyte,1,0.03402846784521976,2,0.018038181964413612,6.091645300053623
SF2M,pc30,Clone_3682,14.303690879935564,0.012946311845650696,6.022490639807543,3,9,55,55,Baso,3,0.06771963051087009,9,0.32762931265207107,5.171878406383085
SF2M,pc30,Clone_3718,13.639937507747709,0.08992693966374236,3.942207214370081,3,4,29,29,undiff,0,0.021676354425988455,4,0.022966480440644012,5.791671691579242
SF2M,pc30,Clone_3736,14.621199224467935,0.04673810629775423,4.748765169066952,3,9,13,13,Monocyte,1,0.023466874751066718,9,1.7376384028382348,14.794947589668128
SF2M,pc30,Clone_374,13.02357221305723,0.11393651850647814,4.198036790833419,3,10,15,15,Neutrophil,1,0.06616983226232935,10,4.132377803817445,9.39538486096213
SF2M,pc30,Clone_3840,14.375031416083266,0.055988971278992966,4.498139891350281,3,35,46,46,Neutrophil,2,0.1449663979882648,35,2.0556227889900978,6.576694866473939
SF2M,pc30,Clone_3887,10.299932738531233,0.033559083938365646,3.9830471885036474,3,19,28,28,Monocyte,2,0.04869020778965274,19,3.476511776859283,13.785224414532609
SF2M,pc30,Clone_398,18.85866000040005,0.04690747918321159,7.035516779798246,3,2,25,25,Meg,2,0.15351807517177313,2,4.455718918993581,12.844691127701376
SF2M,pc30,Clone_401,10.587798294562376,0.37107676605038536,3.7064349640314624,3,2,21,21,undiff,0,0.009449906913408267,2,0.2927615511143181,6.016866547846647
SF2M,pc30,Clone_405,12.83579333862424,0.031552718664303266,4.932713322855565,3,18,24,24,Monocyte,2,0.05375761713677556,18,4.660732777437484,15.991837219935185
SF2M,pc30,Clone_4205,17.257559800381628,0.054627246734347566,7.484567131748121,3,5,16,16,Baso,1,0.03581221833879433,5,5.6779224662861845,30.622954423981827
SF2M,pc30,Clone_4226,8.559841194597047,0.024192271885066067,2.9322081597942193,3,11,42,42,Monocyte,1,0.012150251433044212,11,0.20838978733154445,6.251213172478858
SF2M,pc30,Clone_4276,12.59458822587761,0.15409648972318343,4.406085966565086,3,2,23,23,Baso,2,0.1934655599160797,2,0.012509268371559253,3.7765158688102494
SF2M,pc30,Clone_4316,11.66788475512116,0.029309249643103615,5.5741404653050495,3,11,9,9,Monocyte,2,0.04837580077314802,11,29.02447788355479,22.038395207847277
SF2M,pc30,Clone_4456,16.60637968979599,0.08410795144786358,5.75395989130503,3,4,16,16,Monocyte,1,0.036943296178177924,4,0.13814141869561275,7.263852993390859
SF2M,pc30,Clone_4483,13.742114321180646,0.05288473413617133,4.785115136273409,3,4,20,20,Neutrophil,2,0.1602617435581773,4,0.03898512500450519,4.865352645256264
SF2M,pc30,Clone_449,19.081803039298087,0.0717486984980601,6.79746809652631,3,3,27,27,Monocyte,1,0.06868739538943391,3,0.27409014173352764,5.2429907844997965
SF2M,pc30,Clone_4571,12.740069371714512,0.03204450403190942,5.088441148733225,3,4,27,27,Baso,2,0.1357723332643678,4,0.25609418945890317,7.061109485182975
SF2M,pc30,Clone_4604,17.13463824677127,0.12370371301073496,5.3258546197337,3,4,25,25,Monocyte,2,0.05356076429417436,4,0.044939384982890546,3.0536306497695627
SF2M,pc30,Clone_4665,12.625127195495281,0.05857562155768986,5.121386828042531,3,3,19,19,Neutrophil,3,0.14966562616430215,3,0.17695997318332657,9.240128549697486
SF2M,pc30,Clone_4683,13.588580673334604,0.03805833858663337,5.992112023707403,3,1,36,36,Erythroid,3,0.08348765003611086,1,,
SF2M,pc30,Clone_4774,17.16645713983463,0.019041179087674633,5.288818799887777,3,12,10,10,Neutrophil,2,0.05335751573019172,12,3.799525885687359,11.968227690319242
SF2M,pc30,Clone_478,11.718990006706752,0.3413125784374459,3.831072585562943,3,2,20,20,undiff,0,0.005217821387869499,2,0.030646718481618086,7.412988228499486
SF2M,pc30,Clone_4948,16.325782096145556,0.04342119228268738,5.913074644237528,3,27,17,17,Monocyte,2,0.14859350629385978,27,3.57026365785626,15.907369625636797
SF2M,pc30,Clone_4968,23.256706081190444,0.0937521338147097,7.139250781839753,3,8,30,30,Monocyte,2,0.10429341441030007,8,0.5435719615590234,4.13910423885042
SF2M,pc30,Clone_4996,13.341296975702969,0.010018097335786956,4.603333902552176,3,14,10,10,Neutrophil,1,0.07107146688614559,14,7.954690681829848,12.909653109980116
SF2M,pc30,Clone_5034,11.649010802769297,0.09010075569098569,4.820999663510173,3,4,21,21,Baso,1,0.159610443251006,4,0.12845476877794174,6.51458597028454
SF2M,pc30,Clone_5046,15.126170946502242,0.021427938622913693,5.501056712361131,3,2,25,25,Monocyte,2,0.036544332378646176,2,0.045417112350472855,3.935035469412358
SF2M,pc30,Clone_5198,11.509545020458125,0.013698196922780266,4.887931966031558,3,5,15,15,Baso,2,0.07567549446073076,5,0.8724133041043036,8.464522614417485
SF2M,pc30,Clone_5252,12.039825918834596,0.05085128963336425,3.815948275019808,3,9,21,21,undiff,0,0.014748342389116705,9,0.31226500236551347,7.85288886189962
SF2M,pc30,Clone_5287,17.93205904071897,0.25778355216646365,4.840300593798212,3,3,19,19,Monocyte,1,0.04374899620840231,3,0.0590240697163808,2.86214589353189
SF2M,pc30,Clone_5404,10.324824926807443,0.013330228164387717,4.1324192339932155,3,23,33,33,Monocyte,2,0.05720455621213418,23,3.2381705817300763,14.366611171892627
SF2M,pc30,Clone_5480,20.422525219978034,0.022882875765950602,7.3949687909983295,3,10,16,16,Monocyte,3,0.12649564163123084,10,7.337588514932368,18.383384883823638
SF2M,pc30,Clone_5483,12.164265826365542,0.07067097199479425,4.151351244328395,3,7,31,31,Baso,2,0.09449253928666737,7,0.04005269263211243,3.614142967506261
SF2M,pc30,Clone_5487,9.613127890178951,0.015146880577380265,4.281975018362631,3,11,10,10,Mast,1,0.04127145001699628,11,0.7283743790979443,9.897448906559015
SF2M,pc30,Clone_5518,10.621694058547705,0.025496322598340806,3.799470959713727,3,4,17,17,undiff,0,0.014316176176095553,4,0.011291597163589453,2.3765065038163797
SF2M,pc30,Clone_5523,13.047070826980736,0.20772696841508936,4.526455190607382,3,2,19,19,undiff,0,0.0050717912745230735,2,0.0014205264430334596,9.100217444356625
SF2M,pc30,Clone_5526,17.645708581672967,0.10419772441799728,6.083113277522479,3,3,17,17,Monocyte,1,0.031230358387934264,3,0.03602799911927636,5.257854544433243
SF2M,pc30,Clone_569,17.438870955534153,0.08820520280004035,6.000866013683105,3,3,19,19,Monocyte,1,0.05450518504582877,3,0.07908025592995396,5.453396173682699
SF2M,pc30,Clone_5717,10.648029390332297,0.014894617212649112,4.960124802544919,3,3,37,37,Mast,2,0.11087369308289872,3,0.8247957661025747,5.866889794030414
SF2M,pc30,Clone_5748,10.585121854924136,0.1113150967806229,3.9827822726092657,3,5,26,26,undiff,0,0.032069898139824284,5,0.034482824066289844,7.943323453209238
SF2M,pc30,Clone_5791,11.62820402018982,0.034300513985212104,4.718328181980739,3,21,21,21,Baso,3,0.1665301798686713,21,4.142258093309941,17.87387451481119
SF2M,pc30,Clone_5793,9.893643449792807,0.02451261071945258,3.9172534673963395,3,8,12,12,Meg,1,0.05049900483188226,8,1.3444364651155936,5.807091296949124
SF2M,pc30,Clone_5842,21.81040751036788,0.014173455966488712,8.087012036551078,3,11,31,31,Meg,1,0.21745360025943325,11,0.8956015221870341,8.828171208356217
SF2M,pc30,Clone_685,14.228347146317516,0.048958881359509626,5.410166767385607,3,21,18,18,Monocyte,2,0.0948658829099985,21,2.2438547105633093,9.754974854131712
SF2M,pc30,Clone_722,20.08939241725672,0.06992543794528112,7.676160687002593,3,2,18,18,undiff,0,0.03728958569635448,2,0.014897505819378041,5.770397204110029
SF2M,pc30,Clone_766,16.80349678218784,0.03645862296312192,5.497073634788033,3,38,37,37,Neutrophil,2,0.1210815502835224,38,3.508582348949434,9.398724839588569
SF2M,pc30,Clone_777,14.791638601096468,0.01853838884075145,8.389129641587731,3,1,22,22,Erythroid,2,0.17489720952718177,1,,
SF2M,pc30,Clone_862,10.189534697555308,0.16006889244661765,4.202503244044564,3,3,21,21,undiff,0,0.030167572564979702,3,0.026815525245022287,6.807423705182
SF2M,pc30,Clone_961,18.474070446216086,0.15610003930998287,5.511526463232875,3,1,23,23,Monocyte,1,0.052456917900614165,1,,
SF2M,pc30,Clone_965,19.063456356086935,0.038831801340175644,6.771271618179287,3,9,11,11,Neutrophil,1,0.04335901937142737,9,0.32812961290615106,4.715085674223594
SF2M,pc30,Clone_971,16.901932259578878,0.005893888569564254,6.4901332957737266,3,3,29,29,Monocyte,2,0.06889340954070368,3,0.15478277288639583,18.18883813482805
TIGON,dm10,Clone_1099,0.010861067825695134,6.809619831565354e-05,4.102253927902062,3,9,47,47,Neutrophil,1,0.053959359129898465,9,0.29777317698898875,3.337828069267898
TIGON,dm10,Clone_123,0.0065161707070793,0.0003203524626350405,2.642143482297882,3,5,20,20,Monocyte,2,0.15722704683732244,5,0.037467114762215085,6.415137112580283
TIGON,dm10,Clone_1258,0.006403513163812433,2.7962812448487895e-05,2.638534484181175,3,3,22,22,Mast,2,0.09900429193938569,3,20.624729215903553,26.133309849855884
TIGON,dm10,Clone_1301,0.004410297080799299,0.0003684310414181789,1.7455523175515142,3,4,30,30,Monocyte,1,0.03793767532434031,4,0.06186000294475383,6.19803119852318
TIGON,dm10,Clone_1305,0.003469212674030967,0.00017970127242131865,1.3593352236585947,3,5,28,28,Meg,1,0.0179797039386251,5,0.5550304759957555,26.428597456370337
TIGON,dm10,Clone_1370,0.002245731914824933,0.0001626676940200529,0.9204759700778614,3,12,19,19,Baso,1,0.03926130705362045,12,0.3240291367958321,8.369059259531936
TIGON,dm10,Clone_1404,0.005926520022396333,0.0004040343598761154,2.447554327299185,3,3,27,27,Monocyte,1,0.04995117992427936,3,0.00964406749029162,8.884967276354372
TIGON,dm10,Clone_1440,0.001963038132131167,0.0002111547029443338,0.7584054274764118,3,16,18,18,undiff,0,0.07226473897493672,16,0.22763692122432397,7.619776527099585
TIGON,dm10,Clone_1479,0.0077164623452563,0.00018988858783175187,3.1304640316111736,3,7,17,17,Mast,2,0.1370584143059133,7,0.5230322542383166,7.563059149692875
TIGON,dm10,Clone_1562,0.0077842951304326335,0.0004413969704893876,3.2221055424227507,3,2,23,23,Monocyte,1,0.041945954015674455,2,0.01161538143916909,3.522021547191701
TIGON,dm10,Clone_17,0.0027088280926052,6.35287374372963e-05,1.110873746236233,3,4,22,22,Mast,1,0.06494028098519304,4,0.6844030529191332,19.73125013077922
TIGON,dm10,Clone_1967,0.0038725649353423333,0.00036649389147879136,1.554934970982524,3,3,26,26,Monocyte,1,0.03640561259918894,3,0.020713241978456087,2.9477736277230657
TIGON,dm10,Clone_1972,0.0073389618335818,7.327648976951463e-05,2.9460092034139485,3,7,13,13,Baso,2,0.13725123613922102,7,2.675025161902477,10.49052026525043
TIGON,dm10,Clone_1998,0.006432701502028167,0.0001276222893069549,2.513321287884819,3,10,23,23,Monocyte,2,0.1423182842137415,10,6.949860529104069,30.72852575861241
TIGON,dm10,Clone_2039,0.0030655891774463,0.00019988664716998056,1.2118145794159016,3,19,29,29,Monocyte,2,0.12277062374618217,19,2.7557158962022528,11.681538709433966
TIGON,dm10,Clone_2094,0.004414127067178567,0.00027993124729986833,1.7875330226422124,3,7,23,23,Baso,2,0.05430278738110706,7,3.8538178110131516,17.04827261695845
TIGON,dm10,Clone_2109,0.0068669108254806,0.00010842192086748681,2.7399301301150047,3,3,18,18,Baso,1,0.07032339916594173,3,2.974747834495287,13.592385899152859
TIGON,dm10,Clone_2111,0.0033112389372309333,2.116660122092981e-05,1.2037991751293697,3,18,20,20,Neutrophil,2,0.08078452418450575,18,1.6119604989013196,7.8044678698900904
TIGON,dm10,Clone_2272,0.0046186989904309665,0.00021518915457794795,1.7391190827151215,3,5,23,23,Baso,2,0.12222408058193349,5,0.2346137980849938,4.667298953752019
TIGON,dm10,Clone_2281,0.006457219825959401,0.00030337829027957325,2.674749616745802,3,2,20,20,Monocyte,1,0.06649945459192291,2,0.026005285019009235,1.8566046229902842
TIGON,dm10,Clone_2387,0.0060069102400129,0.00038414368489374766,2.4623297813730036,3,2,32,32,Monocyte,1,0.045202805437437966,2,0.12215015208036642,6.436911044268188
TIGON,dm10,Clone_2407,0.0045973989207855,0.000326817405758976,1.7565815955304964,3,2,27,27,Monocyte,2,0.030209314460111863,2,0.0363670033133063,2.9163751445345993
TIGON,dm10,Clone_2445,0.0023438197735873665,9.516879436219704e-05,0.8978344665590288,3,4,18,18,undiff,0,0.03277816679819855,4,0.24408911927943375,7.960521955494343
TIGON,dm10,Clone_2490,0.008717261428722,0.00018084810378534,3.453871244197385,3,1,24,24,Baso,1,0.0714375538299548,1,,
TIGON,dm10,Clone_2585,0.0077711116577892335,0.0001911194151266468,3.1226169940570183,3,5,26,26,Baso,1,0.06257724589752804,5,0.4887596739832424,9.400750433049533
TIGON,dm10,Clone_2712,0.004200765881755033,4.266674852571339e-05,1.7363726761557858,3,3,20,20,Monocyte,1,0.05421281879936427,3,0.08668884255758623,4.541710583071635
TIGON,dm10,Clone_2735,0.007912425682410067,2.830461150491024e-06,3.164206467154464,3,20,10,10,Monocyte,2,0.16732301294620547,20,4.610536081132733,13.558797550667286
TIGON,dm10,Clone_2768,0.0035865970571038667,9.600002670209655e-05,1.4732962761850992,3,3,33,33,Baso,3,0.05223903918151864,3,0.28138516443175327,10.327101976518657
TIGON,dm10,Clone_3083,0.0030599783545966334,0.0003688740070203124,1.178264726420095,3,3,28,28,Monocyte,1,0.021268575073960266,3,0.029011129114977947,4.9845196559107965
TIGON,dm10,Clone_3250,0.019745786314684866,0.00022149643583185816,8.076388941912192,3,5,84,84,Meg,3,0.21489887254115192,5,0.7386909921268279,13.510531343329792
TIGON,dm10,Clone_3269,0.009769695295709733,0.0001043025784409136,4.00110733551223,3,3,48,48,Mast,2,0.06774750030996113,3,0.2311131219726578,5.349833431922124
TIGON,dm10,Clone_3330,0.003387936031330167,3.523943803148077e-05,1.3036775704148746,3,18,22,22,Neutrophil,2,0.08219859655244563,18,1.141745852155684,5.62091920165215
TIGON,dm10,Clone_3336,0.0017792601803054999,1.9673172552153948e-05,0.6392542592628739,3,11,14,14,Neutrophil,1,0.02905610200385194,11,0.37168596294169925,4.9470671507570785
TIGON,dm10,Clone_3349,0.004903030369595567,0.00034125246844919405,1.9422946727272645,3,2,33,33,Monocyte,3,0.08510469065270893,2,0.007409246483237295,2.9855483489218093
TIGON,dm10,Clone_3391,0.007763576746726266,0.00023831420624483357,3.12785280295986,3,2,20,20,Baso,1,0.049304815246206155,2,0.0031898759376497443,10.516659247656612
TIGON,dm10,Clone_3429,0.010435231968811598,0.00013073064499206187,4.193484849374198,3,20,1,1,Monocyte,1,0.0,20,1.2106735172871403,6.561291108224228
TIGON,dm10,Clone_3438,0.0017167666446144666,0.00013193791841317702,0.6736872645138439,3,31,60,60,Monocyte,2,0.05403636556885514,31,1.8515856965966984,9.24900737000312
TIGON,dm10,Clone_3522,0.007083008121964901,2.373217265184672e-06,2.7949965180199356,3,6,41,41,Neutrophil,2,0.13405377074455824,6,0.7101373222154671,3.497397656656704
TIGON,dm10,Clone_358,0.0011118662319254,0.0001873529334567143,0.4300626760474362,3,9,18,18,undiff,0,0.021143447576289647,9,0.12479959213126325,3.8640199482448963
TIGON,dm10,Clone_3585,0.0059001860312515,0.00014746003198196775,2.397639772719336,3,6,70,70,Baso,3,0.06845826625704189,6,2.5918908186280167,7.57290917923037
TIGON,dm10,Clone_3619,0.0065481639127225,0.0003958682985204143,2.718738683760316,3,2,24,24,Monocyte,1,0.03402846784521976,2,0.018038181964413612,6.091645300053623
TIGON,dm10,Clone_3682,0.007972449537444233,9.084470285750707e-05,3.2608332717179422,3,9,55,55,Baso,3,0.06771963051087009,9,0.32762931265207107,5.171878406383085
TIGON,dm10,Clone_3718,0.0022816950411393,0.00017226967567227918,0.8222453240394905,3,4,29,29,undiff,0,0.021676354425988455,4,0.022966480440644012,5.791671691579242
TIGON,dm10,Clone_3736,0.0016406750980512,0.00020405767223034837,0.6293338439511866,3,9,13,13,Monocyte,1,0.023466874751066718,9,1.7376384028382348,14.794947589668128
TIGON,dm10,Clone_374,0.0056082784168287,0.00011906320385887365,2.1666890344732543,3,10,15,15,Neutrophil,1,0.06616983226232935,10,4.132377803817445,9.39538486096213
TIGON,dm10,Clone_3840,0.0076849147499574,1.1366173956601449e-05,2.989145600087955,3,35,46,46,Neutrophil,2,0.1449663979882648,35,2.0556227889900978,6.576694866473939
TIGON,dm10,Clone_3887,0.0023655555050687664,0.00024385548774694574,0.9363183082913086,3,19,28,28,Monocyte,2,0.04869020778965274,19,3.476511776859283,13.785224414532609
TIGON,dm10,Clone_398,0.011716883549864101,8.477907310721922e-05,4.861154048997705,3,2,25,25,Meg,2,0.15351807517177313,2,4.455718918993581,12.844691127701376
TIGON,dm10,Clone_401,0.0022596865660617998,0.00027938563471184834,0.8525508585745035,3,2,21,21,undiff,0,0.009449906913408267,2,0.2927615511143181,6.016866547846647
TIGON,dm10,Clone_405,0.0027978393198659335,0.0003084094057433461,1.1196276292674676,3,18,24,24,Monocyte,2,0.05375761713677556,18,4.660732777437484,15.991837219935185
TIGON,dm10,Clone_4205,0.0059031064286323995,0.0001732611725660166,2.368295242878173,3,5,16,16,Baso,1,0.03581221833879433,5,5.6779224662861845,30.622954423981827
TIGON,dm10,Clone_4226,0.0015409620020465,0.00020940295538736774,0.5909171118396799,3,11,42,42,Monocyte,1,0.012150251433044212,11,0.20838978733154445,6.251213172478858
TIGON,dm10,Clone_4276,0.006809360799332201,0.00013589336698521725,2.67629356908812,3,2,23,23,Baso,2,0.1934655599160797,2,0.012509268371559253,3.7765158688102494
TIGON,dm10,Clone_4316,0.012452640545968034,9.342890397339804e-05,5.334034831656351,3,11,9,9,Monocyte,2,0.04837580077314802,11,29.02447788355479,22.038395207847277
TIGON,dm10,Clone_4456,0.005451119568666867,0.0002982730202065712,2.2223077549786736,3,4,16,16,Monocyte,1,0.036943296178177924,4,0.13814141869561275,7.263852993390859
TIGON,dm10,Clone_4483,0.005522200469371934,0.0001177261337309768,2.096726871074737,3,4,20,20,Neutrophil,2,0.1602617435581773,4,0.03898512500450519,4.865352645256264
TIGON,dm10,Clone_449,0.0063639287750047666,0.0002684640033368706,2.6322321091626804,3,3,27,27,Monocyte,1,0.06868739538943391,3,0.27409014173352764,5.2429907844997965
TIGON,dm10,Clone_4571,0.005901377883231633,0.00021556768374703214,2.3121260484963346,3,4,27,27,Baso,2,0.1357723332643678,4,0.25609418945890317,7.061109485182975
TIGON,dm10,Clone_4604,0.007301117638251299,0.0003580213437782427,3.0059180222031485,3,4,25,25,Monocyte,2,0.05356076429417436,4,0.044939384982890546,3.0536306497695627
TIGON,dm10,Clone_4665,0.006459156039646067,0.00014508117848448704,2.4971318881580316,3,3,19,19,Neutrophil,3,0.14966562616430215,3,0.17695997318332657,9.240128549697486
TIGON,dm10,Clone_4683,0.0069568653326124675,0.00031076841506180546,2.766554184897154,3,1,36,36,Erythroid,3,0.08348765003611086,1,,
TIGON,dm10,Clone_4774,0.008348278756978167,7.947335833664634e-05,3.2866171070825927,3,12,10,10,Neutrophil,2,0.05335751573019172,12,3.799525885687359,11.968227690319242
TIGON,dm10,Clone_478,0.0020072997847397998,0.0001984962550438512,0.7162524009578743,3,2,20,20,undiff,0,0.005217821387869499,2,0.030646718481618086,7.412988228499486
TIGON,dm10,Clone_4948,0.0056945945927943,8.29035674866541e-05,2.2248530428310245,3,27,17,17,Monocyte,2,0.14859350629385978,27,3.57026365785626,15.907369625636797
TIGON,dm10,Clone_4968,0.008092402846719167,6.16872775274827e-05,3.2741284196232434,3,8,30,30,Monocyte,2,0.10429341441030007,8,0.5435719615590234,4.13910423885042
TIGON,dm10,Clone_4996,0.006955160775177933,3.8547551199502384e-05,2.7880594904050375,3,14,10,10,Neutrophil,1,0.07107146688614559,14,7.954690681829848,12.909653109980116
TIGON,dm10,Clone_5034,0.006106348527835734,0.00021107575382251737,2.4287135028091913,3,4,21,21,Baso,1,0.159610443251006,4,0.12845476877794174,6.51458597028454
TIGON,dm10,Clone_5046,0.0045033437916622,0.0002855006814010195,1.792676224672024,3,2,25,25,Monocyte,2,0.036544332378646176,2,0.045417112350472855,3.935035469412358
TIGON,dm10,Clone_5198,0.0045021001210179,0.00015620464663207697,1.8279990418767216,3,5,15,15,Baso,2,0.07567549446073076,5,0.8724133041043036,8.464522614417485
TIGON,dm10,Clone_5252,0.0012451087714457,0.000153958895856348,0.4825155936099681,3,9,21,21,undiff,0,0.014748342389116705,9,0.31226500236551347,7.85288886189962
TIGON,dm10,Clone_5287,0.008013327616706733,0.00038708613828381504,3.325275870334215,3,3,19,19,Monocyte,1,0.04374899620840231,3,0.0590240697163808,2.86214589353189
TIGON,dm10,Clone_5404,0.0016582252067147668,0.0002989592498906002,0.6381237373242348,3,23,33,33,Monocyte,2,0.05720455621213418,23,3.2381705817300763,14.366611171892627
TIGON,dm10,Clone_5480,0.0149143321099858,5.818858504726186e-05,5.42614152211468,3,10,16,16,Monocyte,3,0.12649564163123084,10,7.337588514932368,18.383384883823638
TIGON,dm10,Clone_5483,0.0037536189969461,0.00022181069271215496,1.45131694972942,3,7,31,31,Baso,2,0.09449253928666737,7,0.04005269263211243,3.614142967506261
TIGON,dm10,Clone_5487,0.0018061494463825001,8.864242413766181e-05,0.7383001407269548,3,11,10,10,Mast,1,0.04127145001699628,11,0.7283743790979443,9.897448906559015
TIGON,dm10,Clone_5518,0.0033070321776963,0.00020959771064635083,1.1936689025347205,3,4,17,17,undiff,0,0.014316176176095553,4,0.011291597163589453,2.3765065038163797
TIGON,dm10,Clone_5523,0.002551522940175133,0.0002516498915662824,0.9130784217246609,3,2,19,19,undiff,0,0.0050717912745230735,2,0.0014205264430334596,9.100217444356625
TIGON,dm10,Clone_5526,0.006918132722507266,0.00045699440720362565,2.8595074871381496,3,3,17,17,Monocyte,1,0.031230358387934264,3,0.03602799911927636,5.257854544433243
TIGON,dm10,Clone_569,0.006945297697239168,0.00031525950452771927,2.8808734442963897,3,3,19,19,Monocyte,1,0.05450518504582877,3,0.07908025592995396,5.453396173682699
TIGON,dm10,Clone_5717,0.009709779663266267,7.415655992204059e-05,3.9684458707798194,3,3,37,37,Mast,2,0.11087369308289872,3,0.8247957661025747,5.866889794030414
TIGON,dm10,Clone_5748,0.0028495806949638664,0.00014917163256535998,1.071254112524283,3,5,26,26,undiff,0,0.032069898139824284,5,0.034482824066289844,7.943323453209238
TIGON,dm10,Clone_5791,0.0050339938923146,0.00016835885574459632,1.9743797838592585,3,21,21,21,Baso,3,0.1665301798686713,21,4.142258093309941,17.87387451481119
TIGON,dm10,Clone_5793,0.004245219122335967,0.00012518054216881146,1.7034303820891916,3,8,12,12,Meg,1,0.05049900483188226,8,1.3444364651155936,5.807091296949124
TIGON,dm10,Clone_5842,0.019163623524202533,0.00020989819198565456,7.873905903464778,3,11,31,31,Meg,1,0.21745360025943325,11,0.8956015221870341,8.828171208356217
TIGON,dm10,Clone_685,0.004337087142802567,3.8503069405051083e-05,1.7566308726334643,3,21,18,18,Monocyte,2,0.0948658829099985,21,2.2438547105633093,9.754974854131712
TIGON,dm10,Clone_722,0.0029790235818689336,0.0001409589837603487,1.1559270366666043,3,2,18,18,undiff,0,0.03728958569635448,2,0.014897505819378041,5.770397204110029
TIGON,dm10,Clone_766,0.0097466825873944,2.167695991337507e-05,3.7429297735637532,3,38,37,37,Neutrophil,2,0.1210815502835224,38,3.508582348949434,9.398724839588569
TIGON,dm10,Clone_777,0.010802382844823698,0.0001437295003528358,4.305693943112509,3,1,22,22,Erythroid,2,0.17489720952718177,1,,
TIGON,dm10,Clone_862,0.0028010229729043333,0.0001635049085575617,1.038291421638294,3,3,21,21,undiff,0,0.030167572564979702,3,0.026815525245022287,6.807423705182
TIGON,dm10,Clone_961,0.006417228311549533,0.00041286173561416354,2.648530151069448,3,1,23,23,Monocyte,1,0.052456917900614165,1,,
TIGON,dm10,Clone_965,0.012361184408627135,5.696250045804533e-05,4.518787293243905,3,9,11,11,Neutrophil,1,0.04335901937142737,9,0.32812961290615106,4.715085674223594
TIGON,dm10,Clone_971,0.0128190774909219,0.00014289093734310543,4.7243575530263024,3,3,29,29,Monocyte,2,0.06889340954070368,3,0.15478277288639583,18.18883813482805
TIGON,pc30,Clone_1099,19.21479238092911,0.01689612744804544,5.4920562454942745,3,9,47,47,Neutrophil,1,0.053959359129898465,9,0.29777317698898875,3.337828069267898
TIGON,pc30,Clone_123,17.707965760538155,0.010943772747922255,5.453215542889762,3,5,20,20,Monocyte,2,0.15722704683732244,5,0.037467114762215085,6.415137112580283
TIGON,pc30,Clone_1258,12.893899350481627,0.013876639432706063,5.585432973247364,3,3,22,22,Mast,2,0.09900429193938569,3,20.624729215903553,26.133309849855884
TIGON,pc30,Clone_1301,10.584976491882086,0.008456095966226753,3.971730267767929,3,4,30,30,Monocyte,1,0.03793767532434031,4,0.06186000294475383,6.19803119852318
TIGON,pc30,Clone_1305,10.153837477894287,0.01915237424903861,5.859451210370346,3,5,28,28,Meg,1,0.0179797039386251,5,0.5550304759957555,26.428597456370337
TIGON,pc30,Clone_1370,12.80988381567043,0.007525978110287942,6.037744837151223,3,12,19,19,Baso,1,0.03926130705362045,12,0.3240291367958321,8.369059259531936
TIGON,pc30,Clone_1404,16.420446780256878,0.004757178059528472,4.644402352843881,3,3,27,27,Monocyte,1,0.04995117992427936,3,0.00964406749029162,8.884967276354372
TIGON,pc30,Clone_1440,6.541865584770863,0.0009571726836357274,2.793655741610389,3,16,18,18,undiff,0,0.07226473897493672,16,0.22763692122432397,7.619776527099585
TIGON,pc30,Clone_1479,11.575992056436748,0.015021577756214889,4.298115650297114,3,7,17,17,Mast,2,0.1370584143059133,7,0.5230322542383166,7.563059149692875
TIGON,pc30,Clone_1562,19.34443823608994,0.019775203438363954,5.761591993094702,3,2,23,23,Monocyte,1,0.041945954015674455,2,0.01161538143916909,3.522021547191701
TIGON,pc30,Clone_17,12.51806282871569,0.05240828109841525,5.662438354202112,3,4,22,22,Mast,1,0.06494028098519304,4,0.6844030529191332,19.73125013077922
TIGON,pc30,Clone_1967,10.15868998547808,0.018295616430674337,3.564238456034056,3,3,26,26,Monocyte,1,0.03640561259918894,3,0.020713241978456087,2.9477736277230657
TIGON,pc30,Clone_1972,12.912866817389315,0.01559735676399597,4.6909677841031945,3,7,13,13,Baso,2,0.13725123613922102,7,2.675025161902477,10.49052026525043
TIGON,pc30,Clone_1998,17.302795531532336,0.009797081295091282,6.3255326967798835,3,10,23,23,Monocyte,2,0.1423182842137415,10,6.949860529104069,30.72852575861241
TIGON,pc30,Clone_2039,8.899147419302999,0.0013876349691907684,3.742988129421583,3,19,29,29,Monocyte,2,0.12277062374618217,19,2.7557158962022528,11.681538709433966
TIGON,pc30,Clone_2094,10.670616161418124,0.0022558361926747327,4.9687786845584085,3,7,23,23,Baso,2,0.05430278738110706,7,3.8538178110131516,17.04827261695845
TIGON,pc30,Clone_2109,16.990623025646354,0.002328445352363687,6.766759958206735,3,3,18,18,Baso,1,0.07032339916594173,3,2.974747834495287,13.592385899152859
TIGON,pc30,Clone_2111,7.924773833421806,0.010027896930618691,3.223917284606449,3,18,20,20,Neutrophil,2,0.08078452418450575,18,1.6119604989013196,7.8044678698900904
TIGON,pc30,Clone_2272,10.566909737134159,0.02026840336039238,3.966318140483627,3,5,23,23,Baso,2,0.12222408058193349,5,0.2346137980849938,4.667298953752019
TIGON,pc30,Clone_2281,19.542314211092688,0.053238561442896605,5.660107006074756,3,2,20,20,Monocyte,1,0.06649945459192291,2,0.026005285019009235,1.8566046229902842
TIGON,pc30,Clone_2387,15.947168336205019,0.02912478268127579,4.956105584287212,3,2,32,32,Monocyte,1,0.045202805437437966,2,0.12215015208036642,6.436911044268188
TIGON,pc30,Clone_2407,12.37179329314494,0.006599427274655574,4.272590358410416,3,2,27,27,Monocyte,2,0.030209314460111863,2,0.0363670033133063,2.9163751445345993
TIGON,pc30,Clone_2445,8.392193774445213,0.005175241569528179,3.7222200561462255,3,4,18,18,undiff,0,0.03277816679819855,4,0.24408911927943375,7.960521955494343
TIGON,pc30,Clone_2490,21.068943515467378,0.0001660167013927041,6.706735091689528,3,1,24,24,Baso,1,0.0714375538299548,1,,
TIGON,pc30,Clone_2585,16.90081272790069,0.004812895968302321,5.8165852102684985,3,5,26,26,Baso,1,0.06257724589752804,5,0.4887596739832424,9.400750433049533
TIGON,pc30,Clone_2712,17.31338753660253,0.01823798816380505,5.9495848885795155,3,3,20,20,Monocyte,1,0.05421281879936427,3,0.08668884255758623,4.541710583071635
TIGON,pc30,Clone_2735,21.704720100995115,0.007252827615759367,6.371973199021991,3,20,10,10,Monocyte,2,0.16732301294620547,20,4.610536081132733,13.558797550667286
TIGON,pc30,Clone_2768,12.160459953262368,0.008146195822421395,5.546375943830145,3,3,33,33,Baso,3,0.05223903918151864,3,0.28138516443175327,10.327101976518657
TIGON,pc30,Clone_3083,10.492639850164066,0.002029358283841599,4.378449133694815,3,3,28,28,Monocyte,1,0.021268575073960266,3,0.029011129114977947,4.9845196559107965
TIGON,pc30,Clone_3250,24.6226930858415,0.002615021361585646,9.018068218242286,3,5,84,84,Meg,3,0.21489887254115192,5,0.7386909921268279,13.510531343329792
TIGON,pc30,Clone_3269,14.938368907264456,0.03895400712126412,5.255410183599111,3,3,48,48,Mast,2,0.06774750030996113,3,0.2311131219726578,5.349833431922124
TIGON,pc30,Clone_3330,9.63041205228984,0.0004754894049694265,3.684574795347594,3,18,22,22,Neutrophil,2,0.08219859655244563,18,1.141745852155684,5.62091920165215
TIGON,pc30,Clone_3336,5.251976208107528,0.009871043513548191,2.331078015852526,3,11,14,14,Neutrophil,1,0.02905610200385194,11,0.37168596294169925,4.9470671507570785
TIGON,pc30,Clone_3349,12.989355711758293,0.004385247795441861,4.261584533365742,3,2,33,33,Monocyte,3,0.08510469065270893,2,0.007409246483237295,2.9855483489218093
TIGON,pc30,Clone_3391,17.46455410048517,0.05594527402406828,6.315663150021116,3,2,20,20,Baso,1,0.049304815246206155,2,0.0031898759376497443,10.516659247656612
TIGON,pc30,Clone_3429,40.59984974230331,0.005178557540829362,13.152209412473864,3,20,1,1,Monocyte,1,0.0,20,1.2106735172871403,6.561291108224228
TIGON,pc30,Clone_3438,6.285623403640781,0.00010783248468910281,2.9679258621500004,3,31,60,60,Monocyte,2,0.05403636556885514,31,1.8515856965966984,9.24900737000312
TIGON,pc30,Clone_3522,17.10760123205979,0.008644039309965183,4.771518513476004,3,6,41,41,Neutrophil,2,0.13405377074455824,6,0.7101373222154671,3.497397656656704
TIGON,pc30,Clone_358,5.358341491100894,0.006039560106850197,2.6266590293956256,3,9,18,18,undiff,0,0.021143447576289647,9,0.12479959213126325,3.8640199482448963
TIGON,pc30,Clone_3585,13.508941705543855,0.007903574809251255,4.974047406270891,3,6,70,70,Baso,3,0.06845826625704189,6,2.5918908186280167,7.57290917923037
TIGON,pc30,Clone_3619,18.17048178928501,0.008850277639307087,5.217546212933176,3,2,24,24,Monocyte,1,0.03402846784521976,2,0.018038181964413612,6.091645300053623
TIGON,pc30,Clone_3682,16.08480125327206,0.0037043654124892782,6.188929280315598,3,9,55,55,Baso,3,0.06771963051087009,9,0.32762931265207107,5.171878406383085
TIGON,pc30,Clone_3718,7.521286720952891,0.010007911877524282,3.306320363018809,3,4,29,29,undiff,0,0.021676354425988455,4,0.022966480440644012,5.791671691579242
TIGON,pc30,Clone_3736,7.921172038670792,0.0008541042849233652,3.9411870263610016,3,9,13,13,Monocyte,1,0.023466874751066718,9,1.7376384028382348,14.794947589668128
TIGON,pc30,Clone_374,13.41424852778482,0.005551476903692865,4.073579435026793,3,10,15,15,Neutrophil,1,0.06616983226232935,10,4.132377803817445,9.39538486096213
TIGON,pc30,Clone_3840,17.02149381889788,0.0005517982907518641,4.834735891296703,3,35,46,46,Neutrophil,2,0.1449663979882648,35,2.0556227889900978,6.576694866473939
TIGON,pc30,Clone_3887,8.499966573876266,0.0010927114250689658,3.657996436703955,3,19,28,28,Monocyte,2,0.04869020778965274,19,3.476511776859283,13.785224414532609
TIGON,pc30,Clone_398,19.621276243579498,0.009266802604396017,7.095074183089056,3,2,25,25,Meg,2,0.15351807517177313,2,4.455718918993581,12.844691127701376
TIGON,pc30,Clone_401,7.239013938082821,0.01372322688088049,3.258580929179679,3,2,21,21,undiff,0,0.009449906913408267,2,0.2927615511143181,6.016866547846647
TIGON,pc30,Clone_405,10.724900601217191,0.0036819159524498143,4.29965224443553,3,18,24,24,Monocyte,2,0.05375761713677556,18,4.660732777437484,15.991837219935185
TIGON,pc30,Clone_4205,16.136786565611832,0.03945608750475739,5.911215005303749,3,5,16,16,Baso,1,0.03581221833879433,5,5.6779224662861845,30.622954423981827
TIGON,pc30,Clone_4226,6.017285163141412,0.002240565434227755,2.6773147928008445,3,11,42,42,Monocyte,1,0.012150251433044212,11,0.20838978733154445,6.251213172478858
TIGON,pc30,Clone_4276,15.031506267031142,0.006591071956177613,4.706895955443405,3,2,23,23,Baso,2,0.1934655599160797,2,0.012509268371559253,3.7765158688102494
TIGON,pc30,Clone_4316,11.376870430715163,0.03551553238529946,5.171386953851772,3,11,9,9,Monocyte,2,0.04837580077314802,11,29.02447788355479,22.038395207847277
TIGON,pc30,Clone_4456,15.758913553771839,0.0026898466264848415,5.5077229684501,3,4,16,16,Monocyte,1,0.036943296178177924,4,0.13814141869561275,7.263852993390859
TIGON,pc30,Clone_4483,14.137784750801286,0.0015338804746235744,5.22761585440023,3,4,20,20,Neutrophil,2,0.1602617435581773,4,0.03898512500450519,4.865352645256264
TIGON,pc30,Clone_449,19.67191291668156,0.022937741709271767,7.164817052593083,3,3,27,27,Monocyte,1,0.06868739538943391,3,0.27409014173352764,5.2429907844997965
TIGON,pc30,Clone_4571,13.05454929093065,0.0005565051067593453,4.831054632056602,3,4,27,27,Baso,2,0.1357723332643678,4,0.25609418945890317,7.061109485182975
TIGON,pc30,Clone_4604,18.634742270561222,0.01176399553766986,5.156383233448662,3,4,25,25,Monocyte,2,0.05356076429417436,4,0.044939384982890546,3.0536306497695627
TIGON,pc30,Clone_4665,16.31924879801681,0.002567976949798491,6.081054321340214,3,3,19,19,Neutrophil,3,0.14966562616430215,3,0.17695997318332657,9.240128549697486
TIGON,pc30,Clone_4683,11.599447147929197,0.007349313932205856,5.177979534912912,3,1,36,36,Erythroid,3,0.08348765003611086,1,,
TIGON,pc30,Clone_4774,18.717696117470947,0.00958025977613592,5.290044211340891,3,12,10,10,Neutrophil,2,0.05335751573019172,12,3.799525885687359,11.968227690319242
TIGON,pc30,Clone_478,8.867065361107139,0.004548045656622897,3.9612767023267317,3,2,20,20,undiff,0,0.005217821387869499,2,0.030646718481618086,7.412988228499486
TIGON,pc30,Clone_4948,18.234542049681437,0.0028750324731798985,6.259628887887718,3,27,17,17,Monocyte,2,0.14859350629385978,27,3.57026365785626,15.907369625636797
TIGON,pc30,Clone_4968,23.34090246378517,0.0006358450455686097,7.029550179788597,3,8,30,30,Monocyte,2,0.10429341441030007,8,0.5435719615590234,4.13910423885042
TIGON,pc30,Clone_4996,11.062197730947162,0.020572889212070167,3.8465262929550708,3,14,10,10,Neutrophil,1,0.07107146688614559,14,7.954690681829848,12.909653109980116
TIGON,pc30,Clone_5034,13.621185929603833,0.003148445569209747,4.775704476762464,3,4,21,21,Baso,1,0.159610443251006,4,0.12845476877794174,6.51458597028454
TIGON,pc30,Clone_5046,13.670926209159616,0.014490705625704129,5.381409294007906,3,2,25,25,Monocyte,2,0.036544332378646176,2,0.045417112350472855,3.935035469412358
TIGON,pc30,Clone_5198,14.920408963371592,0.0002763361560270469,5.444548354379641,3,5,15,15,Baso,2,0.07567549446073076,5,0.8724133041043036,8.464522614417485
TIGON,pc30,Clone_5252,6.147586578043918,0.007487904418155813,2.9083823170811702,3,9,21,21,undiff,0,0.014748342389116705,9,0.31226500236551347,7.85288886189962
TIGON,pc30,Clone_5287,19.7515059297268,0.005375028341267297,4.686708445056101,3,3,19,19,Monocyte,1,0.04374899620840231,3,0.0590240697163808,2.86214589353189
TIGON,pc30,Clone_5404,8.322130148295393,0.011237525119334586,3.8098002644278224,3,23,33,33,Monocyte,2,0.05720455621213418,23,3.2381705817300763,14.366611171892627
TIGON,pc30,Clone_5480,20.23038151560252,0.003406930479530956,7.1167783546093295,3,10,16,16,Monocyte,3,0.12649564163123084,10,7.337588514932368,18.383384883823638
TIGON,pc30,Clone_5483,10.037927369666882,0.011091197729168837,3.979320595237027,3,7,31,31,Baso,2,0.09449253928666737,7,0.04005269263211243,3.614142967506261
TIGON,pc30,Clone_5487,7.771532677328274,0.03350057788871873,3.7641806001342886,3,11,10,10,Mast,1,0.04127145001699628,11,0.7283743790979443,9.897448906559015
TIGON,pc30,Clone_5518,9.089947384662443,0.01511455958380105,3.626707446652636,3,4,17,17,undiff,0,0.014316176176095553,4,0.011291597163589453,2.3765065038163797
TIGON,pc30,Clone_5523,11.09342763676205,0.0012912443133774314,4.508216236405969,3,2,19,19,undiff,0,0.0050717912745230735,2,0.0014205264430334596,9.100217444356625
TIGON,pc30,Clone_5526,18.319362467173818,0.001774886568753914,5.76062948566198,3,3,17,17,Monocyte,1,0.031230358387934264,3,0.03602799911927636,5.257854544433243
TIGON,pc30,Clone_569,19.52274806400558,0.019963189588844382,5.837290357370073,3,3,19,19,Monocyte,1,0.05450518504582877,3,0.07908025592995396,5.453396173682699
TIGON,pc30,Clone_5717,12.996780694125361,0.006471859898142945,5.406562122199333,3,3,37,37,Mast,2,0.11087369308289872,3,0.8247957661025747,5.866889794030414
TIGON,pc30,Clone_5748,10.57394126014001,0.0013139828018647718,4.437239163499405,3,5,26,26,undiff,0,0.032069898139824284,5,0.034482824066289844,7.943323453209238
TIGON,pc30,Clone_5791,12.203679702093941,0.003819298361422336,4.542342883139968,3,21,21,21,Baso,3,0.1665301798686713,21,4.142258093309941,17.87387451481119
TIGON,pc30,Clone_5793,8.432916173142788,3.0377190609997696e-05,3.74216151772875,3,8,12,12,Meg,1,0.05049900483188226,8,1.3444364651155936,5.807091296949124
TIGON,pc30,Clone_5842,23.477107201789522,0.01641017972558074,8.092468025998047,3,11,31,31,Meg,1,0.21745360025943325,11,0.8956015221870341,8.828171208356217
TIGON,pc30,Clone_685,15.645817735113228,0.003665236791611696,5.5310711387425355,3,21,18,18,Monocyte,2,0.0948658829099985,21,2.2438547105633093,9.754974854131712
TIGON,pc30,Clone_722,9.294173157211977,0.00820863761648253,4.755800179521611,3,2,18,18,undiff,0,0.03728958569635448,2,0.014897505819378041,5.770397204110029
TIGON,pc30,Clone_766,19.184328286997594,0.006118009775370158,5.632718910280933,3,38,37,37,Neutrophil,2,0.1210815502835224,38,3.508582348949434,9.398724839588569
TIGON,pc30,Clone_777,15.630781297565862,0.003171366710063381,8.488828159257595,3,1,22,22,Erythroid,2,0.17489720952718177,1,,
TIGON,pc30,Clone_862,9.010603388680275,8.781282853976688e-05,4.025250108048927,3,3,21,21,undiff,0,0.030167572564979702,3,0.026815525245022287,6.807423705182
TIGON,pc30,Clone_961,19.153608841134258,0.02815835407140986,5.6920367389266415,3,1,23,23,Monocyte,1,0.052456917900614165,1,,
TIGON,pc30,Clone_965,20.383413606723725,0.037190633841246684,6.547024404385884,3,9,11,11,Neutrophil,1,0.04335901937142737,9,0.32812961290615106,4.715085674223594
TIGON,pc30,Clone_971,20.33576694578898,0.02015994501214512,7.366544674556088,3,3,29,29,Monocyte,2,0.06889340954070368,3,0.15478277288639583,18.18883813482805
TrajectoryNet,dm10,Clone_1099,0.006986330654247066,0.0035193619921820877,2.5937270801913392,3,9,47,47,Neutrophil,1,0.053959359129898465,9,0.29777317698898875,3.337828069267898
TrajectoryNet,dm10,Clone_123,0.0056858083281774,0.0005218520059112088,2.2898857620686006,3,5,20,20,Monocyte,2,0.15722704683732244,5,0.037467114762215085,6.415137112580283
TrajectoryNet,dm10,Clone_1258,0.0100711818809575,0.002122071658373353,4.125267090363518,3,3,22,22,Mast,2,0.09900429193938569,3,20.624729215903553,26.133309849855884
TrajectoryNet,dm10,Clone_1301,0.0033617908875902005,0.0004746982188594042,1.3603887481506514,3,4,30,30,Monocyte,1,0.03793767532434031,4,0.06186000294475383,6.19803119852318
TrajectoryNet,dm10,Clone_1305,0.0031920076215849,0.0011093749963940825,1.2676080389683808,3,5,28,28,Meg,1,0.0179797039386251,5,0.5550304759957555,26.428597456370337
TrajectoryNet,dm10,Clone_1370,0.004639355317116667,0.0023077860577351136,1.8719831683507095,3,12,19,19,Baso,1,0.03926130705362045,12,0.3240291367958321,8.369059259531936
TrajectoryNet,dm10,Clone_1404,0.005260497062862634,0.00015214684786040648,2.151800168693565,3,3,27,27,Monocyte,1,0.04995117992427936,3,0.00964406749029162,8.884967276354372
TrajectoryNet,dm10,Clone_1440,0.0025044560518662335,0.0006146510903946008,0.9811712360139886,3,16,18,18,undiff,0,0.07226473897493672,16,0.22763692122432397,7.619776527099585
TrajectoryNet,dm10,Clone_1479,0.0073644545724159,0.0002674630766632839,2.993940658396187,3,7,17,17,Mast,2,0.1370584143059133,7,0.5230322542383166,7.563059149692875
TrajectoryNet,dm10,Clone_1562,0.006766848464047434,0.00020286260961977705,2.786010778218493,3,2,23,23,Monocyte,1,0.041945954015674455,2,0.01161538143916909,3.522021547191701
TrajectoryNet,dm10,Clone_17,0.0114543363848618,0.0056627923427955695,4.6828848537729195,3,4,22,22,Mast,1,0.06494028098519304,4,0.6844030529191332,19.73125013077922
TrajectoryNet,dm10,Clone_1967,0.0030892755640117334,0.0004534216099886501,1.2600193216298496,3,3,26,26,Monocyte,1,0.03640561259918894,3,0.020713241978456087,2.9477736277230657
TrajectoryNet,dm10,Clone_1972,0.0075780577264473,0.00027375027844880174,3.0181926719540235,3,7,13,13,Baso,2,0.13725123613922102,7,2.675025161902477,10.49052026525043
TrajectoryNet,dm10,Clone_1998,0.006674314807106667,0.0002558650682049949,2.5833223240808874,3,10,23,23,Monocyte,2,0.1423182842137415,10,6.949860529104069,30.72852575861241
TrajectoryNet,dm10,Clone_2039,0.004151805805874233,0.0003909389825472405,1.6673636797207987,3,19,29,29,Monocyte,2,0.12277062374618217,19,2.7557158962022528,11.681538709433966
TrajectoryNet,dm10,Clone_2094,0.005478334927522234,0.0007399059721569276,2.2157767392581267,3,7,23,23,Baso,2,0.05430278738110706,7,3.8538178110131516,17.04827261695845
TrajectoryNet,dm10,Clone_2109,0.005491680222591034,0.0005357143523447507,2.1667338301517742,3,3,18,18,Baso,1,0.07032339916594173,3,2.974747834495287,13.592385899152859
TrajectoryNet,dm10,Clone_2111,0.005772499624878167,0.0017937457723980366,2.179765056859177,3,18,20,20,Neutrophil,2,0.08078452418450575,18,1.6119604989013196,7.8044678698900904
TrajectoryNet,dm10,Clone_2272,0.003602902838186033,0.00032221874102993727,1.3871477303092128,3,5,23,23,Baso,2,0.12222408058193349,5,0.2346137980849938,4.667298953752019
TrajectoryNet,dm10,Clone_2281,0.005310256846585367,0.00036555275286302024,2.177468453987087,3,2,20,20,Monocyte,1,0.06649945459192291,2,0.026005285019009235,1.8566046229902842
TrajectoryNet,dm10,Clone_2387,0.004961581360308633,0.00015696998763861176,2.0329207456544034,3,2,32,32,Monocyte,1,0.045202805437437966,2,0.12215015208036642,6.436911044268188
TrajectoryNet,dm10,Clone_2407,0.0035529293228747667,0.0005308911257965353,1.3942560756185758,3,2,27,27,Monocyte,2,0.030209314460111863,2,0.0363670033133063,2.9163751445345993
TrajectoryNet,dm10,Clone_2445,0.0034517914396915337,0.00035166598355671055,1.3230692718200556,3,4,18,18,undiff,0,0.03277816679819855,4,0.24408911927943375,7.960521955494343
TrajectoryNet,dm10,Clone_2490,0.007652086094944366,0.001294457795960203,3.0313128099575892,3,1,24,24,Baso,1,0.0714375538299548,1,,
TrajectoryNet,dm10,Clone_2585,0.005176905165835733,0.0015098156720247016,2.063282298323388,3,5,26,26,Baso,1,0.06257724589752804,5,0.4887596739832424,9.400750433049533
TrajectoryNet,dm10,Clone_2712,0.0029411037051831,0.0011993705643915848,1.1724283129023203,3,3,20,20,Monocyte,1,0.05421281879936427,3,0.08668884255758623,4.541710583071635
TrajectoryNet,dm10,Clone_2735,0.008015483052477767,0.0005750480699159679,3.0603797124904326,3,20,10,10,Monocyte,2,0.16732301294620547,20,4.610536081132733,13.558797550667286
TrajectoryNet,dm10,Clone_2768,0.0058877241829584995,0.0020047518653230965,2.398650088183021,3,3,33,33,Baso,3,0.05223903918151864,3,0.28138516443175327,10.327101976518657
TrajectoryNet,dm10,Clone_3083,0.0025654688016924997,0.0006947657287609053,1.0024127485929688,3,3,28,28,Monocyte,1,0.021268575073960266,3,0.029011129114977947,4.9845196559107965
TrajectoryNet,dm10,Clone_3250,0.0198644442970267,0.0002585272971074928,8.097298089202491,3,5,84,84,Meg,3,0.21489887254115192,5,0.7386909921268279,13.510531343329792
TrajectoryNet,dm10,Clone_3269,0.008521551237834333,0.0010004219140787654,3.498083051065875,3,3,48,48,Mast,2,0.06774750030996113,3,0.2311131219726578,5.349833431922124
TrajectoryNet,dm10,Clone_3330,0.0035305781516180336,0.0004988726039229565,1.353499975579352,3,18,22,22,Neutrophil,2,0.08219859655244563,18,1.141745852155684,5.62091920165215
TrajectoryNet,dm10,Clone_3336,0.002879890341977267,0.0005063523508057553,1.1235682557682345,3,11,14,14,Neutrophil,1,0.02905610200385194,11,0.37168596294169925,4.9470671507570785
TrajectoryNet,dm10,Clone_3349,0.0045813253921255,0.00020925125614854734,1.795342219818261,3,2,33,33,Monocyte,3,0.08510469065270893,2,0.007409246483237295,2.9855483489218093
TrajectoryNet,dm10,Clone_3391,0.004644027817323433,0.002364643786045916,1.8601697807988338,3,2,20,20,Baso,1,0.049304815246206155,2,0.0031898759376497443,10.516659247656612
TrajectoryNet,dm10,Clone_3429,0.0104067910105695,0.00018833351618741955,4.095131458625146,3,20,1,1,Monocyte,1,0.0,20,1.2106735172871403,6.561291108224228
TrajectoryNet,dm10,Clone_3438,0.0038244439900068333,0.00021681370597699076,1.545862474316815,3,31,60,60,Monocyte,2,0.05403636556885514,31,1.8515856965966984,9.24900737000312
TrajectoryNet,dm10,Clone_3522,0.0057149171853970665,0.0008897256127209009,2.217055110361398,3,6,41,41,Neutrophil,2,0.13405377074455824,6,0.7101373222154671,3.497397656656704
TrajectoryNet,dm10,Clone_358,0.0029597636887168,0.0005093206840954086,1.1210771333235665,3,9,18,18,undiff,0,0.021143447576289647,9,0.12479959213126325,3.8640199482448963
TrajectoryNet,dm10,Clone_3585,0.005953448487555767,0.0012334311373117788,2.429777307181135,3,6,70,70,Baso,3,0.06845826625704189,6,2.5918908186280167,7.57290917923037
TrajectoryNet,dm10,Clone_3619,0.0060374309695837665,0.000342762216129125,2.4604207056413476,3,2,24,24,Monocyte,1,0.03402846784521976,2,0.018038181964413612,6.091645300053623
TrajectoryNet,dm10,Clone_3682,0.007456152946491067,0.0006138407341519046,3.0447278620332874,3,9,55,55,Baso,3,0.06771963051087009,9,0.32762931265207107,5.171878406383085
TrajectoryNet,dm10,Clone_3718,0.0018512009716475,0.001253051973545146,0.7394336328694853,3,4,29,29,undiff,0,0.021676354425988455,4,0.022966480440644012,5.791671691579242
TrajectoryNet,dm10,Clone_3736,0.0031677977638468334,0.0003261028086721983,1.289845681324689,3,9,13,13,Monocyte,1,0.023466874751066718,9,1.7376384028382348,14.794947589668128
TrajectoryNet,dm10,Clone_374,0.009471955684091567,0.0036286213859351426,3.4491603987862116,3,10,15,15,Neutrophil,1,0.06616983226232935,10,4.132377803817445,9.39538486096213
TrajectoryNet,dm10,Clone_3840,0.006686461492119233,0.0007866913786573149,2.5818940383354545,3,35,46,46,Neutrophil,2,0.1449663979882648,35,2.0556227889900978,6.576694866473939
TrajectoryNet,dm10,Clone_3887,0.0043414853784489,0.0007326842217941635,1.7138657852408585,3,19,28,28,Monocyte,2,0.04869020778965274,19,3.476511776859283,13.785224414532609
TrajectoryNet,dm10,Clone_398,0.011543433571880667,0.00019056647227269733,4.790253287544178,3,2,25,25,Meg,2,0.15351807517177313,2,4.455718918993581,12.844691127701376
TrajectoryNet,dm10,Clone_401,0.0026130177979108997,0.0009194565568112554,1.0392667264100388,3,2,21,21,undiff,0,0.009449906913408267,2,0.2927615511143181,6.016866547846647
TrajectoryNet,dm10,Clone_405,0.0041358461759144005,0.0004932709852394953,1.6506062042290026,3,18,24,24,Monocyte,2,0.05375761713677556,18,4.660732777437484,15.991837219935185
TrajectoryNet,dm10,Clone_4205,0.006881945628531834,0.001617475572004188,2.777445464243432,3,5,16,16,Baso,1,0.03581221833879433,5,5.6779224662861845,30.622954423981827
TrajectoryNet,dm10,Clone_4226,0.002785607983088433,0.0004980002898761567,1.0668128022320973,3,11,42,42,Monocyte,1,0.012150251433044212,11,0.20838978733154445,6.251213172478858
TrajectoryNet,dm10,Clone_4276,0.006286568195532534,0.0007812750426962182,2.4693076084353254,3,2,23,23,Baso,2,0.1934655599160797,2,0.012509268371559253,3.7765158688102494
TrajectoryNet,dm10,Clone_4316,0.018004975151824566,0.005121611019836576,7.68134123865223,3,11,9,9,Monocyte,2,0.04837580077314802,11,29.02447788355479,22.038395207847277
TrajectoryNet,dm10,Clone_4456,0.0040731781489642,0.0006243231957136688,1.6517288445601424,3,4,16,16,Monocyte,1,0.036943296178177924,4,0.13814141869561275,7.263852993390859
TrajectoryNet,dm10,Clone_4483,0.0045944014203103,8.455743868287949e-05,1.7910377993191995,3,4,20,20,Neutrophil,2,0.1602617435581773,4,0.03898512500450519,4.865352645256264
TrajectoryNet,dm10,Clone_449,0.0049433060937386,0.0006566753422771244,2.003269320609022,3,3,27,27,Monocyte,1,0.06868739538943391,3,0.27409014173352764,5.2429907844997965
TrajectoryNet,dm10,Clone_4571,0.004808781533459633,0.0006762826291124386,1.8959108643188152,3,4,27,27,Baso,2,0.1357723332643678,4,0.25609418945890317,7.061109485182975
TrajectoryNet,dm10,Clone_4604,0.006468504250869533,0.00011215328528843614,2.6391775701158626,3,4,25,25,Monocyte,2,0.05356076429417436,4,0.044939384982890546,3.0536306497695627
TrajectoryNet,dm10,Clone_4665,0.0056689762846435,0.00041832714148124016,2.206497255082973,3,3,19,19,Neutrophil,3,0.14966562616430215,3,0.17695997318332657,9.240128549697486
TrajectoryNet,dm10,Clone_4683,0.0080597620030079,0.0009882486459974772,3.191302661202048,3,1,36,36,Erythroid,3,0.08348765003611086,1,,
TrajectoryNet,dm10,Clone_4774,0.009054428528287266,0.0016626910264571737,3.401575443781267,3,12,10,10,Neutrophil,2,0.05335751573019172,12,3.799525885687359,11.968227690319242
TrajectoryNet,dm10,Clone_478,0.0016701229795463002,0.001333367202495439,0.6730695376844947,3,2,20,20,undiff,0,0.005217821387869499,2,0.030646718481618086,7.412988228499486
TrajectoryNet,dm10,Clone_4948,0.004765423217248766,0.0011333122831205047,1.8087783869479086,3,27,17,17,Monocyte,2,0.14859350629385978,27,3.57026365785626,15.907369625636797
TrajectoryNet,dm10,Clone_4968,0.007700294676388999,0.0002723886657318559,3.021575059043867,3,8,30,30,Monocyte,2,0.10429341441030007,8,0.5435719615590234,4.13910423885042
TrajectoryNet,dm10,Clone_4996,0.011065824784377567,0.0032172168079307754,4.4135177762131095,3,14,10,10,Neutrophil,1,0.07107146688614559,14,7.954690681829848,12.909653109980116
TrajectoryNet,dm10,Clone_5034,0.005206123196483767,0.00069053879381878,2.07135506638731,3,4,21,21,Baso,1,0.159610443251006,4,0.12845476877794174,6.51458597028454
TrajectoryNet,dm10,Clone_5046,0.0036578470538064004,0.00038915409299702063,1.4815199728957535,3,2,25,25,Monocyte,2,0.036544332378646176,2,0.045417112350472855,3.935035469412358
TrajectoryNet,dm10,Clone_5198,0.0036955952041447006,0.001181680450307162,1.481798773935833,3,5,15,15,Baso,2,0.07567549446073076,5,0.8724133041043036,8.464522614417485
TrajectoryNet,dm10,Clone_5252,0.0028389105793476667,0.000693028146096688,1.1002908466876793,3,9,21,21,undiff,0,0.014748342389116705,9,0.31226500236551347,7.85288886189962
TrajectoryNet,dm10,Clone_5287,0.0070730403472236,0.00014914798773795396,2.9010521638698545,3,3,19,19,Monocyte,1,0.04374899620840231,3,0.0590240697163808,2.86214589353189
TrajectoryNet,dm10,Clone_5404,0.003714124360109667,0.0004282261454199018,1.4911934412342938,3,23,33,33,Monocyte,2,0.05720455621213418,23,3.2381705817300763,14.366611171892627
TrajectoryNet,dm10,Clone_5480,0.015410238929107067,0.0003267898264007523,5.6178877981725,3,10,16,16,Monocyte,3,0.12649564163123084,10,7.337588514932368,18.383384883823638
TrajectoryNet,dm10,Clone_5483,0.0029388829042719003,0.00014961877511440234,1.1672784592197747,3,7,31,31,Baso,2,0.09449253928666737,7,0.04005269263211243,3.614142967506261
TrajectoryNet,dm10,Clone_5487,0.011947902508853135,0.0064413764490349025,4.880621187284468,3,11,10,10,Mast,1,0.04127145001699628,11,0.7283743790979443,9.897448906559015
TrajectoryNet,dm10,Clone_5518,0.0023415509940222998,0.0010977940860627496,0.899229638441151,3,4,17,17,undiff,0,0.014316176176095553,4,0.011291597163589453,2.3765065038163797
TrajectoryNet,dm10,Clone_5523,0.0019393534835494333,0.0011737827983963904,0.7600471709727475,3,2,19,19,undiff,0,0.0050717912745230735,2,0.0014205264430334596,9.100217444356625
TrajectoryNet,dm10,Clone_5526,0.005991754127260634,0.00019816837244432202,2.46164989627679,3,3,17,17,Monocyte,1,0.031230358387934264,3,0.03602799911927636,5.257854544433243
TrajectoryNet,dm10,Clone_569,0.006011915968952667,9.062944560809376e-05,2.450025504275889,3,3,19,19,Monocyte,1,0.05450518504582877,3,0.07908025592995396,5.453396173682699
TrajectoryNet,dm10,Clone_5717,0.008501999942480768,0.0016455608153396124,3.4704494837645874,3,3,37,37,Mast,2,0.11087369308289872,3,0.8247957661025747,5.866889794030414
TrajectoryNet,dm10,Clone_5748,0.0026696105999846,0.0008934663830539585,1.0682632197141222,3,5,26,26,undiff,0,0.032069898139824284,5,0.034482824066289844,7.943323453209238
TrajectoryNet,dm10,Clone_5791,0.005576041238389034,0.001027374822482287,2.226220363196289,3,21,21,21,Baso,3,0.1665301798686713,21,4.142258093309941,17.87387451481119
TrajectoryNet,dm10,Clone_5793,0.003977365939577934,0.0009910286295209784,1.6117036852584665,3,8,12,12,Meg,1,0.05049900483188226,8,1.3444364651155936,5.807091296949124
TrajectoryNet,dm10,Clone_5842,0.019276673144988134,0.00019377102054141584,7.893101070970069,3,11,31,31,Meg,1,0.21745360025943325,11,0.8956015221870341,8.828171208356217
TrajectoryNet,dm10,Clone_685,0.0037983899566688003,0.000547887550783584,1.4521481899442081,3,21,18,18,Monocyte,2,0.0948658829099985,21,2.2438547105633093,9.754974854131712
TrajectoryNet,dm10,Clone_722,0.003119258646979567,0.0007647738012398142,1.2515111754127082,3,2,18,18,undiff,0,0.03728958569635448,2,0.014897505819378041,5.770397204110029
TrajectoryNet,dm10,Clone_766,0.009006928881024034,0.0009344351869172105,3.510380163165758,3,38,37,37,Neutrophil,2,0.1210815502835224,38,3.508582348949434,9.398724839588569
TrajectoryNet,dm10,Clone_777,0.010936793065603967,0.0002219636488522564,4.3694206300227165,3,1,22,22,Erythroid,2,0.17489720952718177,1,,
TrajectoryNet,dm10,Clone_862,0.0024700905880707335,0.0009725110313818311,0.982042524740076,3,3,21,21,undiff,0,0.030167572564979702,3,0.026815525245022287,6.807423705182
TrajectoryNet,dm10,Clone_961,0.005657372817239233,0.00018701542202370278,2.322551373276751,3,1,23,23,Monocyte,1,0.052456917900614165,1,,
TrajectoryNet,dm10,Clone_965,0.005436066660265433,0.006459736070826015,1.982235244179108,3,9,11,11,Neutrophil,1,0.04335901937142737,9,0.32812961290615106,4.715085674223594
TrajectoryNet,dm10,Clone_971,0.012283514000974766,0.00025653088328652935,4.489588881013991,3,3,29,29,Monocyte,2,0.06889340954070368,3,0.15478277288639583,18.18883813482805
TrajectoryNet,pc30,Clone_1099,15.362191580810238,0.8675536360095327,5.2953213048122025,4,9,47,47,Neutrophil,1,0.053959359129898465,9,0.29777317698898875,3.337828069267898
TrajectoryNet,pc30,Clone_123,17.320329718498428,0.39801931582101924,5.462110944777847,4,5,20,20,Monocyte,2,0.15722704683732244,5,0.037467114762215085,6.415137112580283
TrajectoryNet,pc30,Clone_1258,17.13928279715215,2.87027387746286,7.20950338784246,4,3,22,22,Mast,2,0.09900429193938569,3,20.624729215903553,26.133309849855884
TrajectoryNet,pc30,Clone_1301,9.493763692211637,0.4791259705498695,3.856302080725275,4,4,30,30,Monocyte,1,0.03793767532434031,4,0.06186000294475383,6.19803119852318
TrajectoryNet,pc30,Clone_1305,10.103583454850941,0.3916770327756201,6.327226737174319,4,5,28,28,Meg,1,0.0179797039386251,5,0.5550304759957555,26.428597456370337
TrajectoryNet,pc30,Clone_1370,11.415100893383835,1.0279490467813,5.373675231963064,4,12,19,19,Baso,1,0.03926130705362045,12,0.3240291367958321,8.369059259531936
TrajectoryNet,pc30,Clone_1404,15.783253245131215,0.44107884040727546,4.559027651092806,4,3,27,27,Monocyte,1,0.04995117992427936,3,0.00964406749029162,8.884967276354372
TrajectoryNet,pc30,Clone_1440,6.959571560689698,0.4040157060733441,3.1918663330134294,4,16,18,18,undiff,0,0.07226473897493672,16,0.22763692122432397,7.619776527099585
TrajectoryNet,pc30,Clone_1479,10.815013616017794,0.6368084793455225,4.375573153190058,4,7,17,17,Mast,2,0.1370584143059133,7,0.5230322542383166,7.563059149692875
TrajectoryNet,pc30,Clone_1562,18.30409237865789,0.7643917295622007,5.473377830413607,4,2,23,23,Monocyte,1,0.041945954015674455,2,0.01161538143916909,3.522021547191701
TrajectoryNet,pc30,Clone_17,20.09614210437435,4.458633242491341,8.560114840303632,4,4,22,22,Mast,1,0.06494028098519304,4,0.6844030529191332,19.73125013077922
TrajectoryNet,pc30,Clone_1967,9.17367827114414,0.42695232287528,3.5264308798470774,4,3,26,26,Monocyte,1,0.03640561259918894,3,0.020713241978456087,2.9477736277230657
TrajectoryNet,pc30,Clone_1972,13.8031727471457,0.20035708266139024,4.818173616229056,4,7,13,13,Baso,2,0.13725123613922102,7,2.675025161902477,10.49052026525043
TrajectoryNet,pc30,Clone_1998,19.100647138665916,0.4398186721128761,7.761304294422721,4,10,23,23,Monocyte,2,0.1423182842137415,10,6.949860529104069,30.72852575861241
TrajectoryNet,pc30,Clone_2039,10.647694993634627,0.7701144022778473,4.365935116934811,4,19,29,29,Monocyte,2,0.12277062374618217,19,2.7557158962022528,11.681538709433966
TrajectoryNet,pc30,Clone_2094,14.49753365863863,1.4074751958265732,6.2553737756132675,4,7,23,23,Baso,2,0.05430278738110706,7,3.8538178110131516,17.04827261695845
TrajectoryNet,pc30,Clone_2109,15.126259625595706,1.118097180500235,6.639699998944731,4,3,18,18,Baso,1,0.07032339916594173,3,2.974747834495287,13.592385899152859
TrajectoryNet,pc30,Clone_2111,8.671561623270359,0.422953178105414,3.4945379855711445,4,18,20,20,Neutrophil,2,0.08078452418450575,18,1.6119604989013196,7.8044678698900904
TrajectoryNet,pc30,Clone_2272,9.931019451486103,0.4085867928031188,3.8583816632741335,4,5,23,23,Baso,2,0.12222408058193349,5,0.2346137980849938,4.667298953752019
TrajectoryNet,pc30,Clone_2281,18.382695078439262,0.5328614499121919,5.300530682705137,4,2,20,20,Monocyte,1,0.06649945459192291,2,0.026005285019009235,1.8566046229902842
TrajectoryNet,pc30,Clone_2387,14.760516484552209,0.6983250953046404,4.624741569658806,4,2,32,32,Monocyte,1,0.045202805437437966,2,0.12215015208036642,6.436911044268188
TrajectoryNet,pc30,Clone_2407,11.42063032030369,0.45313951387211066,4.0608309932729405,4,2,27,27,Monocyte,2,0.030209314460111863,2,0.0363670033133063,2.9163751445345993
TrajectoryNet,pc30,Clone_2445,8.686655339212866,0.2951210250174895,3.923604119957411,4,4,18,18,undiff,0,0.03277816679819855,4,0.24408911927943375,7.960521955494343
TrajectoryNet,pc30,Clone_2490,20.582936500876023,0.5575825560429719,6.44047142159638,4,1,24,24,Baso,1,0.0714375538299548,1,,
TrajectoryNet,pc30,Clone_2585,14.269089406852629,1.249084236151263,5.385192827972556,4,5,26,26,Baso,1,0.06257724589752804,5,0.4887596739832424,9.400750433049533
TrajectoryNet,pc30,Clone_2712,15.24602392099225,1.0017529259780877,5.627031586221614,4,3,20,20,Monocyte,1,0.05421281879936427,3,0.08668884255758623,4.541710583071635
TrajectoryNet,pc30,Clone_2735,20.86824508957431,0.541191926997615,6.555833443276289,4,20,10,10,Monocyte,2,0.16732301294620547,20,4.610536081132733,13.558797550667286
TrajectoryNet,pc30,Clone_2768,11.338737954633245,1.0058004128407634,4.63555991830981,4,3,33,33,Baso,3,0.05223903918151864,3,0.28138516443175327,10.327101976518657
TrajectoryNet,pc30,Clone_3083,9.591992494837868,0.2958360975340355,4.344313787536251,4,3,28,28,Monocyte,1,0.021268575073960266,3,0.029011129114977947,4.9845196559107965
TrajectoryNet,pc30,Clone_3250,24.979908958964682,0.8421691521064405,9.679929524253257,4,5,84,84,Meg,3,0.21489887254115192,5,0.7386909921268279,13.510531343329792
TrajectoryNet,pc30,Clone_3269,13.817595707504845,0.31258172364535586,5.321476801152797,4,3,48,48,Mast,2,0.06774750030996113,3,0.2311131219726578,5.349833431922124
TrajectoryNet,pc30,Clone_3330,8.72962080065927,0.3296322737184195,3.7755636361999017,4,18,22,22,Neutrophil,2,0.08219859655244563,18,1.141745852155684,5.62091920165215
TrajectoryNet,pc30,Clone_3336,5.305145904028763,0.2554125959121025,2.523036304972517,4,11,14,14,Neutrophil,1,0.02905610200385194,11,0.37168596294169925,4.9470671507570785
TrajectoryNet,pc30,Clone_3349,12.629540299986457,0.3753759511967591,4.223830656212399,4,2,33,33,Monocyte,3,0.08510469065270893,2,0.007409246483237295,2.9855483489218093
TrajectoryNet,pc30,Clone_3391,15.220306261200806,1.0182571673904721,6.0613310767134045,4,2,20,20,Baso,1,0.049304815246206155,2,0.0031898759376497443,10.516659247656612
TrajectoryNet,pc30,Clone_3429,41.15752770021844,0.557450316930681,13.278846372980343,4,20,1,1,Monocyte,1,0.0,20,1.2106735172871403,6.561291108224228
TrajectoryNet,pc30,Clone_3438,8.345903861655714,0.8403526391469291,3.559957146631126,4,31,60,60,Monocyte,2,0.05403636556885514,31,1.8515856965966984,9.24900737000312
TrajectoryNet,pc30,Clone_3522,15.453557758327925,0.33243029660845647,4.732924400574303,4,6,41,41,Neutrophil,2,0.13405377074455824,6,0.7101373222154671,3.497397656656704
TrajectoryNet,pc30,Clone_358,6.3078617100401,0.28096121394025664,3.014952686863926,4,9,18,18,undiff,0,0.021143447576289647,9,0.12479959213126325,3.8640199482448963
TrajectoryNet,pc30,Clone_3585,11.217252447376598,0.9020958555058752,4.6328606252184645,4,6,70,70,Baso,3,0.06845826625704189,6,2.5918908186280167,7.57290917923037
TrajectoryNet,pc30,Clone_3619,17.43070786668538,0.5284529673728824,5.059295489111364,4,2,24,24,Monocyte,1,0.03402846784521976,2,0.018038181964413612,6.091645300053623
TrajectoryNet,pc30,Clone_3682,12.978670234244776,0.5156004926290367,5.689540787435546,4,9,55,55,Baso,3,0.06771963051087009,9,0.32762931265207107,5.171878406383085
TrajectoryNet,pc30,Clone_3718,6.333155207982113,0.18213280119929565,2.983967788710129,4,4,29,29,undiff,0,0.021676354425988455,4,0.022966480440644012,5.791671691579242
TrajectoryNet,pc30,Clone_3736,9.945650504316735,0.5783682498152304,4.692354175595199,4,9,13,13,Monocyte,1,0.023466874751066718,9,1.7376384028382348,14.794947589668128
TrajectoryNet,pc30,Clone_374,14.704894614686298,0.6646070450501892,4.835284351944363,4,10,15,15,Neutrophil,1,0.06616983226232935,10,4.132377803817445,9.39538486096213
TrajectoryNet,pc30,Clone_3840,14.792776055053867,0.23037143103004518,4.881709049388338,4,35,46,46,Neutrophil,2,0.1449663979882648,35,2.0556227889900978,6.576694866473939
TrajectoryNet,pc30,Clone_3887,10.735364511052682,0.6083389841025343,4.508407398510788,4,19,28,28,Monocyte,2,0.04869020778965274,19,3.476511776859283,13.785224414532609
TrajectoryNet,pc30,Clone_398,19.808753460704942,0.4712915176226841,7.282041500221064,4,2,25,25,Meg,2,0.15351807517177313,2,4.455718918993581,12.844691127701376
TrajectoryNet,pc30,Clone_401,6.983066066863731,0.12094289031775803,3.268478225874854,4,2,21,21,undiff,0,0.009449906913408267,2,0.2927615511143181,6.016866547846647
TrajectoryNet,pc30,Clone_405,13.354693197245274,1.0730808439247526,5.258776225107111,4,18,24,24,Monocyte,2,0.05375761713677556,18,4.660732777437484,15.991837219935185
TrajectoryNet,pc30,Clone_4205,21.42176997125482,0.9076856162701673,8.844659966671003,4,5,16,16,Baso,1,0.03581221833879433,5,5.6779224662861845,30.622954423981827
TrajectoryNet,pc30,Clone_4226,6.631553121541683,0.3909470258950398,3.110631845722448,4,11,42,42,Monocyte,1,0.012150251433044212,11,0.20838978733154445,6.251213172478858
TrajectoryNet,pc30,Clone_4276,14.805641135442064,0.5014773506617417,4.561943407906435,4,2,23,23,Baso,2,0.1934655599160797,2,0.012509268371559253,3.7765158688102494
TrajectoryNet,pc30,Clone_4316,17.226879758252707,1.411807461775373,8.964313144798249,4,11,9,9,Monocyte,2,0.04837580077314802,11,29.02447788355479,22.038395207847277
TrajectoryNet,pc30,Clone_4456,13.748502919267628,0.588518329180498,4.9292229589765535,4,4,16,16,Monocyte,1,0.036943296178177924,4,0.13814141869561275,7.263852993390859
TrajectoryNet,pc30,Clone_4483,12.375226014362843,0.48469465814176105,4.7779506716046525,4,4,20,20,Neutrophil,2,0.1602617435581773,4,0.03898512500450519,4.865352645256264
TrajectoryNet,pc30,Clone_449,18.295295210276766,0.952736854036781,6.886865751872677,4,3,27,27,Monocyte,1,0.06868739538943391,3,0.27409014173352764,5.2429907844997965
TrajectoryNet,pc30,Clone_4571,12.52420154504475,0.6070291607026869,4.7769551694898675,4,4,27,27,Baso,2,0.1357723332643678,4,0.25609418945890317,7.061109485182975
TrajectoryNet,pc30,Clone_4604,17.982383086764493,0.5516690625004972,5.100702802139235,4,4,25,25,Monocyte,2,0.05356076429417436,4,0.044939384982890546,3.0536306497695627
TrajectoryNet,pc30,Clone_4665,15.395626526491387,0.5106036646261731,5.90457765431549,4,3,19,19,Neutrophil,3,0.14966562616430215,3,0.17695997318332657,9.240128549697486
TrajectoryNet,pc30,Clone_4683,15.501824317843337,1.9509137411473163,7.112360496821202,4,1,36,36,Erythroid,3,0.08348765003611086,1,,
TrajectoryNet,pc30,Clone_4774,18.50011481582648,0.17390104368881734,5.672589337817712,4,12,10,10,Neutrophil,2,0.05335751573019172,12,3.799525885687359,11.968227690319242
TrajectoryNet,pc30,Clone_478,7.70615710824577,0.32175788815907075,3.7812789541848084,4,2,20,20,undiff,0,0.005217821387869499,2,0.030646718481618086,7.412988228499486
TrajectoryNet,pc30,Clone_4948,17.29058125147578,0.700528156987877,6.74971964404742,4,27,17,17,Monocyte,2,0.14859350629385978,27,3.57026365785626,15.907369625636797
TrajectoryNet,pc30,Clone_4968,22.993085657792975,0.5239727943863618,7.2581400684330895,4,8,30,30,Monocyte,2,0.10429341441030007,8,0.5435719615590234,4.13910423885042
TrajectoryNet,pc30,Clone_4996,17.13410381253723,0.9636170455408952,5.954030342634805,4,14,10,10,Neutrophil,1,0.07107146688614559,14,7.954690681829848,12.909653109980116
TrajectoryNet,pc30,Clone_5034,13.755714764198569,0.6820950793446162,5.064050445939947,4,4,21,21,Baso,1,0.159610443251006,4,0.12845476877794174,6.51458597028454
TrajectoryNet,pc30,Clone_5046,12.85495044589775,0.31569978552440775,5.267939384944086,4,2,25,25,Monocyte,2,0.036544332378646176,2,0.045417112350472855,3.935035469412358
TrajectoryNet,pc30,Clone_5198,10.595551439374567,1.1448897584668436,4.605291487339838,4,5,15,15,Baso,2,0.07567549446073076,5,0.8724133041043036,8.464522614417485
TrajectoryNet,pc30,Clone_5252,7.391190018666517,0.16893143160896906,3.3392168164943627,4,9,21,21,undiff,0,0.014748342389116705,9,0.31226500236551347,7.85288886189962
TrajectoryNet,pc30,Clone_5287,19.39774346491475,0.7594745521339136,4.875746798004188,4,3,19,19,Monocyte,1,0.04374899620840231,3,0.0590240697163808,2.86214589353189
TrajectoryNet,pc30,Clone_5404,11.415968794592896,1.0218422850895654,4.814992394261265,4,23,33,33,Monocyte,2,0.05720455621213418,23,3.2381705817300763,14.366611171892627
TrajectoryNet,pc30,Clone_5480,22.34560067312215,0.8080148475728857,7.90374939817364,4,10,16,16,Monocyte,3,0.12649564163123084,10,7.337588514932368,18.383384883823638
TrajectoryNet,pc30,Clone_5483,9.660449078632041,0.5352922874211032,4.024929232370873,4,7,31,31,Baso,2,0.09449253928666737,7,0.04005269263211243,3.614142967506261
TrajectoryNet,pc30,Clone_5487,22.765226861885818,4.692263629336472,8.532601988736152,4,11,10,10,Mast,1,0.04127145001699628,11,0.7283743790979443,9.897448906559015
TrajectoryNet,pc30,Clone_5518,8.102348140185667,0.31689400926290234,3.466027392595028,4,4,17,17,undiff,0,0.014316176176095553,4,0.011291597163589453,2.3765065038163797
TrajectoryNet,pc30,Clone_5523,10.637030781434463,0.5596235726803026,4.942577502444456,4,2,19,19,undiff,0,0.0050717912745230735,2,0.0014205264430334596,9.100217444356625
TrajectoryNet,pc30,Clone_5526,17.90268811941356,0.48401937830529734,5.79726021668675,4,3,17,17,Monocyte,1,0.031230358387934264,3,0.03602799911927636,5.257854544433243
TrajectoryNet,pc30,Clone_569,18.950764361964147,0.7688277853906315,5.9215515138499715,4,3,19,19,Monocyte,1,0.05450518504582877,3,0.07908025592995396,5.453396173682699
TrajectoryNet,pc30,Clone_5717,10.779560525178715,0.38202952956702757,5.049578865644171,4,3,37,37,Mast,2,0.11087369308289872,3,0.8247957661025747,5.866889794030414
TrajectoryNet,pc30,Clone_5748,9.407999289469416,0.5028596972169767,4.313078574165457,4,5,26,26,undiff,0,0.032069898139824284,5,0.034482824066289844,7.943323453209238
TrajectoryNet,pc30,Clone_5791,13.11381129076123,0.5783020412903089,4.903971041169207,4,21,21,21,Baso,3,0.1665301798686713,21,4.142258093309941,17.87387451481119
TrajectoryNet,pc30,Clone_5793,8.652176852898627,0.1468377303268709,4.021121355142262,4,8,12,12,Meg,1,0.05049900483188226,8,1.3444364651155936,5.807091296949124
TrajectoryNet,pc30,Clone_5842,22.59597910797136,0.20276866899790705,8.30984235263617,4,11,31,31,Meg,1,0.21745360025943325,11,0.8956015221870341,8.828171208356217
TrajectoryNet,pc30,Clone_685,14.819020619687723,0.4165704776491542,5.615937159406447,4,21,18,18,Monocyte,2,0.0948658829099985,21,2.2438547105633093,9.754974854131712
TrajectoryNet,pc30,Clone_722,10.346933851527817,0.28458575767498345,5.5310703783556185,4,2,18,18,undiff,0,0.03728958569635448,2,0.014897505819378041,5.770397204110029
TrajectoryNet,pc30,Clone_766,17.731218276217994,0.40502289883765025,6.029217316516849,4,38,37,37,Neutrophil,2,0.1210815502835224,38,3.508582348949434,9.398724839588569
TrajectoryNet,pc30,Clone_777,15.764442070601039,0.24819720668822431,8.540928032178934,4,1,22,22,Erythroid,2,0.17489720952718177,1,,
TrajectoryNet,pc30,Clone_862,8.473492677481897,0.3371378729822722,3.9737168854358056,4,3,21,21,undiff,0,0.030167572564979702,3,0.026815525245022287,6.807423705182
TrajectoryNet,pc30,Clone_961,18.555889733640072,0.4442809167178419,5.455146329171799,4,1,23,23,Monocyte,1,0.052456917900614165,1,,
TrajectoryNet,pc30,Clone_965,15.955445633428795,0.8453299961208705,6.540714571203374,4,9,11,11,Neutrophil,1,0.04335901937142737,9,0.32812961290615106,4.715085674223594
TrajectoryNet,pc30,Clone_971,19.222202058331625,0.13983609314763165,7.153911308676957,4,3,29,29,Monocyte,2,0.06889340954070368,3,0.15478277288639583,18.18883813482805
pdp+,dm10,Clone_1099,0.0110054111965575,0.0,4.419723103918412,1,9,47,47,Neutrophil,1,0.053959359129898465,9,0.29777317698898875,3.337828069267898
pdp+,dm10,Clone_123,0.0057884261202571,0.0,2.6356425624024364,1,5,20,20,Monocyte,2,0.15722704683732244,5,0.037467114762215085,6.415137112580283
pdp+,dm10,Clone_1258,0.0048969861432778,0.0,2.019539990950358,1,3,22,22,Mast,2,0.09900429193938569,3,20.624729215903553,26.133309849855884
pdp+,dm10,Clone_1301,0.0041960260433489,0.0,1.9544549794316688,1,4,30,30,Monocyte,1,0.03793767532434031,4,0.06186000294475383,6.19803119852318
pdp+,dm10,Clone_1305,0.0027698406316098,0.0,1.103249741269971,1,5,28,28,Meg,1,0.0179797039386251,5,0.5550304759957555,26.428597456370337
pdp+,dm10,Clone_1370,0.0011304908448275,0.0,0.4749878803034174,1,12,19,19,Baso,1,0.03926130705362045,12,0.3240291367958321,8.369059259531936
pdp+,dm10,Clone_1404,0.0057169841019338,0.0,2.8232739395679776,1,3,27,27,Monocyte,1,0.04995117992427936,3,0.00964406749029162,8.884967276354372
pdp+,dm10,Clone_1440,0.0025722449793328,0.0,1.0882450732987714,1,16,18,18,undiff,0,0.07226473897493672,16,0.22763692122432397,7.619776527099585
pdp+,dm10,Clone_1479,0.0067380291371983,0.0,2.744224013033495,1,7,17,17,Mast,2,0.1370584143059133,7,0.5230322542383166,7.563059149692875
pdp+,dm10,Clone_1562,0.0076400490321797,0.0,3.638214994133665,1,2,23,23,Monocyte,1,0.041945954015674455,2,0.01161538143916909,3.522021547191701
pdp+,dm10,Clone_17,0.0026734678692537,0.0,1.1002715239631946,1,4,22,22,Mast,1,0.06494028098519304,4,0.6844030529191332,19.73125013077922
pdp+,dm10,Clone_1967,0.0037339493534389,0.0,1.7894605066809528,1,3,26,26,Monocyte,1,0.03640561259918894,3,0.020713241978456087,2.9477736277230657
pdp+,dm10,Clone_1972,0.0069169688470214,0.0,2.783662117663915,1,7,13,13,Baso,2,0.13725123613922102,7,2.675025161902477,10.49052026525043
pdp+,dm10,Clone_1998,0.0063228920333465,0.0,2.822360005656737,1,10,23,23,Monocyte,2,0.1423182842137415,10,6.949860529104069,30.72852575861241
pdp+,dm10,Clone_2039,0.0030633266999522,0.0,1.291207588004793,1,19,29,29,Monocyte,2,0.12277062374618217,19,2.7557158962022528,11.681538709433966
pdp+,dm10,Clone_2094,0.0053737917489922,0.0,2.2303575091997696,1,7,23,23,Baso,2,0.05430278738110706,7,3.8538178110131516,17.04827261695845
pdp+,dm10,Clone_2109,0.0054804857738903,0.0,2.198260153541637,1,3,18,18,Baso,1,0.07032339916594173,3,2.974747834495287,13.592385899152859
pdp+,dm10,Clone_2111,0.0031645172251207,0.0,1.230115621831864,1,18,20,20,Neutrophil,2,0.08078452418450575,18,1.6119604989013196,7.8044678698900904
pdp+,dm10,Clone_2272,0.0042787292021007,0.0,1.654633974939518,1,5,23,23,Baso,2,0.12222408058193349,5,0.2346137980849938,4.667298953752019
pdp+,dm10,Clone_2281,0.0060632565332678,0.0,2.895964573669501,1,2,20,20,Monocyte,1,0.06649945459192291,2,0.026005285019009235,1.8566046229902842
pdp+,dm10,Clone_2387,0.0057349479744433,0.0,2.659682305446003,1,2,32,32,Monocyte,1,0.045202805437437966,2,0.12215015208036642,6.436911044268188
pdp+,dm10,Clone_2407,0.0045805185019994,0.0,1.9837373661914797,1,2,27,27,Monocyte,2,0.030209314460111863,2,0.0363670033133063,2.9163751445345993
pdp+,dm10,Clone_2445,0.002946879259651,0.0,1.199266950278566,1,4,18,18,undiff,0,0.03277816679819855,4,0.24408911927943375,7.960521955494343
pdp+,dm10,Clone_2490,0.0086174276966334,0.0,3.436329956909908,1,1,24,24,Baso,1,0.0714375538299548,1,,
pdp+,dm10,Clone_2585,0.0054644024864211,0.0,2.205448017092033,1,5,26,26,Baso,1,0.06257724589752804,5,0.4887596739832424,9.400750433049533
pdp+,dm10,Clone_2712,0.0031132143438354,0.0,1.4414505937090727,1,3,20,20,Monocyte,1,0.05421281879936427,3,0.08668884255758623,4.541710583071635
pdp+,dm10,Clone_2735,0.0075927111126827,0.0,3.4448220242629155,1,20,10,10,Monocyte,2,0.16732301294620547,20,4.610536081132733,13.558797550667286
pdp+,dm10,Clone_2768,0.0032730901754524,0.0,1.350492311274622,1,3,33,33,Baso,3,0.05223903918151864,3,0.28138516443175327,10.327101976518657
pdp+,dm10,Clone_3083,0.0032906052861574,0.0,1.4968397297142106,1,3,28,28,Monocyte,1,0.021268575073960266,3,0.029011129114977947,4.9845196559107965
pdp+,dm10,Clone_3250,0.0197487950964371,0.0,8.162646183024759,1,5,84,84,Meg,3,0.21489887254115192,5,0.7386909921268279,13.510531343329792
pdp+,dm10,Clone_3269,0.0092020159249681,0.0,3.805422866070279,1,3,48,48,Mast,2,0.06774750030996113,3,0.2311131219726578,5.349833431922124
pdp+,dm10,Clone_3330,0.003036995360607,0.0,1.2645278469606944,1,18,22,22,Neutrophil,2,0.08219859655244563,18,1.141745852155684,5.62091920165215
pdp+,dm10,Clone_3336,0.0020842086790583,0.0,0.8441378481821827,1,11,14,14,Neutrophil,1,0.02905610200385194,11,0.37168596294169925,4.9470671507570785
pdp+,dm10,Clone_3349,0.0048988218559925,0.0,2.256334118070352,1,2,33,33,Monocyte,3,0.08510469065270893,2,0.007409246483237295,2.9855483489218093
pdp+,dm10,Clone_3391,0.0053907983083817,0.0,2.1836272085284447,1,2,20,20,Baso,1,0.049304815246206155,2,0.0031898759376497443,10.516659247656612
pdp+,dm10,Clone_3429,0.0106932764720853,0.0,5.040864320573468,1,20,1,1,Monocyte,1,0.0,20,1.2106735172871403,6.561291108224228
pdp+,dm10,Clone_3438,0.0025320977722134,0.0,1.1330658471528474,1,31,60,60,Monocyte,2,0.05403636556885514,31,1.8515856965966984,9.24900737000312
pdp+,dm10,Clone_3522,0.0069205144151204,0.0,3.0589884032442813,1,6,41,41,Neutrophil,2,0.13405377074455824,6,0.7101373222154671,3.497397656656704
pdp+,dm10,Clone_358,0.0023790116197404,0.0,0.9862914254187688,1,9,18,18,undiff,0,0.021143447576289647,9,0.12479959213126325,3.8640199482448963
pdp+,dm10,Clone_3585,0.0050216998498953,0.0,2.062607691763761,1,6,70,70,Baso,3,0.06845826625704189,6,2.5918908186280167,7.57290917923037
pdp+,dm10,Clone_3619,0.0064640791641435,0.0,3.1248573388278955,1,2,24,24,Monocyte,1,0.03402846784521976,2,0.018038181964413612,6.091645300053623
pdp+,dm10,Clone_3682,0.0069887381425425,0.0,2.9099667153254805,1,9,55,55,Baso,3,0.06771963051087009,9,0.32762931265207107,5.171878406383085
pdp+,dm10,Clone_3718,0.0027958265238069,0.0,1.134873864300918,1,4,29,29,undiff,0,0.021676354425988455,4,0.022966480440644012,5.791671691579242
pdp+,dm10,Clone_3736,0.0025499781439836,0.0,1.147427136253733,1,9,13,13,Monocyte,1,0.023466874751066718,9,1.7376384028382348,14.794947589668128
pdp+,dm10,Clone_374,0.0060283146286759,0.0,2.6392312658789043,1,10,15,15,Neutrophil,1,0.06616983226232935,10,4.132377803817445,9.39538486096213
pdp+,dm10,Clone_3840,0.0077275826171914,0.0,3.5391244430506377,1,35,46,46,Neutrophil,2,0.1449663979882648,35,2.0556227889900978,6.576694866473939
pdp+,dm10,Clone_3887,0.0027912674929694,0.0,1.2618625972904078,1,19,28,28,Monocyte,2,0.04869020778965274,19,3.476511776859283,13.785224414532609
pdp+,dm10,Clone_398,0.0112594116553828,0.0,4.767710385986457,1,2,25,25,Meg,2,0.15351807517177313,2,4.455718918993581,12.844691127701376
pdp+,dm10,Clone_401,0.0033463062260347,0.0,1.3709912414590162,1,2,21,21,undiff,0,0.009449906913408267,2,0.2927615511143181,6.016866547846647
pdp+,dm10,Clone_405,0.0029579053763633,0.0,1.328939249000077,1,18,24,24,Monocyte,2,0.05375761713677556,18,4.660732777437484,15.991837219935185
pdp+,dm10,Clone_4205,0.0050457541521723,0.0,2.043362055318048,1,5,16,16,Baso,1,0.03581221833879433,5,5.6779224662861845,30.622954423981827
pdp+,dm10,Clone_4226,0.0024086705001465,0.0,1.0239738238428369,1,11,42,42,Monocyte,1,0.012150251433044212,11,0.20838978733154445,6.251213172478858
pdp+,dm10,Clone_4276,0.0059982290257777,0.0,2.3650330552855,1,2,23,23,Baso,2,0.1934655599160797,2,0.012509268371559253,3.7765158688102494
pdp+,dm10,Clone_4316,0.0132109208807051,0.0,5.706624362964202,1,11,9,9,Monocyte,2,0.04837580077314802,11,29.02447788355479,22.038395207847277
pdp+,dm10,Clone_4456,0.0049681612832905,0.0,2.321109583443405,1,4,16,16,Monocyte,1,0.036943296178177924,4,0.13814141869561275,7.263852993390859
pdp+,dm10,Clone_4483,0.0049221983494178,0.0,1.8999605176299288,1,4,20,20,Neutrophil,2,0.1602617435581773,4,0.03898512500450519,4.865352645256264
pdp+,dm10,Clone_449,0.005776047763838,0.0,2.721471140941848,1,3,27,27,Monocyte,1,0.06868739538943391,3,0.27409014173352764,5.2429907844997965
pdp+,dm10,Clone_4571,0.0050653784535704,0.0,2.022037355635782,1,4,27,27,Baso,2,0.1357723332643678,4,0.25609418945890317,7.061109485182975
pdp+,dm10,Clone_4604,0.0071993792425437,0.0,3.422605142079019,1,4,25,25,Monocyte,2,0.05356076429417436,4,0.044939384982890546,3.0536306497695627
pdp+,dm10,Clone_4665,0.0053739016286028,0.0,2.1671187137462944,1,3,19,19,Neutrophil,3,0.14966562616430215,3,0.17695997318332657,9.240128549697486
pdp+,dm10,Clone_4683,0.0067933239198877,0.0,2.7083230471644937,1,1,36,36,Erythroid,3,0.08348765003611086,1,,
pdp+,dm10,Clone_4774,0.0077931416547115,0.0,3.236739588174236,1,12,10,10,Neutrophil,2,0.05335751573019172,12,3.799525885687359,11.968227690319242
pdp+,dm10,Clone_478,0.0023668382220277,0.0,0.9930032185380374,1,2,20,20,undiff,0,0.005217821387869499,2,0.030646718481618086,7.412988228499486
pdp+,dm10,Clone_4948,0.0052821144413502,0.0,2.251534939968725,1,27,17,17,Monocyte,2,0.14859350629385978,27,3.57026365785626,15.907369625636797
pdp+,dm10,Clone_4968,0.007716627531863,0.0,3.671741987889936,1,8,30,30,Monocyte,2,0.10429341441030007,8,0.5435719615590234,4.13910423885042
pdp+,dm10,Clone_4996,0.0076220989436803,0.0,3.1004041862469256,1,14,10,10,Neutrophil,1,0.07107146688614559,14,7.954690681829848,12.909653109980116
pdp+,dm10,Clone_5034,0.0050090999195001,0.0,2.0222377351590164,1,4,21,21,Baso,1,0.159610443251006,4,0.12845476877794174,6.51458597028454
pdp+,dm10,Clone_5046,0.0044017815436999,0.0,2.005955487022216,1,2,25,25,Monocyte,2,0.036544332378646176,2,0.045417112350472855,3.935035469412358
pdp+,dm10,Clone_5198,0.0024077588767009,0.0,0.9849336621755792,1,5,15,15,Baso,2,0.07567549446073076,5,0.8724133041043036,8.464522614417485
pdp+,dm10,Clone_5252,0.0027658252673757,0.0,1.1656263340109958,1,9,21,21,undiff,0,0.014748342389116705,9,0.31226500236551347,7.85288886189962
pdp+,dm10,Clone_5287,0.007851406772807,0.0,3.789275002967282,1,3,19,19,Monocyte,1,0.04374899620840231,3,0.0590240697163808,2.86214589353189
pdp+,dm10,Clone_5404,0.0022024727046452,0.0,0.9707658779265856,1,23,33,33,Monocyte,2,0.05720455621213418,23,3.2381705817300763,14.366611171892627
pdp+,dm10,Clone_5480,0.0147883421490732,0.0,5.455534472780481,1,10,16,16,Monocyte,3,0.12649564163123084,10,7.337588514932368,18.383384883823638
pdp+,dm10,Clone_5483,0.0030551671340503,0.0,1.228090462363547,1,7,31,31,Baso,2,0.09449253928666737,7,0.04005269263211243,3.614142967506261
pdp+,dm10,Clone_5487,0.0020888496262353,0.0,0.8598299460063727,1,11,10,10,Mast,1,0.04127145001699628,11,0.7283743790979443,9.897448906559015
pdp+,dm10,Clone_5518,0.0036016223281552,0.0,1.464582679731259,1,4,17,17,undiff,0,0.014316176176095553,4,0.011291597163589453,2.3765065038163797
pdp+,dm10,Clone_5523,0.0030883344299779,0.0,1.2883963482925396,1,2,19,19,undiff,0,0.0050717912745230735,2,0.0014205264430334596,9.100217444356625
pdp+,dm10,Clone_5526,0.0067425962907852,0.0,3.3112807249487384,1,3,17,17,Monocyte,1,0.031230358387934264,3,0.03602799911927636,5.257854544433243
pdp+,dm10,Clone_569,0.0067250980231886,0.0,3.218736383886553,1,3,19,19,Monocyte,1,0.05450518504582877,3,0.07908025592995396,5.453396173682699
pdp+,dm10,Clone_5717,0.0056349394672508,0.0,2.2952181044081224,1,3,37,37,Mast,2,0.11087369308289872,3,0.8247957661025747,5.866889794030414
pdp+,dm10,Clone_5748,0.0031722577936286,0.0,1.3138155385783197,1,5,26,26,undiff,0,0.032069898139824284,5,0.034482824066289844,7.943323453209238
pdp+,dm10,Clone_5791,0.0046520283522166,0.0,1.9643702073162488,1,21,21,21,Baso,3,0.1665301798686713,21,4.142258093309941,17.87387451481119
pdp+,dm10,Clone_5793,0.0036068696469331,0.0,1.4728476846830467,1,8,12,12,Meg,1,0.05049900483188226,8,1.3444364651155936,5.807091296949124
pdp+,dm10,Clone_5842,0.019019208731665,0.0,7.888686095627776,1,11,31,31,Meg,1,0.21745360025943325,11,0.8956015221870341,8.828171208356217
pdp+,dm10,Clone_685,0.0037650458081007,0.0,1.7073346690730524,1,21,18,18,Monocyte,2,0.0948658829099985,21,2.2438547105633093,9.754974854131712
pdp+,dm10,Clone_722,0.0031086553144491,0.0,1.2685647422595003,1,2,18,18,undiff,0,0.03728958569635448,2,0.014897505819378041,5.770397204110029
pdp+,dm10,Clone_766,0.0096656205369912,0.0,4.700949497386299,1,38,37,37,Neutrophil,2,0.1210815502835224,38,3.508582348949434,9.398724839588569
pdp+,dm10,Clone_777,0.0105636505610124,0.0,4.219446240684874,1,1,22,22,Erythroid,2,0.17489720952718177,1,,
pdp+,dm10,Clone_862,0.003296880347566,0.0,1.348243471501599,1,3,21,21,undiff,0,0.030167572564979702,3,0.026815525245022287,6.807423705182
pdp+,dm10,Clone_961,0.0062226901186062,0.0,3.104691374075948,1,1,23,23,Monocyte,1,0.052456917900614165,1,,
pdp+,dm10,Clone_965,0.0113461828666934,0.0,4.2960693144317466,1,9,11,11,Neutrophil,1,0.04335901937142737,9,0.32812961290615106,4.715085674223594
pdp+,dm10,Clone_971,0.0125069259340376,0.0,4.725441449336008,1,3,29,29,Monocyte,2,0.06889340954070368,3,0.15478277288639583,18.18883813482805
pdp+,pc30,Clone_1099,17.9984320539584,0.0,5.376536124284735,1,9,47,47,Neutrophil,1,0.053959359129898465,9,0.29777317698898875,3.337828069267898
pdp+,pc30,Clone_123,15.647192969575991,0.0,5.107177336402073,1,5,20,20,Monocyte,2,0.15722704683732244,5,0.037467114762215085,6.415137112580283
pdp+,pc30,Clone_1258,12.185554613048328,0.0,5.270352572192191,1,3,22,22,Mast,2,0.09900429193938569,3,20.624729215903553,26.133309849855884
pdp+,pc30,Clone_1301,8.846604076078801,0.0,3.695840676582436,1,4,30,30,Monocyte,1,0.03793767532434031,4,0.06186000294475383,6.19803119852318
pdp+,pc30,Clone_1305,9.204220757564691,0.0,5.626166471968576,1,5,28,28,Meg,1,0.0179797039386251,5,0.5550304759957555,26.428597456370337
pdp+,pc30,Clone_1370,11.609456562806784,0.0,5.862103236182905,1,12,19,19,Baso,1,0.03926130705362045,12,0.3240291367958321,8.369059259531936
pdp+,pc30,Clone_1404,14.717646522490272,0.0,4.352547163183854,1,3,27,27,Monocyte,1,0.04995117992427936,3,0.00964406749029162,8.884967276354372
pdp+,pc30,Clone_1440,6.393175123288004,0.0,2.707354840015773,1,16,18,18,undiff,0,0.07226473897493672,16,0.22763692122432397,7.619776527099585
pdp+,pc30,Clone_1479,9.20162562771995,0.0,3.875694574164996,1,7,17,17,Mast,2,0.1370584143059133,7,0.5230322542383166,7.563059149692875
pdp+,pc30,Clone_1562,17.262420660263604,0.0,5.405911994409316,1,2,23,23,Monocyte,1,0.041945954015674455,2,0.01161538143916909,3.522021547191701
pdp+,pc30,Clone_17,10.776425025251424,0.0,5.345406704908556,1,4,22,22,Mast,1,0.06494028098519304,4,0.6844030529191332,19.73125013077922
pdp+,pc30,Clone_1967,8.895046032758302,0.0,3.402079706688581,1,3,26,26,Monocyte,1,0.03640561259918894,3,0.020713241978456087,2.9477736277230657
pdp+,pc30,Clone_1972,13.681164803650756,0.0,4.652352002390022,1,7,13,13,Baso,2,0.13725123613922102,7,2.675025161902477,10.49052026525043
pdp+,pc30,Clone_1998,17.122567380317196,0.0,6.386409371570855,1,10,23,23,Monocyte,2,0.1423182842137415,10,6.949860529104069,30.72852575861241
pdp+,pc30,Clone_2039,9.108573955746673,0.0,3.7980507041457434,1,19,29,29,Monocyte,2,0.12277062374618217,19,2.7557158962022528,11.681538709433966
pdp+,pc30,Clone_2094,10.26707131706838,0.0,4.925762874271312,1,7,23,23,Baso,2,0.05430278738110706,7,3.8538178110131516,17.04827261695845
pdp+,pc30,Clone_2109,13.59372641219118,0.0,6.406950591941405,1,3,18,18,Baso,1,0.07032339916594173,3,2.974747834495287,13.592385899152859
pdp+,pc30,Clone_2111,7.584581870046921,0.0,3.2173755332454634,1,18,20,20,Neutrophil,2,0.08078452418450575,18,1.6119604989013196,7.8044678698900904
pdp+,pc30,Clone_2272,9.462723362863937,0.0,3.814072115174804,1,5,23,23,Baso,2,0.12222408058193349,5,0.2346137980849938,4.667298953752019
pdp+,pc30,Clone_2281,17.589167462588374,0.0,5.155016526159664,1,2,20,20,Monocyte,1,0.06649945459192291,2,0.026005285019009235,1.8566046229902842
pdp+,pc30,Clone_2387,14.078635108504022,0.0,4.694242377050154,1,2,32,32,Monocyte,1,0.045202805437437966,2,0.12215015208036642,6.436911044268188
pdp+,pc30,Clone_2407,11.123177311204772,0.0,4.066862023547738,1,2,27,27,Monocyte,2,0.030209314460111863,2,0.0363670033133063,2.9163751445345993
pdp+,pc30,Clone_2445,8.320152313807721,0.0,3.617549508464945,1,4,18,18,undiff,0,0.03277816679819855,4,0.24408911927943375,7.960521955494343
pdp+,pc30,Clone_2490,19.40577647869753,0.0,6.086263076111112,1,1,24,24,Baso,1,0.0714375538299548,1,,
pdp+,pc30,Clone_2585,13.004647443357092,0.0,5.335947167729022,1,5,26,26,Baso,1,0.06257724589752804,5,0.4887596739832424,9.400750433049533
pdp+,pc30,Clone_2712,15.45312808570021,0.0,5.623986316754247,1,3,20,20,Monocyte,1,0.05421281879936427,3,0.08668884255758623,4.541710583071635
pdp+,pc30,Clone_2735,20.122103384315206,0.0,6.058140486210705,1,20,10,10,Monocyte,2,0.16732301294620547,20,4.610536081132733,13.558797550667286
pdp+,pc30,Clone_2768,10.40708765200584,0.0,4.973872956104991,1,3,33,33,Baso,3,0.05223903918151864,3,0.28138516443175327,10.327101976518657
pdp+,pc30,Clone_3083,9.991666193128475,0.0,4.221015426605572,1,3,28,28,Monocyte,1,0.021268575073960266,3,0.029011129114977947,4.9845196559107965
pdp+,pc30,Clone_3250,21.43133478325766,0.0,8.323266149640803,1,5,84,84,Meg,3,0.21489887254115192,5,0.7386909921268279,13.510531343329792
pdp+,pc30,Clone_3269,12.919217982533617,0.0,4.981914567510693,1,3,48,48,Mast,2,0.06774750030996113,3,0.2311131219726578,5.349833431922124
pdp+,pc30,Clone_3330,8.396751082928482,0.0,3.526870721561129,1,18,22,22,Neutrophil,2,0.08219859655244563,18,1.141745852155684,5.62091920165215
pdp+,pc30,Clone_3336,5.0867013940417145,0.0,2.2781028736426263,1,11,14,14,Neutrophil,1,0.02905610200385194,11,0.37168596294169925,4.9470671507570785
pdp+,pc30,Clone_3349,12.312104605003324,0.0,4.172419389017765,1,2,33,33,Monocyte,3,0.08510469065270893,2,0.007409246483237295,2.9855483489218093
pdp+,pc30,Clone_3391,14.591573744905906,0.0,5.95836770596849,1,2,20,20,Baso,1,0.049304815246206155,2,0.0031898759376497443,10.516659247656612
pdp+,pc30,Clone_3429,38.98308099994208,0.0,12.835633876411288,1,20,1,1,Monocyte,1,0.0,20,1.2106735172871403,6.561291108224228
pdp+,pc30,Clone_3438,7.126911557692237,0.0,3.0338935245878207,1,31,60,60,Monocyte,2,0.05403636556885514,31,1.8515856965966984,9.24900737000312
pdp+,pc30,Clone_3522,15.519113777949862,0.0,4.446143874625787,1,6,41,41,Neutrophil,2,0.13405377074455824,6,0.7101373222154671,3.497397656656704
pdp+,pc30,Clone_358,6.061891851695746,0.0,2.635482638994623,1,9,18,18,undiff,0,0.021143447576289647,9,0.12479959213126325,3.8640199482448963
pdp+,pc30,Clone_3585,11.270414403626324,0.0,4.689658163828216,1,6,70,70,Baso,3,0.06845826625704189,6,2.5918908186280167,7.57290917923037
pdp+,pc30,Clone_3619,17.19355759840614,0.0,5.028931665289639,1,2,24,24,Monocyte,1,0.03402846784521976,2,0.018038181964413612,6.091645300053623
pdp+,pc30,Clone_3682,14.256355824311989,0.0,5.986060652705361,1,9,55,55,Baso,3,0.06771963051087009,9,0.32762931265207107,5.171878406383085
pdp+,pc30,Clone_3718,7.997428557848268,0.0,3.226641355074719,1,4,29,29,undiff,0,0.021676354425988455,4,0.022966480440644012,5.791671691579242
pdp+,pc30,Clone_3736,9.608176818457864,0.0,4.039282304936457,1,9,13,13,Monocyte,1,0.023466874751066718,9,1.7376384028382348,14.794947589668128
pdp+,pc30,Clone_374,13.031912871043168,0.0,4.030029000776649,1,10,15,15,Neutrophil,1,0.06616983226232935,10,4.132377803817445,9.39538486096213
pdp+,pc30,Clone_3840,15.0741687303304,0.0,4.508137412341965,1,35,46,46,Neutrophil,2,0.1449663979882648,35,2.0556227889900978,6.576694866473939
pdp+,pc30,Clone_3887,8.566136204209698,0.0,3.652522614862402,1,19,28,28,Monocyte,2,0.04869020778965274,19,3.476511776859283,13.785224414532609
pdp+,pc30,Clone_398,17.38948249840978,0.0,6.628627500141281,1,2,25,25,Meg,2,0.15351807517177313,2,4.455718918993581,12.844691127701376
pdp+,pc30,Clone_401,7.658484229798205,0.0,3.3142973132460987,1,2,21,21,undiff,0,0.009449906913408267,2,0.2927615511143181,6.016866547846647
pdp+,pc30,Clone_405,11.202362019432291,0.0,4.496992045294521,1,18,24,24,Monocyte,2,0.05375761713677556,18,4.660732777437484,15.991837219935185
pdp+,pc30,Clone_4205,15.721325320645528,0.0,6.298214389726551,1,5,16,16,Baso,1,0.03581221833879433,5,5.6779224662861845,30.622954423981827
pdp+,pc30,Clone_4226,6.1235083308093134,0.0,2.593861296682344,1,11,42,42,Monocyte,1,0.012150251433044212,11,0.20838978733154445,6.251213172478858
pdp+,pc30,Clone_4276,13.61816636312376,0.0,4.582339276132562,1,2,23,23,Baso,2,0.1934655599160797,2,0.012509268371559253,3.7765158688102494
pdp+,pc30,Clone_4316,10.990869131453913,0.0,5.291703091780238,1,11,9,9,Monocyte,2,0.04837580077314802,11,29.02447788355479,22.038395207847277
pdp+,pc30,Clone_4456,13.703419367935313,0.0,5.366231523913395,1,4,16,16,Monocyte,1,0.036943296178177924,4,0.13814141869561275,7.263852993390859
pdp+,pc30,Clone_4483,10.93625932032739,0.0,4.440916860117886,1,4,20,20,Neutrophil,2,0.1602617435581773,4,0.03898512500450519,4.865352645256264
pdp+,pc30,Clone_449,18.358536445339485,0.0,6.910029905061998,1,3,27,27,Monocyte,1,0.06868739538943391,3,0.27409014173352764,5.2429907844997965
pdp+,pc30,Clone_4571,10.888584389991983,0.0,4.564399903898413,1,4,27,27,Baso,2,0.1357723332643678,4,0.25609418945890317,7.061109485182975
pdp+,pc30,Clone_4604,16.705663440252945,0.0,4.919788569408278,1,4,25,25,Monocyte,2,0.05356076429417436,4,0.044939384982890546,3.0536306497695627
pdp+,pc30,Clone_4665,12.747817552850982,0.0,5.142742204025756,1,3,19,19,Neutrophil,3,0.14966562616430215,3,0.17695997318332657,9.240128549697486
pdp+,pc30,Clone_4683,11.368071260767016,0.0,5.121713966246802,1,1,36,36,Erythroid,3,0.08348765003611086,1,,
pdp+,pc30,Clone_4774,17.500669400264282,0.0,5.187864980152421,1,12,10,10,Neutrophil,2,0.05335751573019172,12,3.799525885687359,11.968227690319242
pdp+,pc30,Clone_478,7.566432705873824,0.0,3.3076467300415717,1,2,20,20,undiff,0,0.005217821387869499,2,0.030646718481618086,7.412988228499486
pdp+,pc30,Clone_4948,16.4744691589695,0.0,5.952107462997636,1,27,17,17,Monocyte,2,0.14859350629385978,27,3.57026365785626,15.907369625636797
pdp+,pc30,Clone_4968,22.370485080427105,0.0,6.926017307390311,1,8,30,30,Monocyte,2,0.10429341441030007,8,0.5435719615590234,4.13910423885042
pdp+,pc30,Clone_4996,11.841439573851764,0.0,4.125669183369207,1,14,10,10,Neutrophil,1,0.07107146688614559,14,7.954690681829848,12.909653109980116
pdp+,pc30,Clone_5034,11.20597252606467,0.0,4.482041373575839,1,4,21,21,Baso,1,0.159610443251006,4,0.12845476877794174,6.51458597028454
pdp+,pc30,Clone_5046,12.28410917279303,0.0,5.148536714978437,1,2,25,25,Monocyte,2,0.036544332378646176,2,0.045417112350472855,3.935035469412358
pdp+,pc30,Clone_5198,12.190949646591356,0.0,5.101195396000856,1,5,15,15,Baso,2,0.07567549446073076,5,0.8724133041043036,8.464522614417485
pdp+,pc30,Clone_5252,7.553647320238829,0.0,3.049450912614613,1,9,21,21,undiff,0,0.014748342389116705,9,0.31226500236551347,7.85288886189962
pdp+,pc30,Clone_5287,17.612341104586065,0.0,4.509077901361647,1,3,19,19,Monocyte,1,0.04374899620840231,3,0.0590240697163808,2.86214589353189
pdp+,pc30,Clone_5404,8.91908353823706,0.0,3.89216672498859,1,23,33,33,Monocyte,2,0.05720455621213418,23,3.2381705817300763,14.366611171892627
pdp+,pc30,Clone_5480,20.157779526984772,0.0,7.204480226919269,1,10,16,16,Monocyte,3,0.12649564163123084,10,7.337588514932368,18.383384883823638
pdp+,pc30,Clone_5483,8.575495015323412,0.0,3.726837575495611,1,7,31,31,Baso,2,0.09449253928666737,7,0.04005269263211243,3.614142967506261
pdp+,pc30,Clone_5487,7.418457999205143,0.0,3.606212105378392,1,11,10,10,Mast,1,0.04127145001699628,11,0.7283743790979443,9.897448906559015
pdp+,pc30,Clone_5518,8.409851883658346,0.0,3.5283484423596354,1,4,17,17,undiff,0,0.014316176176095553,4,0.011291597163589453,2.3765065038163797
pdp+,pc30,Clone_5523,9.70895647103242,0.0,4.140593411761714,1,2,19,19,undiff,0,0.0050717912745230735,2,0.0014205264430334596,9.100217444356625
pdp+,pc30,Clone_5526,16.38280868951837,0.0,5.636729729815241,1,3,17,17,Monocyte,1,0.031230358387934264,3,0.03602799911927636,5.257854544433243
pdp+,pc30,Clone_569,17.157077865854976,0.0,5.602447280091621,1,3,19,19,Monocyte,1,0.05450518504582877,3,0.07908025592995396,5.453396173682699
pdp+,pc30,Clone_5717,9.891320557680212,0.0,4.747827560194071,1,3,37,37,Mast,2,0.11087369308289872,3,0.8247957661025747,5.866889794030414
pdp+,pc30,Clone_5748,8.971349520043638,0.0,3.966728057871213,1,5,26,26,undiff,0,0.032069898139824284,5,0.034482824066289844,7.943323453209238
pdp+,pc30,Clone_5791,11.6366321529095,0.0,4.41641989521527,1,21,21,21,Baso,3,0.1665301798686713,21,4.142258093309941,17.87387451481119
pdp+,pc30,Clone_5793,7.681202760928274,0.0,3.587225589436433,1,8,12,12,Meg,1,0.05049900483188226,8,1.3444364651155936,5.807091296949124
pdp+,pc30,Clone_5842,20.26469469110862,0.0,7.327093364157552,1,11,31,31,Meg,1,0.21745360025943325,11,0.8956015221870341,8.828171208356217
pdp+,pc30,Clone_685,14.328556996585633,0.0,5.398836175533649,1,21,18,18,Monocyte,2,0.0948658829099985,21,2.2438547105633093,9.754974854131712
pdp+,pc30,Clone_722,9.737034048636716,0.0,4.731884101963388,1,2,18,18,undiff,0,0.03728958569635448,2,0.014897505819378041,5.770397204110029
pdp+,pc30,Clone_766,17.67846533108972,0.0,5.499390060410026,1,38,37,37,Neutrophil,2,0.1210815502835224,38,3.508582348949434,9.398724839588569
pdp+,pc30,Clone_777,15.3757511877365,0.0,8.467948623819005,1,1,22,22,Erythroid,2,0.17489720952718177,1,,
pdp+,pc30,Clone_862,8.447184457831556,0.0,3.8793234386981728,1,3,21,21,undiff,0,0.030167572564979702,3,0.026815525245022287,6.807423705182
pdp+,pc30,Clone_961,18.75756132477396,0.0,5.517267072245952,1,1,23,23,Monocyte,1,0.052456917900614165,1,,
pdp+,pc30,Clone_965,19.272721336062844,0.0,6.588908991130854,1,9,11,11,Neutrophil,1,0.04335901937142737,9,0.32812961290615106,4.715085674223594
pdp+,pc30,Clone_971,17.656357426887432,0.0,6.784561239641974,1,3,29,29,Monocyte,2,0.06889340954070368,3,0.15478277288639583,18.18883813482805
scDiffEq,dm10,Clone_1099,0.009449985362876267,0.00029564784548282547,0.009449985362876267,3,9,47,47,Neutrophil,1,0.053959359129898465,9,0.29777317698898875,3.337828069267898
scDiffEq,dm10,Clone_123,0.004894379194809733,0.0005009927446634431,0.004894379194809733,3,5,20,20,Monocyte,2,0.15722704683732244,5,0.037467114762215085,6.415137112580283
scDiffEq,dm10,Clone_1258,0.011379819127701732,0.0020951757488275025,0.011379819127701732,3,3,22,22,Mast,2,0.09900429193938569,3,20.624729215903553,26.133309849855884
scDiffEq,dm10,Clone_1301,0.003280079126273667,0.00017278829318058734,0.003280079126273667,3,4,30,30,Monocyte,1,0.03793767532434031,4,0.06186000294475383,6.19803119852318
scDiffEq,dm10,Clone_1305,0.0060259218160084,0.0011354676892073973,0.0060259218160084,3,5,28,28,Meg,1,0.0179797039386251,5,0.5550304759957555,26.428597456370337
scDiffEq,dm10,Clone_1370,0.004467716224305566,0.0008659164319792625,0.004467716224305566,3,12,19,19,Baso,1,0.03926130705362045,12,0.3240291367958321,8.369059259531936
scDiffEq,dm10,Clone_1404,0.0049581765401304,0.00017861173408635305,0.0049581765401304,3,3,27,27,Monocyte,1,0.04995117992427936,3,0.00964406749029162,8.884967276354372
scDiffEq,dm10,Clone_1440,0.003201273809770933,8.93380864050692e-05,0.003201273809770933,3,16,18,18,undiff,0,0.07226473897493672,16,0.22763692122432397,7.619776527099585
scDiffEq,dm10,Clone_1479,0.007084973460780133,0.0002023792241204397,0.007084973460780133,3,7,17,17,Mast,2,0.1370584143059133,7,0.5230322542383166,7.563059149692875
scDiffEq,dm10,Clone_1562,0.006559669137123666,0.0002903177149006551,0.006559669137123666,3,2,23,23,Monocyte,1,0.041945954015674455,2,0.01161538143916909,3.522021547191701
scDiffEq,dm10,Clone_17,0.011628033663935533,0.003014007565567701,0.011628033663935533,3,4,22,22,Mast,1,0.06494028098519304,4,0.6844030529191332,19.73125013077922
scDiffEq,dm10,Clone_1967,0.0033600113802763,0.0004442789763962229,0.0033600113802763,3,3,26,26,Monocyte,1,0.03640561259918894,3,0.020713241978456087,2.9477736277230657
scDiffEq,dm10,Clone_1972,0.007220762360507967,0.0005458312684794441,0.007220762360507967,3,7,13,13,Baso,2,0.13725123613922102,7,2.675025161902477,10.49052026525043
scDiffEq,dm10,Clone_1998,0.006780165804991766,0.00016123647285506336,0.006780165804991766,3,10,23,23,Monocyte,2,0.1423182842137415,10,6.949860529104069,30.72852575861241
scDiffEq,dm10,Clone_2039,0.004259007602851233,0.00016338356699223167,0.004259007602851233,3,19,29,29,Monocyte,2,0.12277062374618217,19,2.7557158962022528,11.681538709433966
scDiffEq,dm10,Clone_2094,0.005409992257420867,0.001027150279273878,0.005409992257420867,3,7,23,23,Baso,2,0.05430278738110706,7,3.8538178110131516,17.04827261695845
scDiffEq,dm10,Clone_2109,0.0068326674225765,0.00043048644496090064,0.0068326674225765,3,3,18,18,Baso,1,0.07032339916594173,3,2.974747834495287,13.592385899152859
scDiffEq,dm10,Clone_2111,0.004408607246786933,0.0005614500510645059,0.004408607246786933,3,18,20,20,Neutrophil,2,0.08078452418450575,18,1.6119604989013196,7.8044678698900904
scDiffEq,dm10,Clone_2272,0.0040692242696298,5.72326028855694e-05,0.0040692242696298,3,5,23,23,Baso,2,0.12222408058193349,5,0.2346137980849938,4.667298953752019
scDiffEq,dm10,Clone_2281,0.005688690324493866,0.00021292856033041366,0.005688690324493866,3,2,20,20,Monocyte,1,0.06649945459192291,2,0.026005285019009235,1.8566046229902842
scDiffEq,dm10,Clone_2387,0.004841998434277767,0.0002799280265910141,0.004841998434277767,3,2,32,32,Monocyte,1,0.045202805437437966,2,0.12215015208036642,6.436911044268188
scDiffEq,dm10,Clone_2407,0.0035979830512201665,0.0003500529841477433,0.0035979830512201665,3,2,27,27,Monocyte,2,0.030209314460111863,2,0.0363670033133063,2.9163751445345993
scDiffEq,dm10,Clone_2445,0.003701650154120733,0.00015825471787233225,0.003701650154120733,3,4,18,18,undiff,0,0.03277816679819855,4,0.24408911927943375,7.960521955494343
scDiffEq,dm10,Clone_2490,0.007353005042221201,0.0003367325523843442,0.007353005042221201,3,1,24,24,Baso,1,0.0714375538299548,1,,
scDiffEq,dm10,Clone_2585,0.007492628374178866,0.00040507437626536484,0.007492628374178866,3,5,26,26,Baso,1,0.06257724589752804,5,0.4887596739832424,9.400750433049533
scDiffEq,dm10,Clone_2712,0.0052935196454276,5.04096802572953e-05,0.0052935196454276,3,3,20,20,Monocyte,1,0.05421281879936427,3,0.08668884255758623,4.541710583071635
scDiffEq,dm10,Clone_2735,0.0077287460252832,7.637458321671445e-05,0.0077287460252832,3,20,10,10,Monocyte,2,0.16732301294620547,20,4.610536081132733,13.558797550667286
scDiffEq,dm10,Clone_2768,0.005041425221155167,0.0007776964768188433,0.005041425221155167,3,3,33,33,Baso,3,0.05223903918151864,3,0.28138516443175327,10.327101976518657
scDiffEq,dm10,Clone_3083,0.0033849099558821666,0.00014754890288431387,0.0033849099558821666,3,3,28,28,Monocyte,1,0.021268575073960266,3,0.029011129114977947,4.9845196559107965
scDiffEq,dm10,Clone_3250,0.020085421099597236,0.001701487906570411,0.020085421099597236,3,5,84,84,Meg,3,0.21489887254115192,5,0.7386909921268279,13.510531343329792
scDiffEq,dm10,Clone_3269,0.010565890845657733,0.00046479115715067967,0.010565890845657733,3,3,48,48,Mast,2,0.06774750030996113,3,0.2311131219726578,5.349833431922124
scDiffEq,dm10,Clone_3330,0.0040068190084286,0.00035811044451571495,0.0040068190084286,3,18,22,22,Neutrophil,2,0.08219859655244563,18,1.141745852155684,5.62091920165215
scDiffEq,dm10,Clone_3336,0.0035908033050437,0.00043852888571192284,0.0035908033050437,3,11,14,14,Neutrophil,1,0.02905610200385194,11,0.37168596294169925,4.9470671507570785
scDiffEq,dm10,Clone_3349,0.004424978896536134,0.00035994093032607806,0.004424978896536134,3,2,33,33,Monocyte,3,0.08510469065270893,2,0.007409246483237295,2.9855483489218093
scDiffEq,dm10,Clone_3391,0.0074122600751410335,0.0006254902447605222,0.0074122600751410335,3,2,20,20,Baso,1,0.049304815246206155,2,0.0031898759376497443,10.516659247656612
scDiffEq,dm10,Clone_3429,0.010064429688809667,0.0005059428117736975,0.010064429688809667,3,20,1,1,Monocyte,1,0.0,20,1.2106735172871403,6.561291108224228
scDiffEq,dm10,Clone_3438,0.003961772574846534,9.356397236143762e-05,0.003961772574846534,3,31,60,60,Monocyte,2,0.05403636556885514,31,1.8515856965966984,9.24900737000312
scDiffEq,dm10,Clone_3522,0.0063721984767404335,0.00013424689759365988,0.0063721984767404335,3,6,41,41,Neutrophil,2,0.13405377074455824,6,0.7101373222154671,3.497397656656704
scDiffEq,dm10,Clone_358,0.0035987679928313004,0.0002513260747919857,0.0035987679928313004,3,9,18,18,undiff,0,0.021143447576289647,9,0.12479959213126325,3.8640199482448963
scDiffEq,dm10,Clone_3585,0.006644803571968734,0.0004212171149168384,0.006644803571968734,3,6,70,70,Baso,3,0.06845826625704189,6,2.5918908186280167,7.57290917923037
scDiffEq,dm10,Clone_3619,0.00578161635866,9.980911761325955e-05,0.00578161635866,3,2,24,24,Monocyte,1,0.03402846784521976,2,0.018038181964413612,6.091645300053623
scDiffEq,dm10,Clone_3682,0.008590848888775133,0.0005318313636965346,0.008590848888775133,3,9,55,55,Baso,3,0.06771963051087009,9,0.32762931265207107,5.171878406383085
scDiffEq,dm10,Clone_3718,0.002980421845566366,9.179382798560654e-05,0.002980421845566366,3,4,29,29,undiff,0,0.021676354425988455,4,0.022966480440644012,5.791671691579242
scDiffEq,dm10,Clone_3736,0.0037204478089864,0.00021899398548512456,0.0037204478089864,3,9,13,13,Monocyte,1,0.023466874751066718,9,1.7376384028382348,14.794947589668128
scDiffEq,dm10,Clone_374,0.0055859353717090665,0.0004178188966609152,0.0055859353717090665,3,10,15,15,Neutrophil,1,0.06616983226232935,10,4.132377803817445,9.39538486096213
scDiffEq,dm10,Clone_3840,0.006722193502020733,0.000242949158950357,0.006722193502020733,3,35,46,46,Neutrophil,2,0.1449663979882648,35,2.0556227889900978,6.576694866473939
scDiffEq,dm10,Clone_3887,0.004071284874068933,0.00018493212359010536,0.004071284874068933,3,19,28,28,Monocyte,2,0.04869020778965274,19,3.476511776859283,13.785224414532609
scDiffEq,dm10,Clone_398,0.012109656037765567,0.0008312263750861273,0.012109656037765567,3,2,25,25,Meg,2,0.15351807517177313,2,4.455718918993581,12.844691127701376
scDiffEq,dm10,Clone_401,0.0032232217934860335,0.00012899185136936177,0.0032232217934860335,3,2,21,21,undiff,0,0.009449906913408267,2,0.2927615511143181,6.016866547846647
scDiffEq,dm10,Clone_405,0.0045504658446319,0.00020616836221553804,0.0045504658446319,3,18,24,24,Monocyte,2,0.05375761713677556,18,4.660732777437484,15.991837219935185
scDiffEq,dm10,Clone_4205,0.0064637655005363335,0.0003475187731621894,0.0064637655005363335,3,5,16,16,Baso,1,0.03581221833879433,5,5.6779224662861845,30.622954423981827
scDiffEq,dm10,Clone_4226,0.0033354602757640663,0.00025737082545776603,0.0033354602757640663,3,11,42,42,Monocyte,1,0.012150251433044212,11,0.20838978733154445,6.251213172478858
scDiffEq,dm10,Clone_4276,0.005675406590384033,0.00027116796657972365,0.005675406590384033,3,2,23,23,Baso,2,0.1934655599160797,2,0.012509268371559253,3.7765158688102494
scDiffEq,dm10,Clone_4316,0.010039943027483034,0.0012572223028906628,0.010039943027483034,3,11,9,9,Monocyte,2,0.04837580077314802,11,29.02447788355479,22.038395207847277
scDiffEq,dm10,Clone_4456,0.004748297024999167,0.0001856209889218091,0.004748297024999167,3,4,16,16,Monocyte,1,0.036943296178177924,4,0.13814141869561275,7.263852993390859
scDiffEq,dm10,Clone_4483,0.004619207438101867,0.0003219548831308873,0.004619207438101867,3,4,20,20,Neutrophil,2,0.1602617435581773,4,0.03898512500450519,4.865352645256264
scDiffEq,dm10,Clone_449,0.005907406372730133,0.00019081592535021642,0.005907406372730133,3,3,27,27,Monocyte,1,0.06868739538943391,3,0.27409014173352764,5.2429907844997965
scDiffEq,dm10,Clone_4571,0.004834078924957567,0.00033963501123370767,0.004834078924957567,3,4,27,27,Baso,2,0.1357723332643678,4,0.25609418945890317,7.061109485182975
scDiffEq,dm10,Clone_4604,0.006219712739290433,0.00038391745893079577,0.006219712739290433,3,4,25,25,Monocyte,2,0.05356076429417436,4,0.044939384982890546,3.0536306497695627
scDiffEq,dm10,Clone_4665,0.0051649015688544,0.0003376920271270238,0.0051649015688544,3,3,19,19,Neutrophil,3,0.14966562616430215,3,0.17695997318332657,9.240128549697486
scDiffEq,dm10,Clone_4683,0.010224244433702533,0.0029185947350820183,0.010224244433702533,3,1,36,36,Erythroid,3,0.08348765003611086,1,,
scDiffEq,dm10,Clone_4774,0.0075018286315594665,0.0003984029671924555,0.0075018286315594665,3,12,10,10,Neutrophil,2,0.05335751573019172,12,3.799525885687359,11.968227690319242
scDiffEq,dm10,Clone_478,0.0029802359866868667,0.00017989335152457622,0.0029802359866868667,3,2,20,20,undiff,0,0.005217821387869499,2,0.030646718481618086,7.412988228499486
scDiffEq,dm10,Clone_4948,0.006489739244310334,0.000378843395841142,0.006489739244310334,3,27,17,17,Monocyte,2,0.14859350629385978,27,3.57026365785626,15.907369625636797
scDiffEq,dm10,Clone_4968,0.007615544943861367,9.970162940042555e-05,0.007615544943861367,3,8,30,30,Monocyte,2,0.10429341441030007,8,0.5435719615590234,4.13910423885042
scDiffEq,dm10,Clone_4996,0.006370057999151899,0.0001847190153102294,0.006370057999151899,3,14,10,10,Neutrophil,1,0.07107146688614559,14,7.954690681829848,12.909653109980116
scDiffEq,dm10,Clone_5034,0.005521059874346067,0.0001856450809493647,0.005521059874346067,3,4,21,21,Baso,1,0.159610443251006,4,0.12845476877794174,6.51458597028454
scDiffEq,dm10,Clone_5046,0.0039965956441598,0.0005722501328847974,0.0039965956441598,3,2,25,25,Monocyte,2,0.036544332378646176,2,0.045417112350472855,3.935035469412358
scDiffEq,dm10,Clone_5198,0.005690586274040466,0.0005824326005638806,0.005690586274040466,3,5,15,15,Baso,2,0.07567549446073076,5,0.8724133041043036,8.464522614417485
scDiffEq,dm10,Clone_5252,0.003411376409282967,0.00012748731245539768,0.003411376409282967,3,9,21,21,undiff,0,0.014748342389116705,9,0.31226500236551347,7.85288886189962
scDiffEq,dm10,Clone_5287,0.0068288107715097,0.0004157900129390585,0.0068288107715097,3,3,19,19,Monocyte,1,0.04374899620840231,3,0.0590240697163808,2.86214589353189
scDiffEq,dm10,Clone_5404,0.0038760341470212667,0.00013343233532978714,0.0038760341470212667,3,23,33,33,Monocyte,2,0.05720455621213418,23,3.2381705817300763,14.366611171892627
scDiffEq,dm10,Clone_5480,0.015110213769865067,8.830717043407443e-05,0.015110213769865067,3,10,16,16,Monocyte,3,0.12649564163123084,10,7.337588514932368,18.383384883823638
scDiffEq,dm10,Clone_5483,0.0035074484763908662,0.00013413224284013084,0.0035074484763908662,3,7,31,31,Baso,2,0.09449253928666737,7,0.04005269263211243,3.614142967506261
scDiffEq,dm10,Clone_5487,0.012577326119872667,0.0036690590596677986,0.012577326119872667,3,11,10,10,Mast,1,0.04127145001699628,11,0.7283743790979443,9.897448906559015
scDiffEq,dm10,Clone_5518,0.0034073601103694665,7.494271477453698e-05,0.0034073601103694665,3,4,17,17,undiff,0,0.014316176176095553,4,0.011291597163589453,2.3765065038163797
scDiffEq,dm10,Clone_5523,0.0031927135528435333,0.00019629270937148824,0.0031927135528435333,3,2,19,19,undiff,0,0.0050717912745230735,2,0.0014205264430334596,9.100217444356625
scDiffEq,dm10,Clone_5526,0.0058880660227284,0.0001014172288889451,0.0058880660227284,3,3,17,17,Monocyte,1,0.031230358387934264,3,0.03602799911927636,5.257854544433243
scDiffEq,dm10,Clone_569,0.0062607374534955325,5.9886867992026645e-05,0.0062607374534955325,3,3,19,19,Monocyte,1,0.05450518504582877,3,0.07908025592995396,5.453396173682699
scDiffEq,dm10,Clone_5717,0.010785437916993533,0.00015928871147357198,0.010785437916993533,3,3,37,37,Mast,2,0.11087369308289872,3,0.8247957661025747,5.866889794030414
scDiffEq,dm10,Clone_5748,0.003528172300009267,3.6241176215225436e-05,0.003528172300009267,3,5,26,26,undiff,0,0.032069898139824284,5,0.034482824066289844,7.943323453209238
scDiffEq,dm10,Clone_5791,0.004979669596094766,0.0005935248794730366,0.004979669596094766,3,21,21,21,Baso,3,0.1665301798686713,21,4.142258093309941,17.87387451481119
scDiffEq,dm10,Clone_5793,0.0063221491276344,0.0013446928866418745,0.0063221491276344,3,8,12,12,Meg,1,0.05049900483188226,8,1.3444364651155936,5.807091296949124
scDiffEq,dm10,Clone_5842,0.019425795146627598,0.0014319702968885063,0.019425795146627598,3,11,31,31,Meg,1,0.21745360025943325,11,0.8956015221870341,8.828171208356217
scDiffEq,dm10,Clone_685,0.0050770824053386005,0.00019663495422543914,0.0050770824053386005,3,21,18,18,Monocyte,2,0.0948658829099985,21,2.2438547105633093,9.754974854131712
scDiffEq,dm10,Clone_722,0.003945419283105533,0.00046401741891813553,0.003945419283105533,3,2,18,18,undiff,0,0.03728958569635448,2,0.014897505819378041,5.770397204110029
scDiffEq,dm10,Clone_766,0.008053341848530767,0.00032116919145035037,0.008053341848530767,3,38,37,37,Neutrophil,2,0.1210815502835224,38,3.508582348949434,9.398724839588569
scDiffEq,dm10,Clone_777,0.0119484669902276,0.001525501258570584,0.0119484669902276,3,1,22,22,Erythroid,2,0.17489720952718177,1,,
scDiffEq,dm10,Clone_862,0.0033409263214572668,0.000148783292901979,0.0033409263214572668,3,3,21,21,undiff,0,0.030167572564979702,3,0.026815525245022287,6.807423705182
scDiffEq,dm10,Clone_961,0.0051565271057322,0.00047100136583353683,0.0051565271057322,3,1,23,23,Monocyte,1,0.052456917900614165,1,,
scDiffEq,dm10,Clone_965,0.0105272013592952,0.00047494380945151365,0.0105272013592952,3,9,11,11,Neutrophil,1,0.04335901937142737,9,0.32812961290615106,4.715085674223594
scDiffEq,dm10,Clone_971,0.012457218616853767,0.00010974342311532713,0.012457218616853767,3,3,29,29,Monocyte,2,0.06889340954070368,3,0.15478277288639583,18.18883813482805
scDiffEq,pc30,Clone_1099,6.903436881051143,0.18941999055514025,6.903436881051143,3,9,47,47,Neutrophil,1,0.053959359129898465,9,0.29777317698898875,3.337828069267898
scDiffEq,pc30,Clone_123,16.478526385607665,0.24762804701914407,16.478526385607665,3,5,20,20,Monocyte,2,0.15722704683732244,5,0.037467114762215085,6.415137112580283
scDiffEq,pc30,Clone_1258,9.786982268595324,0.20182670155702853,9.786982268595324,3,3,22,22,Mast,2,0.09900429193938569,3,20.624729215903553,26.133309849855884
scDiffEq,pc30,Clone_1301,8.212239721827727,0.02660074884594511,8.212239721827727,3,4,30,30,Monocyte,1,0.03793767532434031,4,0.06186000294475383,6.19803119852318
scDiffEq,pc30,Clone_1305,7.173784881995448,0.10959001043455652,7.173784881995448,3,5,28,28,Meg,1,0.0179797039386251,5,0.5550304759957555,26.428597456370337
scDiffEq,pc30,Clone_1370,8.284728928875255,0.29308331432368756,8.284728928875255,3,12,19,19,Baso,1,0.03926130705362045,12,0.3240291367958321,8.369059259531936
scDiffEq,pc30,Clone_1404,16.39925817416024,0.12100259307204672,16.39925817416024,3,3,27,27,Monocyte,1,0.04995117992427936,3,0.00964406749029162,8.884967276354372
scDiffEq,pc30,Clone_1440,6.218225937605982,0.10481713558687518,6.218225937605982,3,16,18,18,undiff,0,0.07226473897493672,16,0.22763692122432397,7.619776527099585
scDiffEq,pc30,Clone_1479,9.428620307163795,0.4832107054606644,9.428620307163795,3,7,17,17,Mast,2,0.1370584143059133,7,0.5230322542383166,7.563059149692875
scDiffEq,pc30,Clone_1562,18.905683910555698,0.18416581552739658,18.905683910555698,3,2,23,23,Monocyte,1,0.041945954015674455,2,0.01161538143916909,3.522021547191701
scDiffEq,pc30,Clone_17,10.108649973549023,0.8260529365089079,10.108649973549023,3,4,22,22,Mast,1,0.06494028098519304,4,0.6844030529191332,19.73125013077922
scDiffEq,pc30,Clone_1967,8.706146030080523,0.0914700223757661,8.706146030080523,3,3,26,26,Monocyte,1,0.03640561259918894,3,0.020713241978456087,2.9477736277230657
scDiffEq,pc30,Clone_1972,12.514729200153342,0.26562917777375117,12.514729200153342,3,7,13,13,Baso,2,0.13725123613922102,7,2.675025161902477,10.49052026525043
scDiffEq,pc30,Clone_1998,16.86917381802836,0.07832684502198776,16.86917381802836,3,10,23,23,Monocyte,2,0.1423182842137415,10,6.949860529104069,30.72852575861241
scDiffEq,pc30,Clone_2039,11.21907997895537,0.3151407684451232,11.21907997895537,3,19,29,29,Monocyte,2,0.12277062374618217,19,2.7557158962022528,11.681538709433966
scDiffEq,pc30,Clone_2094,16.842295052637777,0.46012775809322926,16.842295052637777,3,7,23,23,Baso,2,0.05430278738110706,7,3.8538178110131516,17.04827261695845
scDiffEq,pc30,Clone_2109,14.98173209892915,0.5692716537021536,14.98173209892915,3,3,18,18,Baso,1,0.07032339916594173,3,2.974747834495287,13.592385899152859
scDiffEq,pc30,Clone_2111,16.259413736992176,0.3976792632476561,16.259413736992176,3,18,20,20,Neutrophil,2,0.08078452418450575,18,1.6119604989013196,7.8044678698900904
scDiffEq,pc30,Clone_2272,14.88705054333551,0.4394075360594122,14.88705054333551,3,5,23,23,Baso,2,0.12222408058193349,5,0.2346137980849938,4.667298953752019
scDiffEq,pc30,Clone_2281,18.998013345950813,0.10443734111750484,18.998013345950813,3,2,20,20,Monocyte,1,0.06649945459192291,2,0.026005285019009235,1.8566046229902842
scDiffEq,pc30,Clone_2387,14.612465719913972,0.2960094761406335,14.612465719913972,3,2,32,32,Monocyte,1,0.045202805437437966,2,0.12215015208036642,6.436911044268188
scDiffEq,pc30,Clone_2407,11.415656737423726,0.1586531611968663,11.415656737423726,3,2,27,27,Monocyte,2,0.030209314460111863,2,0.0363670033133063,2.9163751445345993
scDiffEq,pc30,Clone_2445,6.985350474491852,0.2577425690227643,6.985350474491852,3,4,18,18,undiff,0,0.03277816679819855,4,0.24408911927943375,7.960521955494343
scDiffEq,pc30,Clone_2490,20.508200527818563,0.12424845489298283,20.508200527818563,3,1,24,24,Baso,1,0.0714375538299548,1,,
scDiffEq,pc30,Clone_2585,10.345267124852409,0.32036625687250864,10.345267124852409,3,5,26,26,Baso,1,0.06257724589752804,5,0.4887596739832424,9.400750433049533
scDiffEq,pc30,Clone_2712,14.019223218044031,0.2514522259813217,14.019223218044031,3,3,20,20,Monocyte,1,0.05421281879936427,3,0.08668884255758623,4.541710583071635
scDiffEq,pc30,Clone_2735,19.238960951887574,0.023905895595762124,19.238960951887574,3,20,10,10,Monocyte,2,0.16732301294620547,20,4.610536081132733,13.558797550667286
scDiffEq,pc30,Clone_2768,8.868253333184752,0.42533960287508604,8.868253333184752,3,3,33,33,Baso,3,0.05223903918151864,3,0.28138516443175327,10.327101976518657
scDiffEq,pc30,Clone_3083,8.448930089463948,0.09509144372201449,8.448930089463948,3,3,28,28,Monocyte,1,0.021268575073960266,3,0.029011129114977947,4.9845196559107965
scDiffEq,pc30,Clone_3250,25.961427623726465,0.18036069413643652,25.961427623726465,3,5,84,84,Meg,3,0.21489887254115192,5,0.7386909921268279,13.510531343329792
scDiffEq,pc30,Clone_3269,15.40488132212331,0.47525407589140345,15.40488132212331,3,3,48,48,Mast,2,0.06774750030996113,3,0.2311131219726578,5.349833431922124
scDiffEq,pc30,Clone_3330,10.72143893699996,0.09396909679316276,10.72143893699996,3,18,22,22,Neutrophil,2,0.08219859655244563,18,1.141745852155684,5.62091920165215
scDiffEq,pc30,Clone_3336,9.135102030956885,0.19446174925419984,9.135102030956885,3,11,14,14,Neutrophil,1,0.02905610200385194,11,0.37168596294169925,4.9470671507570785
scDiffEq,pc30,Clone_3349,12.958658939349844,0.11920640345492958,12.958658939349844,3,2,33,33,Monocyte,3,0.08510469065270893,2,0.007409246483237295,2.9855483489218093
scDiffEq,pc30,Clone_3391,9.794193814007052,0.46787047009492105,9.794193814007052,3,2,20,20,Baso,1,0.049304815246206155,2,0.0031898759376497443,10.516659247656612
scDiffEq,pc30,Clone_3429,41.575944379552936,0.09018828432131713,41.575944379552936,3,20,1,1,Monocyte,1,0.0,20,1.2106735172871403,6.561291108224228
scDiffEq,pc30,Clone_3438,11.46872173990284,0.27003678183775,11.46872173990284,3,31,60,60,Monocyte,2,0.05403636556885514,31,1.8515856965966984,9.24900737000312
scDiffEq,pc30,Clone_3522,10.86511314398985,0.06718795513117733,10.86511314398985,3,6,41,41,Neutrophil,2,0.13405377074455824,6,0.7101373222154671,3.497397656656704
scDiffEq,pc30,Clone_358,7.2498711623542675,0.4110292789933566,7.2498711623542675,3,9,18,18,undiff,0,0.021143447576289647,9,0.12479959213126325,3.8640199482448963
scDiffEq,pc30,Clone_3585,11.307022366585779,0.4983973173948223,11.307022366585779,3,6,70,70,Baso,3,0.06845826625704189,6,2.5918908186280167,7.57290917923037
scDiffEq,pc30,Clone_3619,18.55914346648537,0.18526753394715703,18.55914346648537,3,2,24,24,Monocyte,1,0.03402846784521976,2,0.018038181964413612,6.091645300053623
scDiffEq,pc30,Clone_3682,10.76582454253654,0.2854489051804111,10.76582454253654,3,9,55,55,Baso,3,0.06771963051087009,9,0.32762931265207107,5.171878406383085
scDiffEq,pc30,Clone_3718,10.548718370931832,0.08124226230797749,10.548718370931832,3,4,29,29,undiff,0,0.021676354425988455,4,0.022966480440644012,5.791671691579242
scDiffEq,pc30,Clone_3736,12.00633263925127,0.14546203787066198,12.00633263925127,3,9,13,13,Monocyte,1,0.023466874751066718,9,1.7376384028382348,14.794947589668128
scDiffEq,pc30,Clone_374,14.850713096946434,0.19291207059577045,14.850713096946434,3,10,15,15,Neutrophil,1,0.06616983226232935,10,4.132377803817445,9.39538486096213
scDiffEq,pc30,Clone_3840,9.370652709651559,0.09093798699299073,9.370652709651559,3,35,46,46,Neutrophil,2,0.1449663979882648,35,2.0556227889900978,6.576694866473939
scDiffEq,pc30,Clone_3887,12.672543211233185,0.03491151350788217,12.672543211233185,3,19,28,28,Monocyte,2,0.04869020778965274,19,3.476511776859283,13.785224414532609
scDiffEq,pc30,Clone_398,19.346436663640432,0.09029930488419008,19.346436663640432,3,2,25,25,Meg,2,0.15351807517177313,2,4.455718918993581,12.844691127701376
scDiffEq,pc30,Clone_401,15.795407652840945,0.3815451381385267,15.795407652840945,3,2,21,21,undiff,0,0.009449906913408267,2,0.2927615511143181,6.016866547846647
scDiffEq,pc30,Clone_405,11.070098563757005,0.4244814587021367,11.070098563757005,3,18,24,24,Monocyte,2,0.05375761713677556,18,4.660732777437484,15.991837219935185
scDiffEq,pc30,Clone_4205,11.168572814676557,0.16737554260814783,11.168572814676557,3,5,16,16,Baso,1,0.03581221833879433,5,5.6779224662861845,30.622954423981827
scDiffEq,pc30,Clone_4226,6.515178662229617,0.11904409664755182,6.515178662229617,3,11,42,42,Monocyte,1,0.012150251433044212,11,0.20838978733154445,6.251213172478858
scDiffEq,pc30,Clone_4276,12.620949407564149,1.5895540777538084,12.620949407564149,3,2,23,23,Baso,2,0.1934655599160797,2,0.012509268371559253,3.7765158688102494
scDiffEq,pc30,Clone_4316,13.514110944668587,0.21705659769946917,13.514110944668587,3,11,9,9,Monocyte,2,0.04837580077314802,11,29.02447788355479,22.038395207847277
scDiffEq,pc30,Clone_4456,11.684654902030159,0.27543860548623406,11.684654902030159,3,4,16,16,Monocyte,1,0.036943296178177924,4,0.13814141869561275,7.263852993390859
scDiffEq,pc30,Clone_4483,9.72694438601276,0.25490275166624704,9.72694438601276,3,4,20,20,Neutrophil,2,0.1602617435581773,4,0.03898512500450519,4.865352645256264
scDiffEq,pc30,Clone_449,18.354552249296578,0.3272753639138081,18.354552249296578,3,3,27,27,Monocyte,1,0.06868739538943391,3,0.27409014173352764,5.2429907844997965
scDiffEq,pc30,Clone_4571,7.853489032043164,0.1595813161195756,7.853489032043164,3,4,27,27,Baso,2,0.1357723332643678,4,0.25609418945890317,7.061109485182975
scDiffEq,pc30,Clone_4604,18.758417197192134,0.055986057837526276,18.758417197192134,3,4,25,25,Monocyte,2,0.05356076429417436,4,0.044939384982890546,3.0536306497695627
scDiffEq,pc30,Clone_4665,11.501743934374423,0.15494225529684483,11.501743934374423,3,3,19,19,Neutrophil,3,0.14966562616430215,3,0.17695997318332657,9.240128549697486
scDiffEq,pc30,Clone_4683,12.625833250891722,0.4519980810417162,12.625833250891722,3,1,36,36,Erythroid,3,0.08348765003611086,1,,
scDiffEq,pc30,Clone_4774,14.282548743333008,0.2308834427417479,14.282548743333008,3,12,10,10,Neutrophil,2,0.05335751573019172,12,3.799525885687359,11.968227690319242
scDiffEq,pc30,Clone_478,4.3283577283929615,0.04360155847359818,4.3283577283929615,3,2,20,20,undiff,0,0.005217821387869499,2,0.030646718481618086,7.412988228499486
scDiffEq,pc30,Clone_4948,12.313031907595336,0.17666682465101258,12.313031907595336,3,27,17,17,Monocyte,2,0.14859350629385978,27,3.57026365785626,15.907369625636797
scDiffEq,pc30,Clone_4968,22.612014739062488,0.2117357839804557,22.612014739062488,3,8,30,30,Monocyte,2,0.10429341441030007,8,0.5435719615590234,4.13910423885042
scDiffEq,pc30,Clone_4996,17.695671265274083,0.40877816994111044,17.695671265274083,3,14,10,10,Neutrophil,1,0.07107146688614559,14,7.954690681829848,12.909653109980116
scDiffEq,pc30,Clone_5034,9.467604179349825,0.1852889525170873,9.467604179349825,3,4,21,21,Baso,1,0.159610443251006,4,0.12845476877794174,6.51458597028454
scDiffEq,pc30,Clone_5046,12.35538617889558,0.0445910218499437,12.35538617889558,3,2,25,25,Monocyte,2,0.036544332378646176,2,0.045417112350472855,3.935035469412358
scDiffEq,pc30,Clone_5198,9.365532981989722,0.28821457420890007,9.365532981989722,3,5,15,15,Baso,2,0.07567549446073076,5,0.8724133041043036,8.464522614417485
scDiffEq,pc30,Clone_5252,10.331000841090425,0.47900151292176457,10.331000841090425,3,9,21,21,undiff,0,0.014748342389116705,9,0.31226500236551347,7.85288886189962
scDiffEq,pc30,Clone_5287,21.186078450892747,0.08174197683223819,21.186078450892747,3,3,19,19,Monocyte,1,0.04374899620840231,3,0.0590240697163808,2.86214589353189
scDiffEq,pc30,Clone_5404,13.160480673109653,0.3330992990067277,13.160480673109653,3,23,33,33,Monocyte,2,0.05720455621213418,23,3.2381705817300763,14.366611171892627
scDiffEq,pc30,Clone_5480,21.601790486960976,0.1603115088052091,21.601790486960976,3,10,16,16,Monocyte,3,0.12649564163123084,10,7.337588514932368,18.383384883823638
scDiffEq,pc30,Clone_5483,8.128481480126668,0.27947516697962893,8.128481480126668,3,7,31,31,Baso,2,0.09449253928666737,7,0.04005269263211243,3.614142967506261
scDiffEq,pc30,Clone_5487,7.5429116628574375,0.27488949579466226,7.5429116628574375,3,11,10,10,Mast,1,0.04127145001699628,11,0.7283743790979443,9.897448906559015
scDiffEq,pc30,Clone_5518,6.558193861390983,0.1357064727505402,6.558193861390983,3,4,17,17,undiff,0,0.014316176176095553,4,0.011291597163589453,2.3765065038163797
scDiffEq,pc30,Clone_5523,7.547718587662396,0.18654271941909595,7.547718587662396,3,2,19,19,undiff,0,0.0050717912745230735,2,0.0014205264430334596,9.100217444356625
scDiffEq,pc30,Clone_5526,18.57912567457196,0.07019764506933761,18.57912567457196,3,3,17,17,Monocyte,1,0.031230358387934264,3,0.03602799911927636,5.257854544433243
scDiffEq,pc30,Clone_569,19.713017158902137,0.12838740904389404,19.713017158902137,3,3,19,19,Monocyte,1,0.05450518504582877,3,0.07908025592995396,5.453396173682699
scDiffEq,pc30,Clone_5717,11.297659253666934,0.7719754988166043,11.297659253666934,3,3,37,37,Mast,2,0.11087369308289872,3,0.8247957661025747,5.866889794030414
scDiffEq,pc30,Clone_5748,6.416951996167796,0.07507753985734796,6.416951996167796,3,5,26,26,undiff,0,0.032069898139824284,5,0.034482824066289844,7.943323453209238
scDiffEq,pc30,Clone_5791,12.98522627452167,0.3593694064539313,12.98522627452167,3,21,21,21,Baso,3,0.1665301798686713,21,4.142258093309941,17.87387451481119
scDiffEq,pc30,Clone_5793,8.018779325865816,0.3323840004818269,8.018779325865816,3,8,12,12,Meg,1,0.05049900483188226,8,1.3444364651155936,5.807091296949124
scDiffEq,pc30,Clone_5842,22.727117607467534,0.29889620823712093,22.727117607467534,3,11,31,31,Meg,1,0.21745360025943325,11,0.8956015221870341,8.828171208356217
scDiffEq,pc30,Clone_685,12.5941518072663,0.215106248718517,12.5941518072663,3,21,18,18,Monocyte,2,0.0948658829099985,21,2.2438547105633093,9.754974854131712
scDiffEq,pc30,Clone_722,7.143492251751979,0.16581895780897934,7.143492251751979,3,2,18,18,undiff,0,0.03728958569635448,2,0.014897505819378041,5.770397204110029
scDiffEq,pc30,Clone_766,15.211679342118176,0.2517822721135279,15.211679342118176,3,38,37,37,Neutrophil,2,0.1210815502835224,38,3.508582348949434,9.398724839588569
scDiffEq,pc30,Clone_777,14.87018534506898,0.2065878649823828,14.87018534506898,3,1,22,22,Erythroid,2,0.17489720952718177,1,,
scDiffEq,pc30,Clone_862,6.344935074578995,0.21783758500462805,6.344935074578995,3,3,21,21,undiff,0,0.030167572564979702,3,0.026815525245022287,6.807423705182
scDiffEq,pc30,Clone_961,18.703030572079197,0.04974474659861985,18.703030572079197,3,1,23,23,Monocyte,1,0.052456917900614165,1,,
scDiffEq,pc30,Clone_965,8.423396303505234,0.17105450585179005,8.423396303505234,3,9,11,11,Neutrophil,1,0.04335901937142737,9,0.32812961290615106,4.715085674223594
scDiffEq,pc30,Clone_971,15.68757793335327,0.27892370637087716,15.68757793335327,3,3,29,29,Monocyte,2,0.06889340954070368,3,0.15478277288639583,18.18883813482805
