,Baso,Ccr7_DC,Eos,Erythroid,Lymphoid,Mast,Meg,Monocyte,Neutrophil,pDC,clone_id,13k_cb
13199,0.0,0.0,0.0,0.0,0.0,0.0,0.0,1.0,0.0,0.0,Clone_1626,13199
13210,0.0,0.0,0.0,0.0,0.0,0.0,0.0,0.0,1.0,0.0,Clone_5039,13210
13226,0.0,0.0,0.0,0.0,0.0,0.0,1.0,0.0,0.0,0.0,Clone_4810,13226
13235,1.0,0.0,0.0,0.0,0.0,0.0,0.0,0.0,0.0,0.0,Clone_861,13235
13256,0.0,0.0,0.0,0.0,0.0,0.0,0.0,1.0,0.0,0.0,Clone_1161,13256
13258,0.0,0.0,0.0,0.0,0.0,0.0,0.0,0.0,1.0,0.0,Clone_2757,13258
13259,0.0,0.0,0.0,0.0,0.0,0.0,0.0,0.0,1.0,0.0,Clone_566,13259
13260,0.0,0.0,1.0,0.0,0.0,0.0,0.0,0.0,0.0,0.0,Clone_3627,13260
13266,0.0,0.0,0.0,0.0,0.0,0.0,0.0,0.0,1.0,0.0,Clone_1949,13266
13274,0.0909090909090909,0.0,0.0909090909090909,0.0,0.0,0.0,0.0,0.0,0.8181818181818182,0.0,Clone_5070,13274
13291,0.0,0.0,0.0,0.0,0.0,0.0,0.0,0.0,1.0,0.0,Clone_4836,13291
13300,0.0,0.0,0.0,0.0,0.0,0.0,0.0,0.0,1.0,0.0,Clone_1909,13300
13302,0.0,0.0,0.0,0.0,0.0,0.0,0.0,0.0,1.0,0.0,Clone_1655,13302
13313,0.0,0.0,0.0,0.0,0.0,0.0,0.0,0.3260869565217391,0.6739130434782609,0.0,Clone_4141,13313
13314,0.0,0.0,0.0,0.0,0.0,0.0,0.0,0.0,1.0,0.0,Clone_2448,13314
13322,0.0,0.0,0.0,0.0,0.0,0.0,0.0,0.0,1.0,0.0,Clone_4054,13322
13341,0.0,0.0,0.0,0.0,0.0,0.0,0.0,1.0,0.0,0.0,Clone_336,13341
13350,0.0,0.0,0.0,0.0,0.0,0.0,0.0,0.0,1.0,0.0,Clone_1949,13350
13352,0.0,0.0,0.0,0.0,0.0,0.0,0.0,1.0,0.0,0.0,Clone_80,13352
13353,0.0,0.0,0.0,0.0,0.0,1.0,0.0,0.0,0.0,0.0,Clone_1304,13353
13361,0.0,0.0,0.0,0.0,0.0,0.0,0.0,0.0,1.0,0.0,Clone_1909,13361
13366,0.0,0.0,0.0,0.0,0.0,0.0,0.0,0.0,1.0,0.0,Clone_4581,13366
13371,0.0,0.0,0.0,0.0,0.0,0.0,0.0,0.0,1.0,0.0,Clone_1110,13371
13375,0.0,0.0,0.0,0.0,0.0,0.0,0.0,0.5,0.5,0.0,Clone_960,13375
13389,1.0,0.0,0.0,0.0,0.0,0.0,0.0,0.0,0.0,0.0,Clone_1221,13389
13401,1.0,0.0,0.0,0.0,0.0,0.0,0.0,0.0,0.0,0.0,Clone_4991,13401
13407,0.8,0.0,0.0,0.0,0.0,0.0,0.0,0.0,0.2,0.0,Clone_1557,13407
13418,1.0,0.0,0.0,0.0,0.0,0.0,0.0,0.0,0.0,0.0,Clone_4232,13418
13419,1.0,0.0,0.0,0.0,0.0,0.0,0.0,0.0,0.0,0.0,Clone_5510,13419
13434,0.0,0.0,0.0,0.0,0.0,0.0,1.0,0.0,0.0,0.0,Clone_783,13434
13437,1.0,0.0,0.0,0.0,0.0,0.0,0.0,0.0,0.0,0.0,Clone_4020,13437
13456,0.0,0.0,0.0,0.0,0.0,0.0,0.0,0.0,1.0,0.0,Clone_4236,13456
13463,0.0,0.0,0.0,0.0,0.0,0.0,0.0,0.0,0.0,1.0,Clone_5442,13463
13483,0.0,0.0,0.0,0.0,0.0,0.0,0.0,1.0,0.0,0.0,Clone_3696,13483
13484,0.0,0.0,0.0,0.0,0.0,0.0,0.0,0.4285714285714285,0.5714285714285714,0.0,Clone_3425,13484
13489,1.0,0.0,0.0,0.0,0.0,0.0,0.0,0.0,0.0,0.0,Clone_4866,13489
13495,0.0,0.0,0.0,0.0,0.0,0.0,0.0,0.1428571428571428,0.8571428571428571,0.0,Clone_2693,13495
13498,0.0,0.0,0.0,0.0,0.0,0.0,0.0,0.0,1.0,0.0,Clone_2919,13498
13512,0.0,0.0,0.0,0.0,0.0,0.0,0.0,0.0,1.0,0.0,Clone_725,13512
13523,0.0,0.0,0.0,0.0,0.0,0.0,0.0,0.0,1.0,0.0,Clone_116,13523
13525,0.0,0.0,0.0,0.0,0.0,0.0,0.0,0.2,0.8,0.0,Clone_1452,13525
13526,0.0,0.0,0.0,0.0,0.0,0.0,0.0,0.0,1.0,0.0,Clone_3024,13526
13558,0.0,0.0,0.0,0.0,0.0,0.0,0.0,0.0,1.0,0.0,Clone_5340,13558
13562,0.0,0.0,0.0,0.0,0.0,0.0,0.0,0.0,1.0,0.0,Clone_2757,13562
13567,0.0,0.0,0.0,0.0,0.0,0.0,0.0,0.0,1.0,0.0,Clone_5672,13567
13592,0.0,0.0,0.0,0.0,0.0,0.0,0.0,0.0,1.0,0.0,Clone_4836,13592
13609,0.9,0.0,0.0,0.0,0.0,0.0,0.0,0.1,0.0,0.0,Clone_5461,13609
13611,0.0,0.0,0.0,0.0,0.0,0.0,0.0,0.5833333333333334,0.4166666666666667,0.0,Clone_2196,13611
13614,0.0,0.0,0.0,0.0,0.0,0.0,0.0,1.0,0.0,0.0,Clone_4323,13614
13616,0.0,0.0,0.0,0.0,0.0,0.0,0.0,1.0,0.0,0.0,Clone_3959,13616
13621,0.027027027027027,0.0,0.0,0.0,0.0,0.027027027027027,0.0,0.3513513513513513,0.5945945945945946,0.0,Clone_3529,13621
13639,0.0,0.0,0.0,0.0,0.0,0.0,0.0,0.0,1.0,0.0,Clone_1949,13639
13642,0.0,0.0,0.0,0.0,0.0,0.0,0.0,0.0,1.0,0.0,Clone_4877,13642
13652,0.0,0.0,0.0,0.0,0.0,0.8333333333333334,0.1666666666666666,0.0,0.0,0.0,Clone_1062,13652
13656,0.0,0.0,0.0,0.0,0.0,0.0,0.0,0.0,1.0,0.0,Clone_4414,13656
13663,0.1176470588235294,0.0,0.0,0.0,0.0,0.8823529411764706,0.0,0.0,0.0,0.0,Clone_3654,13663
13678,1.0,0.0,0.0,0.0,0.0,0.0,0.0,0.0,0.0,0.0,Clone_4778,13678
13681,0.0,0.0,0.0,0.0,0.0,0.0,0.0,0.1111111111111111,0.8888888888888888,0.0,Clone_794,13681
13697,0.0,0.0,0.0,0.0,0.0,0.0,0.0,0.0,1.0,0.0,Clone_3424,13697
13719,0.0,0.0,0.0,0.0,0.0,1.0,0.0,0.0,0.0,0.0,Clone_1664,13719
13725,0.0,0.0,0.0,0.0,0.0,0.0,0.0,0.0,1.0,0.0,Clone_4802,13725
13742,0.0,0.0,0.0,0.0,0.0,0.0,0.0,0.9,0.1,0.0,Clone_1861,13742
13752,0.0,0.0,0.0,0.0,0.0,0.0,0.0,1.0,0.0,0.0,Clone_5751,13752
13760,0.0,0.0,0.0,0.0,0.0,0.0,0.0,1.0,0.0,0.0,Clone_529,13760
13763,0.0,0.0,0.0,0.0,0.0,0.0,0.0,0.0,1.0,0.0,Clone_4647,13763
13765,0.5,0.0,0.0,0.0,0.0,0.0,0.0,0.0,0.5,0.0,Clone_1648,13765
13769,0.0,0.0,0.0,0.0,0.0,0.0,0.0,0.8571428571428571,0.1428571428571428,0.0,Clone_333,13769
13780,0.0,0.0,0.0,0.0,0.0,0.0,0.0,0.1428571428571428,0.8571428571428571,0.0,Clone_4211,13780
13786,0.0,0.0,0.0,0.0,0.0,0.0,0.0,0.0,1.0,0.0,Clone_4581,13786
13803,0.0,0.0,0.0,0.0,0.0,0.0,0.0,0.0,1.0,0.0,Clone_563,13803
13816,0.0,0.0,0.0,0.0,0.0,0.0,0.0,0.3684210526315789,0.631578947368421,0.0,Clone_704,13816
13817,0.0,0.0,0.0,0.0,0.5,0.0,0.0,0.5,0.0,0.0,Clone_3103,13817
13824,0.0,0.0,0.0,0.0,0.0,0.0,0.0,0.0,1.0,0.0,Clone_535,13824
13827,0.0,0.0,0.0,0.0,0.0,0.0,0.0,0.0,1.0,0.0,Clone_1923,13827
13839,0.0,0.0,0.0,0.0,0.0,0.0,0.0,0.0,1.0,0.0,Clone_5176,13839
13842,0.0,0.0,0.0,0.0,0.0,0.0,0.0,0.0,1.0,0.0,Clone_4839,13842
13876,0.0,0.1,0.0,0.0,0.0,0.0,0.0,0.9,0.0,0.0,Clone_5721,13876
13879,0.0,0.0,0.0,0.0,0.0,0.0,0.0,1.0,0.0,0.0,Clone_260,13879
13880,0.0,0.0,0.0,0.0,0.0,0.0,0.0,0.0,1.0,0.0,Clone_2919,13880
13882,1.0,0.0,0.0,0.0,0.0,0.0,0.0,0.0,0.0,0.0,Clone_5445,13882
13887,0.0,0.0,0.0,0.0,0.0,0.0,0.0,0.0,1.0,0.0,Clone_3762,13887
13892,0.0,0.0,0.0,0.0,0.0,0.0,0.0,0.0,1.0,0.0,Clone_3647,13892
13895,0.0,0.0,0.0,0.0,0.0,0.0,1.0,0.0,0.0,0.0,Clone_4810,13895
13897,0.0,0.1,0.0,0.0,0.0,0.0,0.0,0.9,0.0,0.0,Clone_5721,13897
13911,1.0,0.0,0.0,0.0,0.0,0.0,0.0,0.0,0.0,0.0,Clone_4096,13911
13913,1.0,0.0,0.0,0.0,0.0,0.0,0.0,0.0,0.0,0.0,Clone_1706,13913
13933,1.0,0.0,0.0,0.0,0.0,0.0,0.0,0.0,0.0,0.0,Clone_4232,13933
13940,0.0,0.0,0.0,0.6666666666666666,0.0,0.0,0.3333333333333333,0.0,0.0,0.0,Clone_1925,13940
13941,0.0,0.0,0.0,0.0,0.0,0.0,0.0,0.2727272727272727,0.7272727272727273,0.0,Clone_737,13941
13964,1.0,0.0,0.0,0.0,0.0,0.0,0.0,0.0,0.0,0.0,Clone_31,13964
13966,0.9,0.0,0.0,0.0,0.0,0.0,0.0,0.1,0.0,0.0,Clone_5461,13966
13981,0.0,0.0,0.0,0.0,0.0,0.0,0.0,0.1428571428571428,0.8571428571428571,0.0,Clone_4211,13981
13989,0.0,0.0,0.0,0.0,0.0,0.0,0.0,1.0,0.0,0.0,Clone_4541,13989
13991,0.0,0.0,0.0,0.0,0.0,0.0,1.0,0.0,0.0,0.0,Clone_2217,13991
14007,0.0,0.0,0.0,0.0,0.0,1.0,0.0,0.0,0.0,0.0,Clone_464,14007
14009,0.0,0.0,0.0,0.0,0.0,0.0,0.0,0.0,1.0,0.0,Clone_3272,14009
14011,1.0,0.0,0.0,0.0,0.0,0.0,0.0,0.0,0.0,0.0,Clone_1087,14011
14018,0.0,0.0,0.0,0.0,0.0,0.0,0.0,0.8823529411764706,0.1176470588235294,0.0,Clone_2042,14018
14019,1.0,0.0,0.0,0.0,0.0,0.0,0.0,0.0,0.0,0.0,Clone_4052,14019
14020,0.0,0.0,0.0,0.0,0.0,0.0,0.0,0.0,1.0,0.0,Clone_407,14020
14038,0.0,0.0,0.0,0.2,0.0,0.0,0.8,0.0,0.0,0.0,Clone_2145,14038
14040,0.0,0.0,0.0,0.0,0.0,0.0,0.0,0.2857142857142857,0.7142857142857143,0.0,Clone_2634,14040
14061,0.0,0.0,0.0,0.0,0.0,0.0,1.0,0.0,0.0,0.0,Clone_3739,14061
14076,1.0,0.0,0.0,0.0,0.0,0.0,0.0,0.0,0.0,0.0,Clone_3110,14076
14087,0.0,0.0,0.0,0.0,0.0,0.0,0.0,0.0,1.0,0.0,Clone_3674,14087
14089,0.0,0.0,0.0,0.0,0.0,0.0,0.0,0.0,1.0,0.0,Clone_5492,14089
14097,0.0,0.0,0.0,0.0,0.0,0.0,0.0,0.0,1.0,0.0,Clone_5052,14097
14099,0.0,0.0,0.0,0.0,0.0,0.0,0.0,1.0,0.0,0.0,Clone_3169,14099
14106,0.0,0.0,0.0,0.0,0.0,0.0,0.0,0.0,1.0,0.0,Clone_1984,14106
14125,0.0,0.0,0.0,0.0,0.0,0.0,1.0,0.0,0.0,0.0,Clone_4671,14125
14128,0.0,0.0,0.0,0.0,0.0,0.0,0.0,0.0,1.0,0.0,Clone_3513,14128
14129,0.0,0.0,0.0,0.0,0.0,0.0,0.0,1.0,0.0,0.0,Clone_944,14129
14159,0.0,0.0,0.0,0.0,0.0,0.0,0.0,0.0,1.0,0.0,Clone_431,14159
14184,0.0,0.0,0.0,0.0,0.0,0.0,0.25,0.0,0.75,0.0,Clone_4757,14184
14199,0.0,0.0,0.0,0.0,0.0,0.0,0.0,0.1428571428571428,0.8571428571428571,0.0,Clone_4211,14199
14213,1.0,0.0,0.0,0.0,0.0,0.0,0.0,0.0,0.0,0.0,Clone_468,14213
14214,0.0,0.0,0.0,0.0,0.0,0.0,0.0,1.0,0.0,0.0,Clone_1001,14214
14220,0.25,0.0,0.0,0.0,0.0,0.0,0.0,0.0,0.75,0.0,Clone_3132,14220
14224,1.0,0.0,0.0,0.0,0.0,0.0,0.0,0.0,0.0,0.0,Clone_4864,14224
14226,0.4166666666666667,0.0,0.0,0.0,0.0,0.5,0.0,0.0833333333333333,0.0,0.0,Clone_3638,14226
14227,0.0,0.0,0.0,0.0,0.0,0.0,0.0,0.0,1.0,0.0,Clone_1616,14227
14238,1.0,0.0,0.0,0.0,0.0,0.0,0.0,0.0,0.0,0.0,Clone_1221,14238
14247,0.0,0.0,0.0,0.0,0.0,0.0,0.0,1.0,0.0,0.0,Clone_3401,14247
14268,0.0,0.0,0.0,0.0,0.0,0.5714285714285714,0.0,0.0,0.4285714285714285,0.0,Clone_3571,14268
14277,0.0,0.0,0.0,0.0,0.0,0.0,0.0,0.0,1.0,0.0,Clone_1074,14277
14288,0.0,0.0,0.0,0.0,0.0,0.0,0.0,0.5,0.5,0.0,Clone_482,14288
14310,0.0384615384615384,0.0,0.0,0.0,0.0,0.0,0.0,0.1923076923076923,0.7692307692307693,0.0,Clone_2689,14310
14327,0.0,0.0,0.0,0.0,0.0,0.0,0.0,0.0,1.0,0.0,Clone_4600,14327
14336,0.0,0.0,0.0,0.0,0.0,0.0,0.0,0.0,1.0,0.0,Clone_4288,14336
14348,0.25,0.0,0.0,0.0,0.0,0.0,0.0,0.0,0.75,0.0,Clone_1339,14348
14352,0.0,0.0,0.0,0.0,0.0,0.0,0.0,1.0,0.0,0.0,Clone_209,14352
14362,1.0,0.0,0.0,0.0,0.0,0.0,0.0,0.0,0.0,0.0,Clone_4778,14362
14363,0.0,0.0,0.0,0.0,0.0,0.0,0.0,0.0,1.0,0.0,Clone_5818,14363
14374,0.0,0.0,0.0,0.0,0.0,0.0,1.0,0.0,0.0,0.0,Clone_1248,14374
14384,0.0,0.0,0.0,0.0,0.0,0.0,0.0,0.0,1.0,0.0,Clone_5367,14384
14385,0.0,0.0,0.0,0.0,0.0,0.0,0.0,0.0,1.0,0.0,Clone_2156,14385
14387,0.0,0.0,0.0,0.0,0.0,1.0,0.0,0.0,0.0,0.0,Clone_2650,14387
14395,0.0,0.0,0.0,0.0,0.0,0.0,0.0,0.0,1.0,0.0,Clone_725,14395
14410,0.0,0.0,0.0,0.0,0.0,0.0,0.0,0.0,1.0,0.0,Clone_524,14410
14420,0.0,0.0,0.0,0.0,0.0,0.0,0.0,0.0,1.0,0.0,Clone_5805,14420
14423,0.0,0.0,0.0,0.0,0.0,0.0,0.0,0.0,1.0,0.0,Clone_3260,14423
14449,1.0,0.0,0.0,0.0,0.0,0.0,0.0,0.0,0.0,0.0,Clone_5510,14449
14452,0.0,0.0,0.0,0.0,0.0,0.0,0.0,0.0,1.0,0.0,Clone_5784,14452
14456,0.0,0.0,0.0,0.0,0.0,0.0,0.0,1.0,0.0,0.0,Clone_434,14456
14471,0.0,0.0,0.0,0.0,0.0,0.0,0.0,1.0,0.0,0.0,Clone_308,14471
14492,0.0,0.0,0.0,0.0,0.0,0.0,0.0,1.0,0.0,0.0,Clone_3169,14492
14497,1.0,0.0,0.0,0.0,0.0,0.0,0.0,0.0,0.0,0.0,Clone_4179,14497
14502,0.0,0.0,0.0,0.0,0.0,0.0,0.0,0.0,1.0,0.0,Clone_2612,14502
14508,0.0,0.0,0.0,0.0,0.0,0.0,0.0,0.0,1.0,0.0,Clone_4288,14508
14511,0.0,0.0,0.0,0.0,0.0,0.0,0.0,0.0,1.0,0.0,Clone_3998,14511
14521,1.0,0.0,0.0,0.0,0.0,0.0,0.0,0.0,0.0,0.0,Clone_4260,14521
14522,0.0,0.0,0.0,0.0,0.0,0.0,0.0,0.0,1.0,0.0,Clone_5832,14522
14532,0.0,0.0,0.0,0.0,0.0,0.0,0.0,1.0,0.0,0.0,Clone_4852,14532
14544,0.0,0.0,0.0,0.0,0.0,0.0,0.0,0.0,1.0,0.0,Clone_1485,14544
14549,0.0,0.0,0.0,0.0,0.0,0.0,0.0,0.0,1.0,0.0,Clone_518,14549
14566,0.0,0.0,0.0,0.0,0.0,0.0,0.0,0.0,1.0,0.0,Clone_865,14566
14584,0.0,0.0,0.0,0.0,0.0,0.0,0.0,0.0,1.0,0.0,Clone_3632,14584
14589,0.0,0.0,0.0,0.0,0.0,0.0,0.0,0.0,1.0,0.0,Clone_4277,14589
14606,0.0,0.0,0.0,0.0,0.0,0.0,0.0,0.0,1.0,0.0,Clone_4513,14606
14613,0.0,0.0,0.0,0.0,0.0,0.0,0.0,0.0,1.0,0.0,Clone_4392,14613
14615,0.0,0.0,0.0,0.0,0.0,0.0,0.0,1.0,0.0,0.0,Clone_1829,14615
14637,0.0,0.0,0.0,0.0,0.0,0.0,1.0,0.0,0.0,0.0,Clone_3920,14637
14675,0.0,0.0,0.0,0.0,0.0,0.0,0.0,0.1875,0.8125,0.0,Clone_1989,14675
14701,0.0,0.0,0.0,0.0,0.0,0.0,0.0,1.0,0.0,0.0,Clone_343,14701
14703,0.0,0.0,0.0,0.0,0.0,0.0,0.0,0.0,1.0,0.0,Clone_4057,14703
14714,0.0,0.0,0.0,0.0,0.0,0.0,0.0,0.0,1.0,0.0,Clone_1906,14714
14725,0.0,0.0,0.6666666666666666,0.0,0.0,0.0,0.0,0.0,0.3333333333333333,0.0,Clone_2343,14725
14726,0.0,0.0,0.0,0.0,0.0,0.0,0.0,0.0,1.0,0.0,Clone_3196,14726
14736,0.0,0.0,0.0,0.0,0.0,0.0,0.0,0.5,0.5,0.0,Clone_1736,14736
14741,0.0,0.0,0.0,0.0,0.0,0.0,0.0,0.0,1.0,0.0,Clone_3492,14741
14749,0.0,0.0,0.0,0.0,0.0,0.0,0.0,1.0,0.0,0.0,Clone_5798,14749
14775,0.0,0.0,0.0,0.0,0.0,0.0,0.0,0.0,1.0,0.0,Clone_3770,14775
14778,0.6,0.0,0.0,0.0,0.0,0.4,0.0,0.0,0.0,0.0,Clone_1349,14778
14785,0.0,0.0,0.0,0.0,0.0,0.0,0.0,1.0,0.0,0.0,Clone_1378,14785
14807,0.0,0.0,0.0,0.0,0.0,1.0,0.0,0.0,0.0,0.0,Clone_2397,14807
14810,0.1,0.0,0.0,0.0,0.0,0.0,0.0,0.0,0.9,0.0,Clone_5313,14810
14814,0.0,0.0,0.0,0.0,0.0,0.0,0.0,0.8620689655172413,0.1379310344827586,0.0,Clone_2569,14814
14845,0.0,0.0,0.0,0.0,0.0,0.0,0.0,0.0,1.0,0.0,Clone_1879,14845
14848,0.0,0.0,0.0,0.0,0.0,0.0,0.0,0.0,1.0,0.0,Clone_1408,14848
14861,0.8333333333333334,0.0,0.1666666666666666,0.0,0.0,0.0,0.0,0.0,0.0,0.0,Clone_1910,14861
14868,0.0,0.0,0.0,0.0,0.0,0.0,1.0,0.0,0.0,0.0,Clone_1842,14868
14903,1.0,0.0,0.0,0.0,0.0,0.0,0.0,0.0,0.0,0.0,Clone_5728,14903
14909,0.0,0.0,0.0,0.0,0.0,0.0,1.0,0.0,0.0,0.0,Clone_1080,14909
14930,0.0,0.0,0.0,0.0,0.0,1.0,0.0,0.0,0.0,0.0,Clone_3517,14930
14936,0.0,0.0,0.0,0.0,0.0,0.0,0.0,1.0,0.0,0.0,Clone_4024,14936
14942,0.0,0.0,0.0,0.0,0.0,1.0,0.0,0.0,0.0,0.0,Clone_4107,14942
14964,0.0,0.0,0.0,0.0,0.0,0.0,0.0,0.0,1.0,0.0,Clone_4414,14964
14968,0.0,0.0,0.0,0.0,0.0,0.0,0.0,1.0,0.0,0.0,Clone_4173,14968
14978,0.0,0.0,0.0,0.0,0.0,0.0,0.0,0.0,1.0,0.0,Clone_3414,14978
14982,0.0,0.0,0.0,0.0,0.0,0.0,0.0,0.2,0.8,0.0,Clone_979,14982
14985,0.0,0.0,0.0,0.0,0.0,0.0,1.0,0.0,0.0,0.0,Clone_3043,14985
14987,1.0,0.0,0.0,0.0,0.0,0.0,0.0,0.0,0.0,0.0,Clone_1033,14987
14991,1.0,0.0,0.0,0.0,0.0,0.0,0.0,0.0,0.0,0.0,Clone_468,14991
14997,1.0,0.0,0.0,0.0,0.0,0.0,0.0,0.0,0.0,0.0,Clone_3317,14997
15006,0.0,0.0,0.0,0.0,0.0,0.0,0.0,0.0,1.0,0.0,Clone_1630,15006
15012,0.0,0.0,0.0,0.0,0.0,0.0,0.0,0.1794871794871795,0.8205128205128205,0.0,Clone_3530,15012
15032,0.0,0.0,0.0,0.0,0.0,0.0,0.0,0.5,0.5,0.0,Clone_482,15032
15056,0.0,0.0,0.0,0.0,0.0,0.0,0.0,0.3076923076923077,0.6923076923076923,0.0,Clone_3296,15056
15066,0.0,0.0,0.0,0.0,0.0,0.0,0.0,0.0,1.0,0.0,Clone_1949,15066
15077,0.0,0.0,0.0,0.0,0.0,0.0,0.0,0.4285714285714285,0.5714285714285714,0.0,Clone_3425,15077
15084,0.0,0.0,0.0,0.0,0.0,0.0,1.0,0.0,0.0,0.0,Clone_5683,15084
15089,1.0,0.0,0.0,0.0,0.0,0.0,0.0,0.0,0.0,0.0,Clone_5119,15089
15097,0.0,0.0,0.0,0.0,1.0,0.0,0.0,0.0,0.0,0.0,Clone_5372,15097
15119,0.0,0.0909090909090909,0.0,0.0,0.2727272727272727,0.0,0.0,0.6363636363636364,0.0,0.0,Clone_3291,15119
15123,0.0,0.0,0.0,0.0,0.0,1.0,0.0,0.0,0.0,0.0,Clone_2908,15123
15170,0.0,0.0,0.0,0.0,0.0,0.0,0.0,0.0,1.0,0.0,Clone_2536,15170
15171,0.0,0.0,0.0,0.0,0.0,0.0,0.0,1.0,0.0,0.0,Clone_1109,15171
15182,0.0,0.0,0.0,0.0,0.0,0.0,0.0,0.0,1.0,0.0,Clone_4488,15182
15198,0.0,0.0,0.0,0.0,0.0,0.0,1.0,0.0,0.0,0.0,Clone_1080,15198
15207,1.0,0.0,0.0,0.0,0.0,0.0,0.0,0.0,0.0,0.0,Clone_4406,15207
15214,0.0,0.0,0.0,0.0,0.0,0.0,0.0,0.0,1.0,0.0,Clone_2021,15214
15216,0.0,0.0,0.0,0.0,0.0,0.0,0.0,0.0,1.0,0.0,Clone_1364,15216
15240,0.0,0.0,0.0,0.0,0.0,0.0,0.0,0.0,1.0,0.0,Clone_1927,15240
15241,0.0,0.0,0.0,0.0,0.0,0.0,0.0,1.0,0.0,0.0,Clone_13,15241
15266,0.0,0.0,0.0,0.0,0.0,0.0,0.0,0.0,1.0,0.0,Clone_2033,15266
15298,0.0,0.0,0.0,0.0,0.0,0.0,0.0,0.0,1.0,0.0,Clone_4288,15298
15307,0.0,0.0,0.0,0.0,0.0,0.0,0.0,1.0,0.0,0.0,Clone_1638,15307
15331,0.0,0.0,0.0,0.0,0.0,0.0,0.0,1.0,0.0,0.0,Clone_403,15331
15336,0.0,0.0,0.0,0.0,0.0,0.0,0.0,0.0,1.0,0.0,Clone_3918,15336
15345,0.0,0.0,0.0,0.0,0.0,0.0,0.0,0.1111111111111111,0.8888888888888888,0.0,Clone_794,15345
15352,0.0,0.0,0.0,0.0769230769230769,0.0,0.0,0.0,0.9230769230769232,0.0,0.0,Clone_1587,15352
15358,0.0,0.0,0.0,0.0,0.0,0.0,0.0,0.0,1.0,0.0,Clone_1960,15358
15360,0.0,0.0,0.0,0.0,0.0,0.0,0.0,0.0,1.0,0.0,Clone_4874,15360
15363,0.0,0.0,0.0,0.0,0.0,0.0,0.0,0.0,1.0,0.0,Clone_2751,15363
15368,0.0,0.0,0.0,0.0,0.0,0.0,0.0,1.0,0.0,0.0,Clone_3723,15368
15369,0.0,0.0,0.0,0.0,0.0,0.0,0.0,0.0,1.0,0.0,Clone_2783,15369
15394,0.0,0.0,0.0,0.0,0.0,0.0,1.0,0.0,0.0,0.0,Clone_4718,15394
15426,0.0,0.0,0.0,0.0,0.0,0.0,0.0,0.0,1.0,0.0,Clone_4839,15426
15432,0.0,0.0,0.0,0.0,0.0,0.0,0.0,0.0,1.0,0.0,Clone_2983,15432
15436,0.0,0.0,0.0,0.0,0.0,0.0,0.0,1.0,0.0,0.0,Clone_209,15436
15439,0.0,0.0,0.0,1.0,0.0,0.0,0.0,0.0,0.0,0.0,Clone_5087,15439
15446,0.0,0.0,0.0,0.0,0.0,0.0,0.0,0.0,1.0,0.0,Clone_5737,15446
15457,0.0,0.0,0.0,0.0,0.0,0.0,0.0,0.0,1.0,0.0,Clone_3951,15457
15461,0.0,0.0,0.0,0.0,0.0,0.0,0.0,0.1875,0.8125,0.0,Clone_1989,15461
15462,0.8333333333333334,0.0,0.1666666666666666,0.0,0.0,0.0,0.0,0.0,0.0,0.0,Clone_1910,15462
15470,0.0,0.0,0.0,0.0,0.0,0.0,0.0,0.0,1.0,0.0,Clone_3951,15470
15471,0.0,0.0,0.0,0.0,0.0,0.0,0.0,0.7894736842105263,0.2105263157894736,0.0,Clone_2187,15471
15490,0.0,0.0,0.0,0.0,0.0,0.2,0.8,0.0,0.0,0.0,Clone_4517,15490
15498,1.0,0.0,0.0,0.0,0.0,0.0,0.0,0.0,0.0,0.0,Clone_861,15498
15508,0.0,0.0,0.0,0.0,0.0,0.0,0.0,0.0,1.0,0.0,Clone_2485,15508
15522,0.0,0.0,0.0,0.0,0.0,0.0,0.0,0.0,1.0,0.0,Clone_1673,15522
15526,0.0,0.0,0.0,0.0,0.0,0.0,0.0,0.0,1.0,0.0,Clone_4144,15526
15535,0.0,0.0,0.0,0.0,0.0,0.0,0.0,0.0,1.0,0.0,Clone_1960,15535
15537,0.0,0.0,0.0,0.0,0.0,0.0,0.0,0.3260869565217391,0.6739130434782609,0.0,Clone_4141,15537
15550,0.8,0.0,0.0,0.0,0.0,0.0,0.2,0.0,0.0,0.0,Clone_754,15550
15558,0.0,0.0,0.0,0.0,0.0,0.0,0.0,0.3260869565217391,0.6739130434782609,0.0,Clone_4141,15558
15563,0.0,0.0,0.0,0.0,0.0,0.0,0.0,0.0,1.0,0.0,Clone_5440,15563
15564,0.0,0.0,0.0,0.0,0.0,0.0,0.0,1.0,0.0,0.0,Clone_4126,15564
15565,0.0,0.0,0.0,0.0,0.0,0.0,0.0,1.0,0.0,0.0,Clone_4708,15565
15590,0.0,0.0,0.0,0.0,0.0,0.0,0.0,0.0,1.0,0.0,Clone_3196,15590
15596,0.0,0.0,0.0,0.0,0.0,1.0,0.0,0.0,0.0,0.0,Clone_2650,15596
15597,0.75,0.0,0.25,0.0,0.0,0.0,0.0,0.0,0.0,0.0,Clone_2414,15597
15614,0.0,0.0,0.0,0.0,0.0,0.0,0.0,1.0,0.0,0.0,Clone_1626,15614
15620,0.0,0.0,0.0,0.0,0.0,0.0,0.0,0.4285714285714285,0.5714285714285714,0.0,Clone_3425,15620
15628,0.0,0.0,0.0,0.0,0.0,0.0,0.0,0.9230769230769232,0.0769230769230769,0.0,Clone_67,15628
15632,0.0,0.0,0.0,0.0,0.0,0.0,0.0,0.1111111111111111,0.8888888888888888,0.0,Clone_794,15632
15643,1.0,0.0,0.0,0.0,0.0,0.0,0.0,0.0,0.0,0.0,Clone_3271,15643
15653,0.0,0.0,0.0,0.0,0.2,0.0,0.0,0.8,0.0,0.0,Clone_1317,15653
15655,0.0,0.0,0.0,0.0,0.0,0.0,1.0,0.0,0.0,0.0,Clone_2099,15655
15665,0.0,1.0,0.0,0.0,0.0,0.0,0.0,0.0,0.0,0.0,Clone_1245,15665
15667,0.0,1.0,0.0,0.0,0.0,0.0,0.0,0.0,0.0,0.0,Clone_1245,15667
15678,0.0,0.0,0.0,0.0,0.0,0.0,0.0,0.2142857142857142,0.7857142857142857,0.0,Clone_633,15678
15704,0.0,0.0,0.0,0.0,0.0,0.0,0.0,0.0,1.0,0.0,Clone_4033,15704
15707,0.0,0.0,0.0,0.0,0.0,0.0,1.0,0.0,0.0,0.0,Clone_1080,15707
15712,0.0,0.0,0.0,0.0,0.2,0.0,0.0,0.8,0.0,0.0,Clone_1317,15712
15716,0.0,0.0,0.0,0.0,0.0,0.0,0.0,0.0,1.0,0.0,Clone_3257,15716
15720,0.0,0.0,0.0,0.0,0.0,0.0,0.0,0.0,1.0,0.0,Clone_2567,15720
15721,0.0,0.0,0.0,0.0,0.0,0.0,0.0,0.0,1.0,0.0,Clone_4693,15721
15739,0.0,0.0,0.0,0.0,0.0,0.0,0.0,1.0,0.0,0.0,Clone_4126,15739
15741,0.0,0.0,0.0,0.0,0.0,0.0,0.0,0.0,1.0,0.0,Clone_503,15741
15747,0.0,0.0,0.0,0.0,0.0,0.0,0.0,0.8571428571428571,0.1428571428571428,0.0,Clone_333,15747
15760,0.0,0.0,0.0,0.0,0.0,0.0,1.0,0.0,0.0,0.0,Clone_1193,15760
15789,0.0,0.0,0.0,0.0,0.0,0.0,0.0,0.0,1.0,0.0,Clone_767,15789
15790,0.0,0.0,0.6666666666666666,0.0,0.0,0.0,0.0,0.0,0.3333333333333333,0.0,Clone_2343,15790
15808,0.0,0.0,0.0,0.0,0.0,0.0,0.0,1.0,0.0,0.0,Clone_489,15808
15814,1.0,0.0,0.0,0.0,0.0,0.0,0.0,0.0,0.0,0.0,Clone_4864,15814
15817,0.0,0.0,0.0,1.0,0.0,0.0,0.0,0.0,0.0,0.0,Clone_1239,15817
15821,0.0,0.0,0.0,0.0,0.0,0.0,1.0,0.0,0.0,0.0,Clone_3009,15821
15826,0.0,0.0,0.0,0.0,0.0,0.0,0.0,0.0,1.0,0.0,Clone_1215,15826
15830,0.0,0.0,0.0,0.0,0.0,1.0,0.0,0.0,0.0,0.0,Clone_5004,15830
15842,0.0,0.0,0.0,0.0,0.0,0.0,0.0,0.0,1.0,0.0,Clone_3572,15842
15846,0.0,0.0,0.0,0.0,0.0,1.0,0.0,0.0,0.0,0.0,Clone_5159,15846
15852,0.0,0.0,0.0,0.0,0.0,0.0,0.0,0.4444444444444444,0.5555555555555556,0.0,Clone_4412,15852
15855,1.0,0.0,0.0,0.0,0.0,0.0,0.0,0.0,0.0,0.0,Clone_4435,15855
15858,0.0,0.0,0.0,0.0,0.0,0.0,0.0,0.0,1.0,0.0,Clone_1616,15858
15865,0.0,0.0,0.0,0.0,0.0,0.0,0.0,0.0,1.0,0.0,Clone_3024,15865
15881,0.0,0.0,0.0,0.0,0.0,0.0,0.0,0.0,1.0,0.0,Clone_1759,15881
15889,0.0,0.0,0.0,0.0,0.0,0.0,0.0,0.0,1.0,0.0,Clone_2751,15889
15901,0.0,0.0,0.0,0.0,0.0,0.0,0.0,0.0,1.0,0.0,Clone_3272,15901
15912,0.0,0.0,0.0,0.0,0.0,0.0,0.0,1.0,0.0,0.0,Clone_5522,15912
15929,0.0,0.0,0.0,0.0,0.0,0.0,0.0,0.0,1.0,0.0,Clone_4874,15929
15941,0.0,0.0,0.0,0.0,0.0,0.0,0.0,0.0,1.0,0.0,Clone_2757,15941
15944,0.0,0.0,0.0,0.0,0.0,0.0,0.0,1.0,0.0,0.0,Clone_2499,15944
15945,0.0,0.0,0.0,0.0,0.0,0.0,1.0,0.0,0.0,0.0,Clone_3543,15945
15953,1.0,0.0,0.0,0.0,0.0,0.0,0.0,0.0,0.0,0.0,Clone_2177,15953
15954,0.0,0.0,0.0,0.0,0.0,0.0,0.0,1.0,0.0,0.0,Clone_5543,15954
15958,0.0,0.0,0.0,0.0,0.0,0.0,0.0,0.0,0.0,1.0,Clone_5442,15958
15959,0.0,0.0,0.0,0.0,0.0,0.0,0.0,0.0,1.0,0.0,Clone_1197,15959
15965,0.0,0.0,0.0,0.0,0.0,0.0,1.0,0.0,0.0,0.0,Clone_4408,15965
15988,0.0,0.0,0.0,0.0,0.0,0.0,0.0,1.0,0.0,0.0,Clone_5754,15988
16007,0.0,0.0,0.0,0.0,0.0,0.0,0.0,0.0,1.0,0.0,Clone_2548,16007
16008,0.0,0.0,0.0,0.0,0.0,0.0,0.0,0.0,1.0,0.0,Clone_3107,16008
16013,0.0,0.0,0.0,0.3333333333333333,0.0,0.6666666666666666,0.0,0.0,0.0,0.0,Clone_3284,16013
16014,0.0,0.0,0.0,0.0,0.0,0.0,1.0,0.0,0.0,0.0,Clone_1268,16014
16037,0.0,0.0,0.0,0.0,0.0,0.0,0.0,0.0,1.0,0.0,Clone_4057,16037
16044,0.0,0.0,0.0,0.0,0.0,0.0,0.0,0.0,1.0,0.0,Clone_5242,16044
16045,0.0,0.0,0.0,0.0,0.0,0.0,0.0,1.0,0.0,0.0,Clone_3959,16045
16048,0.0,0.0,0.0,0.0,0.2,0.0,0.0,0.8,0.0,0.0,Clone_1317,16048
16051,1.0,0.0,0.0,0.0,0.0,0.0,0.0,0.0,0.0,0.0,Clone_710,16051
16066,0.0,0.0,0.0,0.0,0.0,0.0,0.0,0.4444444444444444,0.5555555555555556,0.0,Clone_4412,16066
16089,0.75,0.0,0.25,0.0,0.0,0.0,0.0,0.0,0.0,0.0,Clone_5338,16089
16095,0.0,0.0,0.0,0.0,0.0,0.0,0.0,0.0,1.0,0.0,Clone_4752,16095
16098,0.0,0.0,0.0,0.0,0.0,0.0,0.0,0.1794871794871795,0.8205128205128205,0.0,Clone_3530,16098
16107,0.0,0.0,0.0,0.0,0.0,0.0,0.0,0.0,1.0,0.0,Clone_2968,16107
16119,0.0,0.0,0.0,0.0,0.0,0.0,0.0,0.0,1.0,0.0,Clone_767,16119
16125,0.0,0.0,0.0,0.0,0.0,0.0,0.0,0.0,1.0,0.0,Clone_3492,16125
16155,0.0,0.0,0.03125,0.0,0.0,0.0,0.0,0.0625,0.90625,0.0,Clone_5725,16155
16160,0.0,0.0,0.0,0.0,0.0,0.0,0.0,0.0,1.0,0.0,Clone_3632,16160
16162,0.0,0.0,0.0,0.0,0.0,0.0,0.0,0.0,1.0,0.0,Clone_2165,16162
16173,0.0,0.0,0.0,0.0,0.0,0.0,0.0,0.0,1.0,0.0,Clone_1714,16173
16174,0.0,0.0,0.0,0.0,0.0,0.0,0.0,0.0,1.0,0.0,Clone_4836,16174
16179,0.0,0.0,0.0,0.0,0.0,0.0,0.0,0.0714285714285714,0.9285714285714286,0.0,Clone_2868,16179
16187,0.0,0.0,0.0,0.0,0.0,0.0,0.0,1.0,0.0,0.0,Clone_3820,16187
16196,1.0,0.0,0.0,0.0,0.0,0.0,0.0,0.0,0.0,0.0,Clone_133,16196
16203,0.0,0.0,0.0,0.0,0.0,0.0,0.0,0.1428571428571428,0.8571428571428571,0.0,Clone_4211,16203
16207,0.0,0.0,0.0,0.0,0.0,1.0,0.0,0.0,0.0,0.0,Clone_464,16207
16228,0.0,0.0,0.0,0.0,0.0,0.0,0.0,0.0,1.0,0.0,Clone_4300,16228
16230,1.0,0.0,0.0,0.0,0.0,0.0,0.0,0.0,0.0,0.0,Clone_4887,16230
16231,0.0,0.0,0.0,0.0,0.0,1.0,0.0,0.0,0.0,0.0,Clone_1891,16231
16253,0.0,0.0,0.0,0.0,0.0,0.0,0.0,0.1111111111111111,0.8888888888888888,0.0,Clone_794,16253
16255,0.0,0.0,0.0,0.0,0.0,0.0,0.0,0.0,1.0,0.0,Clone_3087,16255
16257,0.0,0.0,0.0,0.0,0.0,0.0,0.5,0.0,0.5,0.0,Clone_3813,16257
16264,0.0,0.0,0.0,0.0,0.0,0.0,0.0,0.0,1.0,0.0,Clone_4839,16264
16275,0.75,0.0,0.25,0.0,0.0,0.0,0.0,0.0,0.0,0.0,Clone_2414,16275
16277,0.0,0.0,0.0,0.0,0.0,0.0,0.0,1.0,0.0,0.0,Clone_3796,16277
16297,0.0,0.0,0.0,0.0,0.0,0.0,0.0,1.0,0.0,0.0,Clone_4719,16297
16318,0.0,0.0,0.0,0.0,0.0,0.0,0.0,0.3333333333333333,0.6666666666666666,0.0,Clone_3958,16318
16331,0.0,0.0,0.0,0.0,0.0,0.0,0.0,0.0,1.0,0.0,Clone_190,16331
16332,0.0,0.0,0.0,0.0,0.0,0.0,1.0,0.0,0.0,0.0,Clone_4230,16332
16347,0.0,0.0,0.0,0.0,0.0,0.0,0.0,0.5714285714285714,0.4285714285714285,0.0,Clone_3569,16347
16350,0.0,0.0,0.0,0.0,1.0,0.0,0.0,0.0,0.0,0.0,Clone_1819,16350
16357,0.0,0.0,0.0,0.0,0.0,0.0,1.0,0.0,0.0,0.0,Clone_1465,16357
16393,1.0,0.0,0.0,0.0,0.0,0.0,0.0,0.0,0.0,0.0,Clone_1221,16393
16398,0.0,0.0,0.0,0.0,0.0,0.0,0.0,0.1794871794871795,0.8205128205128205,0.0,Clone_3530,16398
16415,0.0,0.0,0.0,0.0,0.0,0.0,0.0,0.0,1.0,0.0,Clone_5432,16415
16424,0.0,0.0,0.0,0.0,0.0,1.0,0.0,0.0,0.0,0.0,Clone_5210,16424
16428,0.0,0.0,0.0,0.0,0.0,0.0,0.0,0.0,1.0,0.0,Clone_2216,16428
16432,0.0,0.0,0.0,0.0,0.0,0.0,0.0,0.0,1.0,0.0,Clone_3087,16432
16435,0.0,0.0,0.0,0.0,0.0,0.0,0.0,0.0,1.0,0.0,Clone_4911,16435
16447,0.0,0.0,0.0,0.0,0.0,0.0,0.0,0.0,1.0,0.0,Clone_5014,16447
16461,0.1666666666666666,0.0,0.0,0.0,0.0,0.8333333333333334,0.0,0.0,0.0,0.0,Clone_5424,16461
16470,0.0,0.0,0.0,0.0,0.0,0.0,1.0,0.0,0.0,0.0,Clone_1650,16470
16479,0.0,0.0,0.0,0.0,0.0,0.0,0.0,0.0,1.0,0.0,Clone_4513,16479
16492,0.0,0.0,0.0,0.0,0.0,0.0,0.0,0.5,0.5,0.0,Clone_960,16492
16512,0.0,0.0,0.0,0.0,0.0,0.0,0.0,0.0,1.0,0.0,Clone_5014,16512
16519,0.0,0.0,0.0,0.0,0.0,0.0,0.0,1.0,0.0,0.0,Clone_5822,16519
16520,0.0,0.0,0.0,0.0,0.0,0.0,0.0,1.0,0.0,0.0,Clone_2533,16520
16530,0.5,0.0,0.0,0.0,0.0,0.0,0.0,0.0,0.5,0.0,Clone_2832,16530
16532,0.0,0.0,0.0,0.3333333333333333,0.0,0.0,0.6666666666666666,0.0,0.0,0.0,Clone_3726,16532
16543,0.0,0.0,0.0,0.0,0.0,0.0,0.0,1.0,0.0,0.0,Clone_5543,16543
16550,0.1666666666666666,0.0,0.0,0.0,0.0,0.0,0.0,0.1666666666666666,0.6666666666666666,0.0,Clone_3469,16550
16555,0.0,0.0,0.0,0.0,0.0,0.0,0.0,0.0,1.0,0.0,Clone_5511,16555
16559,1.0,0.0,0.0,0.0,0.0,0.0,0.0,0.0,0.0,0.0,Clone_420,16559
16565,0.0,0.0,0.0,0.0,0.0,1.0,0.0,0.0,0.0,0.0,Clone_2908,16565
16567,0.0,0.0,0.0,0.0,0.0,0.0,0.0,0.0,1.0,0.0,Clone_792,16567
16570,0.0,0.0,0.0,0.0,0.0,0.0,0.0,0.1428571428571428,0.8571428571428571,0.0,Clone_2693,16570
16574,0.0,0.0,0.0,0.0,0.0,0.0,0.0,0.0,1.0,0.0,Clone_3371,16574
16579,0.0,0.0,0.0,0.0,0.0,0.0,0.0,0.0,1.0,0.0,Clone_2531,16579
16582,0.0,0.0,0.0,0.0,0.0,0.0,0.0,1.0,0.0,0.0,Clone_5522,16582
16588,1.0,0.0,0.0,0.0,0.0,0.0,0.0,0.0,0.0,0.0,Clone_3168,16588
16593,0.0,0.0,0.0,0.0,0.0,0.0,0.0,0.0,1.0,0.0,Clone_1993,16593
16606,0.0,0.0,0.0,0.0,0.0,0.0,0.0,0.2727272727272727,0.7272727272727273,0.0,Clone_737,16606
16611,0.0,0.0,0.0,0.0,0.0,0.0,0.0,0.0,1.0,0.0,Clone_680,16611
16632,0.0,0.0,0.0,0.0,0.0,0.0,0.0,0.5,0.5,0.0,Clone_960,16632
16641,0.0,0.0,0.0,0.0,0.0,1.0,0.0,0.0,0.0,0.0,Clone_644,16641
16647,0.0,0.0,0.0,0.0,0.0,0.0,0.0,1.0,0.0,0.0,Clone_3401,16647
16650,0.3076923076923077,0.0,0.2307692307692307,0.0,0.0,0.0,0.0769230769230769,0.0,0.3846153846153846,0.0,Clone_5709,16650
16660,1.0,0.0,0.0,0.0,0.0,0.0,0.0,0.0,0.0,0.0,Clone_4887,16660
16663,0.0,0.0,0.0,0.0,0.0,0.0,0.0,1.0,0.0,0.0,Clone_3885,16663
16669,0.0,0.0,0.0,0.0,0.0,0.0,0.0,0.0,1.0,0.0,Clone_3428,16669
16673,0.0,0.0,0.0,0.0,0.0,1.0,0.0,0.0,0.0,0.0,Clone_3151,16673
16679,1.0,0.0,0.0,0.0,0.0,0.0,0.0,0.0,0.0,0.0,Clone_363,16679
16693,1.0,0.0,0.0,0.0,0.0,0.0,0.0,0.0,0.0,0.0,Clone_4301,16693
16697,1.0,0.0,0.0,0.0,0.0,0.0,0.0,0.0,0.0,0.0,Clone_2682,16697
16710,0.0,0.0,0.0,0.0,0.0,0.0,0.0,1.0,0.0,0.0,Clone_264,16710
16723,0.0,0.0,0.0,0.0,0.0,0.0,0.0,0.0,1.0,0.0,Clone_2613,16723
16725,0.0,0.0,0.0,0.0,0.0,0.0,1.0,0.0,0.0,0.0,Clone_970,16725
16735,0.0,0.0,0.0,0.0,0.0,0.0,0.0,1.0,0.0,0.0,Clone_4719,16735
16779,0.4444444444444444,0.0,0.5555555555555556,0.0,0.0,0.0,0.0,0.0,0.0,0.0,Clone_284,16779
16785,0.0,0.0,0.0,0.0,0.0,0.0,0.0,0.5,0.5,0.0,Clone_960,16785
16790,0.0,0.0,0.0,0.0,0.0,0.0,0.0,0.0,1.0,0.0,Clone_4513,16790
16799,0.0,0.0,0.0,0.0,0.0,0.0,0.0,1.0,0.0,0.0,Clone_1729,16799
16801,0.0,0.0,0.0,0.0,0.0,0.0,0.0,1.0,0.0,0.0,Clone_3910,16801
16804,0.0,0.0,0.0,0.0,0.0,0.0,1.0,0.0,0.0,0.0,Clone_2456,16804
16809,0.0,0.0,0.0,0.0,0.0,0.0,0.0,0.0,1.0,0.0,Clone_1920,16809
16822,0.0,0.0,0.0,0.0,0.0,0.0,0.0,1.0,0.0,0.0,Clone_1109,16822
16824,0.0,0.0,0.0,0.0,0.0,0.0,0.0,0.0,1.0,0.0,Clone_2021,16824
16832,0.0,1.0,0.0,0.0,0.0,0.0,0.0,0.0,0.0,0.0,Clone_5132,16832
16833,0.0,0.0,0.0,0.0,0.0,0.0,0.0,0.5217391304347826,0.4782608695652174,0.0,Clone_5233,16833
16836,0.0,0.0,0.0,0.0,0.0,0.0,1.0,0.0,0.0,0.0,Clone_783,16836
16861,0.0,0.0,0.0,0.0,0.0,0.0,0.0,1.0,0.0,0.0,Clone_4441,16861
16878,0.0,0.0,0.0,1.0,0.0,0.0,0.0,0.0,0.0,0.0,Clone_2903,16878
16883,0.0,0.0,0.0,0.0,0.0,0.0,0.0,0.0,1.0,0.0,Clone_1949,16883
16894,1.0,0.0,0.0,0.0,0.0,0.0,0.0,0.0,0.0,0.0,Clone_4020,16894
16905,1.0,0.0,0.0,0.0,0.0,0.0,0.0,0.0,0.0,0.0,Clone_825,16905
16908,0.0,0.0,0.0,0.0,0.0,0.0,0.0,1.0,0.0,0.0,Clone_13,16908
16911,0.0,0.0,0.0,0.0,0.0,0.0,1.0,0.0,0.0,0.0,Clone_1193,16911
16919,0.5,0.0,0.0,0.0,0.0,0.5,0.0,0.0,0.0,0.0,Clone_1611,16919
16922,0.0,0.0,0.0,0.6153846153846154,0.0,0.0,0.3846153846153846,0.0,0.0,0.0,Clone_3364,16922
16950,0.0,0.0,0.0,0.0,0.0,0.0,0.0,0.2,0.8,0.0,Clone_1452,16950
16977,0.0,0.0,0.0,0.0,0.0,1.0,0.0,0.0,0.0,0.0,Clone_5774,16977
16984,0.0,0.0,0.0,0.0,0.0,0.0,0.0,0.875,0.125,0.0,Clone_3567,16984
16990,0.0,0.0,0.0,0.0,0.0,0.0,0.0,0.0,1.0,0.0,Clone_3720,16990
16993,0.0,0.0,0.0,0.0,0.0,0.0,0.0,0.0,1.0,0.0,Clone_3233,16993
17006,0.0,0.0,0.0,0.0,0.0,0.0,0.0,0.0,1.0,0.0,Clone_2004,17006
17015,1.0,0.0,0.0,0.0,0.0,0.0,0.0,0.0,0.0,0.0,Clone_677,17015
17022,0.25,0.0,0.0,0.0,0.0,0.0,0.0,0.0,0.75,0.0,Clone_4678,17022
17024,0.0,0.0,0.0,0.0,0.0,0.0,0.0,0.0,1.0,0.0,Clone_3513,17024
17032,0.0,0.0,0.0,0.0,0.0,0.0,0.0,1.0,0.0,0.0,Clone_3480,17032
17086,0.0,0.0,0.0,0.0,0.0,0.0,0.0,1.0,0.0,0.0,Clone_5139,17086
17092,1.0,0.0,0.0,0.0,0.0,0.0,0.0,0.0,0.0,0.0,Clone_972,17092
17104,0.0,0.0,0.0,0.0,0.0,0.0,0.0,1.0,0.0,0.0,Clone_3480,17104
17105,0.0,0.0,0.0,0.0,0.0,0.0,0.0,0.0,1.0,0.0,Clone_4300,17105
17111,0.0,0.0,0.0,0.0,0.0,0.0,0.0,0.0,1.0,0.0,Clone_1906,17111
17116,0.0,0.0,0.0,0.0,0.0,0.5,0.0,0.0,0.5,0.0,Clone_3312,17116
17120,0.0,0.0,0.0,0.0,0.0,0.0,1.0,0.0,0.0,0.0,Clone_2459,17120
17124,0.75,0.0,0.25,0.0,0.0,0.0,0.0,0.0,0.0,0.0,Clone_2414,17124
17143,0.0,0.0,0.0,0.0,0.0,0.0,0.0,0.0,1.0,0.0,Clone_1295,17143
17148,1.0,0.0,0.0,0.0,0.0,0.0,0.0,0.0,0.0,0.0,Clone_3110,17148
17153,0.0,0.0,0.0,0.0,0.0,0.0,0.0,0.0,1.0,0.0,Clone_1630,17153
17155,0.0,0.0,0.0,0.0,0.0,0.0,0.0,0.0,1.0,0.0,Clone_1759,17155
17160,0.0,0.0,0.0,0.0,0.0,0.0,0.0,0.0,1.0,0.0,Clone_1616,17160
17188,0.0,0.0,0.0,0.0,0.0,0.0,0.0,1.0,0.0,0.0,Clone_5139,17188
17193,1.0,0.0,0.0,0.0,0.0,0.0,0.0,0.0,0.0,0.0,Clone_1087,17193
17198,0.0,0.0,0.0,0.0,0.0,0.0,0.0,1.0,0.0,0.0,Clone_4173,17198
17218,0.0,0.0,0.0,0.0,0.0,0.0,1.0,0.0,0.0,0.0,Clone_1248,17218
17228,0.0,0.0,0.0,0.0,0.0,0.0,0.0,0.6,0.4,0.0,Clone_1093,17228
17230,0.0,0.0,0.0,0.5,0.0,0.0,0.5,0.0,0.0,0.0,Clone_2045,17230
17234,0.0,0.0,0.0,0.0,0.0,0.0,1.0,0.0,0.0,0.0,Clone_3129,17234
17237,0.0,0.0,0.0,0.0,0.0,0.0,0.0,0.0,1.0,0.0,Clone_3951,17237
17248,0.4444444444444444,0.0,0.0,0.0,0.0,0.5555555555555556,0.0,0.0,0.0,0.0,Clone_2379,17248
17249,1.0,0.0,0.0,0.0,0.0,0.0,0.0,0.0,0.0,0.0,Clone_5356,17249
17278,0.0,0.0,0.0,0.0,0.0,0.0,0.5,0.5,0.0,0.0,Clone_2749,17278
17287,0.0,0.0,0.0,0.0,0.0,0.0,0.0,0.0,1.0,0.0,Clone_5297,17287
17292,1.0,0.0,0.0,0.0,0.0,0.0,0.0,0.0,0.0,0.0,Clone_4081,17292
17294,1.0,0.0,0.0,0.0,0.0,0.0,0.0,0.0,0.0,0.0,Clone_4260,17294
17343,0.0,0.0,0.0,0.0714285714285714,0.0,0.0,0.0,0.5,0.4285714285714285,0.0,Clone_3801,17343
17366,0.0,0.0,0.0,0.0,0.0,0.0,0.5,0.0,0.5,0.0,Clone_3497,17366
17379,0.1666666666666666,0.0,0.0,0.0,0.0,0.8333333333333334,0.0,0.0,0.0,0.0,Clone_5424,17379
17383,0.0,0.0,0.0,0.0,0.0,0.0,0.0,0.2307692307692307,0.7692307692307693,0.0,Clone_4190,17383
17386,0.75,0.0,0.25,0.0,0.0,0.0,0.0,0.0,0.0,0.0,Clone_2414,17386
17388,0.0,0.0,0.0,0.0,0.0,0.0,0.25,0.0,0.75,0.0,Clone_4757,17388
17415,1.0,0.0,0.0,0.0,0.0,0.0,0.0,0.0,0.0,0.0,Clone_659,17415
17428,0.0,0.0,0.0,0.0,0.0,0.0,0.0,1.0,0.0,0.0,Clone_4499,17428
17432,0.0,0.0,0.0,0.0,0.0,0.0,0.0,0.0,1.0,0.0,Clone_4300,17432
17435,0.0,0.0,0.0,0.0,0.0,0.0,0.0,1.0,0.0,0.0,Clone_5798,17435
17444,0.0,0.0,0.0,0.0,0.0,0.0,0.0,0.0,1.0,0.0,Clone_1655,17444
17448,0.0,0.0,0.0,0.0,0.0,0.0,0.0,1.0,0.0,0.0,Clone_3981,17448
17464,0.0,0.0,0.0,0.0,0.0,0.0,0.0,1.0,0.0,0.0,Clone_2404,17464
17508,0.0,0.0,0.0,0.0,0.0,0.0,0.0,0.0,1.0,0.0,Clone_3257,17508
17509,0.0,0.0,0.0,0.0,0.0,1.0,0.0,0.0,0.0,0.0,Clone_1841,17509
17511,0.0,0.0,0.0,0.0,0.0,0.0,0.0,0.0,1.0,0.0,Clone_3624,17511
17516,0.0,0.0,0.0,0.0,0.0,0.0,1.0,0.0,0.0,0.0,Clone_1248,17516
17526,0.0,0.0,0.0,0.0,0.0,0.0,0.0,0.3260869565217391,0.6739130434782609,0.0,Clone_4141,17526
17528,0.0,0.0,0.0,0.0,0.0,1.0,0.0,0.0,0.0,0.0,Clone_2961,17528
17530,0.0,0.0,0.0,0.0,0.0,0.0,0.0,1.0,0.0,0.0,Clone_2289,17530
17533,0.75,0.0,0.25,0.0,0.0,0.0,0.0,0.0,0.0,0.0,Clone_2414,17533
17546,0.0,0.0,0.0,0.0,0.0,0.0,1.0,0.0,0.0,0.0,Clone_5193,17546
17551,0.0,0.0,0.0,0.0,0.0,0.0,0.0,0.0,1.0,0.0,Clone_4414,17551
17556,0.0,0.0,0.0,0.0,0.0,0.0,1.0,0.0,0.0,0.0,Clone_2916,17556
17584,1.0,0.0,0.0,0.0,0.0,0.0,0.0,0.0,0.0,0.0,Clone_3317,17584
17624,0.0,0.0,0.0,0.0,0.0,0.0,0.0,0.0,1.0,0.0,Clone_2536,17624
17636,0.0,0.0,0.0,0.0,0.0,0.0,0.0,0.7777777777777778,0.2222222222222222,0.0,Clone_1363,17636
17640,0.0,0.0,0.0,0.0,0.0,0.0,0.0,1.0,0.0,0.0,Clone_343,17640
17662,0.0,0.0,0.0,0.0,0.5,0.0,0.0,0.5,0.0,0.0,Clone_3103,17662
17663,0.0,0.0,0.0,0.0,0.0,0.0,0.0,0.0,1.0,0.0,Clone_2156,17663
17665,0.0,0.0,0.0,0.0,0.0,1.0,0.0,0.0,0.0,0.0,Clone_2733,17665
17666,0.0,0.0,0.0,0.0,0.0,0.0,0.0,0.0,1.0,0.0,Clone_2686,17666
17668,0.0,0.0,0.0,0.0,0.0,0.0,1.0,0.0,0.0,0.0,Clone_408,17668
17675,0.0,0.0,0.0,0.0,0.0,0.0,0.0,0.0,1.0,0.0,Clone_5040,17675
17682,0.0,0.0,0.0,0.0,0.0,0.0,0.0,1.0,0.0,0.0,Clone_1378,17682
17720,0.0,0.0,0.0,0.0,0.0,0.0,0.0,0.35,0.65,0.0,Clone_2115,17720
17721,0.0,0.0,0.0,0.0,0.0,0.0,0.0,1.0,0.0,0.0,Clone_1001,17721
17731,1.0,0.0,0.0,0.0,0.0,0.0,0.0,0.0,0.0,0.0,Clone_3439,17731
17733,0.0,0.0,0.0,0.0,0.0,0.0,0.0,1.0,0.0,0.0,Clone_1316,17733
17749,1.0,0.0,0.0,0.0,0.0,0.0,0.0,0.0,0.0,0.0,Clone_4842,17749
17750,0.0,0.0,0.0,0.0,0.0,0.0,0.0,0.0,1.0,0.0,Clone_338,17750
17766,0.0,0.0,0.0,0.0,0.0,0.0,0.0,0.0833333333333333,0.9166666666666666,0.0,Clone_1041,17766
17772,1.0,0.0,0.0,0.0,0.0,0.0,0.0,0.0,0.0,0.0,Clone_3168,17772
17777,0.0,0.0,0.0,0.0,0.0,0.0,0.0,0.0,1.0,0.0,Clone_5606,17777
17797,0.0,0.0,0.0,0.0,0.0,0.0,0.0,0.3076923076923077,0.6923076923076923,0.0,Clone_3296,17797
17820,0.0,0.0,0.0,0.0,0.0,0.0,0.0,0.0,1.0,0.0,Clone_5419,17820
17826,0.0,0.0,0.0,0.0,0.0,0.0,0.0,0.0,1.0,0.0,Clone_4033,17826
17851,0.0,0.0,0.0,0.0,0.0,0.0,0.0,0.0,1.0,0.0,Clone_4706,17851
17856,0.0,0.0,0.0,0.0,0.0,0.0,0.0,0.3333333333333333,0.6666666666666666,0.0,Clone_1159,17856
17857,0.0,0.0,0.0,0.0,0.0,0.0,0.0,0.3333333333333333,0.6666666666666666,0.0,Clone_996,17857
17861,0.0,0.0,0.0,0.0,0.0,0.0,0.0,1.0,0.0,0.0,Clone_4708,17861
17869,0.0,0.0,0.0,0.0,0.0,0.0,0.0,0.0,1.0,0.0,Clone_2983,17869
17871,0.0,0.0,0.0,0.0,0.0,0.0,0.0,0.0,1.0,0.0,Clone_2751,17871
17879,0.0,0.0,0.0,0.0,0.0,0.0,0.0,0.0,1.0,0.0,Clone_3647,17879
17882,0.0,0.0,0.0,0.0,0.0,0.0,0.0,0.5,0.5,0.0,Clone_960,17882
17895,0.0,0.0,0.0,0.0,0.0,0.0,0.0,0.0,1.0,0.0,Clone_2485,17895
17899,0.0,0.0,0.0,0.0,0.0,0.0,0.0,1.0,0.0,0.0,Clone_1974,17899
17909,0.0,0.0,0.0,0.0,0.0,0.0,0.0,0.2631578947368421,0.7368421052631579,0.0,Clone_417,17909
17920,0.0,0.0,0.0,0.0,0.0,0.0,0.0,0.0,1.0,0.0,Clone_4513,17920
17926,0.0,0.0,0.0,0.0,0.0,0.0,0.0,1.0,0.0,0.0,Clone_1626,17926
17932,0.0,0.0,0.0,0.0,0.0,0.0,0.0,0.5,0.5,0.0,Clone_1736,17932
17965,0.0,0.0,0.0,0.0,0.0,0.0,0.0,0.3333333333333333,0.6666666666666666,0.0,Clone_548,17965
17967,0.0,0.0,0.0,0.0,0.0,0.0,0.0,0.8888888888888888,0.1111111111111111,0.0,Clone_2806,17967
17969,0.0,0.0,0.0,0.0,0.0,0.0,0.0,0.5,0.5,0.0,Clone_4737,17969
17971,0.0,0.0,0.0,0.0,0.0,0.0,1.0,0.0,0.0,0.0,Clone_5683,17971
17973,0.3333333333333333,0.0,0.0,0.0,0.0,0.6666666666666666,0.0,0.0,0.0,0.0,Clone_1230,17973
17990,0.0,0.0,0.0,0.3333333333333333,0.0,0.6666666666666666,0.0,0.0,0.0,0.0,Clone_3284,17990
17992,0.0,0.0,0.0,0.0,0.0,0.0,1.0,0.0,0.0,0.0,Clone_3129,17992
18003,0.0,0.0,0.0,0.0,0.0,0.0,0.0,0.0,1.0,0.0,Clone_1197,18003
18006,0.0,0.0,0.0,0.0,0.0,0.0,0.0,0.0,1.0,0.0,Clone_5040,18006
18024,1.0,0.0,0.0,0.0,0.0,0.0,0.0,0.0,0.0,0.0,Clone_3378,18024
18031,0.3076923076923077,0.0,0.2307692307692307,0.0,0.0,0.0,0.0769230769230769,0.0,0.3846153846153846,0.0,Clone_5709,18031
18038,1.0,0.0,0.0,0.0,0.0,0.0,0.0,0.0,0.0,0.0,Clone_2701,18038
18041,0.0,0.0,0.0,0.0,0.0,0.0,0.0,0.8846153846153846,0.1153846153846153,0.0,Clone_5091,18041
18049,0.0,0.0,0.0,0.0,0.0,0.0,0.0,0.0,1.0,0.0,Clone_1828,18049
18050,0.0,0.0,0.0,0.0,0.0,0.0,0.0,0.0,1.0,0.0,Clone_4706,18050
18054,0.0,0.0,0.0,0.0,0.0,1.0,0.0,0.0,0.0,0.0,Clone_321,18054
18065,0.0,0.0,0.0,0.0,0.0,0.0,0.0,0.2,0.8,0.0,Clone_1452,18065
18073,0.0,0.0,0.0,0.0,0.0,0.0,1.0,0.0,0.0,0.0,Clone_3660,18073
18075,0.0,0.0,0.0,0.0,0.0,0.0,0.0,0.5853658536585366,0.4146341463414634,0.0,Clone_4061,18075
18077,1.0,0.0,0.0,0.0,0.0,0.0,0.0,0.0,0.0,0.0,Clone_3426,18077
18082,1.0,0.0,0.0,0.0,0.0,0.0,0.0,0.0,0.0,0.0,Clone_3271,18082
18089,0.0,0.0,0.0,0.0,0.0,0.0,0.0,0.0,1.0,0.0,Clone_2548,18089
18090,0.0,0.0,0.0,0.0,0.0,0.0,0.0,0.0,1.0,0.0,Clone_5744,18090
18100,0.0,0.0,0.0,0.0,0.0,0.0256410256410256,0.0,0.9743589743589745,0.0,0.0,Clone_3212,18100
18108,0.0,0.0,0.0,0.0,0.0,1.0,0.0,0.0,0.0,0.0,Clone_1803,18108
18135,0.0,0.0,0.0,0.0,0.0,0.0,0.0,1.0,0.0,0.0,Clone_4709,18135
18141,0.925925925925926,0.0,0.0,0.0,0.0,0.0,0.0,0.074074074074074,0.0,0.0,Clone_2862,18141
18164,0.0,0.0,0.0,0.0,0.0,0.0,0.0,1.0,0.0,0.0,Clone_668,18164
18168,0.0,0.0,0.0,0.0,0.0,0.6666666666666666,0.3333333333333333,0.0,0.0,0.0,Clone_2565,18168
18173,0.0,0.0,0.0,0.0,0.0,0.0,0.0,0.0,1.0,0.0,Clone_3272,18173
18183,0.0,0.0,0.0,0.0,0.0,0.0,1.0,0.0,0.0,0.0,Clone_2885,18183
18186,0.0,0.0,0.0,0.0,0.0,0.0,0.0,0.0,1.0,0.0,Clone_4950,18186
18187,0.0,0.0,0.0,0.0,0.0,0.0,0.0,0.4,0.6,0.0,Clone_2939,18187
18188,0.0,0.0,0.0,0.0,0.0,0.0,0.0,0.0,1.0,0.0,Clone_2147,18188
18193,0.0,0.0,0.0,0.0,0.0,0.0,0.0,0.0,1.0,0.0,Clone_4057,18193
18202,0.0,0.0,0.0,0.0,0.0,0.0,0.0,0.0,1.0,0.0,Clone_1364,18202
18212,0.0,0.0,0.0,0.0,0.0,0.0,0.0,0.0,1.0,0.0,Clone_1113,18212
18221,0.75,0.0,0.25,0.0,0.0,0.0,0.0,0.0,0.0,0.0,Clone_2414,18221
18222,0.0,0.0,0.0,0.0,0.2,0.0,0.0,0.8,0.0,0.0,Clone_1317,18222
18235,0.0,0.0,0.0,0.0,0.0,0.0,0.0,0.0,1.0,0.0,Clone_4601,18235
18242,0.0,0.0,0.0,0.0,0.0,0.0,0.0,1.0,0.0,0.0,Clone_1378,18242
18244,0.0,0.0,0.0,0.0,0.0,0.0,0.0,0.0,1.0,0.0,Clone_3720,18244
18255,1.0,0.0,0.0,0.0,0.0,0.0,0.0,0.0,0.0,0.0,Clone_4406,18255
18279,0.0,0.0,0.0,0.0,0.0,0.0,0.0,0.0,1.0,0.0,Clone_767,18279
18292,0.0,0.0,0.0,0.0,0.0,0.0,1.0,0.0,0.0,0.0,Clone_2263,18292
18300,0.0,0.0,0.0,0.0,0.0,0.0,0.0,1.0,0.0,0.0,Clone_5139,18300
18301,0.0,0.0,0.0,0.0,0.0,0.0,0.0,0.0,1.0,0.0,Clone_3485,18301
18322,0.0,0.0,0.0,0.0,0.0,0.0,0.0,1.0,0.0,0.0,Clone_5072,18322
18331,0.0,0.0,0.0,0.0,0.0,0.0,0.0,0.0,1.0,0.0,Clone_1364,18331
18345,0.0,0.0,0.0,0.0,0.0,0.0,0.0,1.0,0.0,0.0,Clone_1104,18345
18364,0.0,0.0,0.0,0.0,0.0,0.0,1.0,0.0,0.0,0.0,Clone_759,18364
18373,0.0,0.0,0.0,0.6153846153846154,0.0,0.0,0.3846153846153846,0.0,0.0,0.0,Clone_3364,18373
18375,0.0,0.0,0.0,0.0,0.0,0.0,0.0,0.9444444444444444,0.0555555555555555,0.0,Clone_2577,18375
18379,0.0,0.0,0.0,0.0,0.0,0.0,0.0,1.0,0.0,0.0,Clone_1082,18379
18385,0.0,0.0,0.0,0.0,0.0,0.0,0.0,0.0909090909090909,0.9090909090909092,0.0,Clone_5155,18385
18388,0.0,0.0,0.0,0.0,0.0,0.0,0.0,0.3333333333333333,0.6666666666666666,0.0,Clone_1159,18388
18391,0.0,0.0,0.0,0.0,1.0,0.0,0.0,0.0,0.0,0.0,Clone_5060,18391
18393,0.0,0.0,0.0,0.0,0.0,0.0,0.0,0.0,1.0,0.0,Clone_4911,18393
18409,0.0,0.0,0.0,0.0,0.0,0.0,1.0,0.0,0.0,0.0,Clone_4086,18409
18414,0.8,0.0,0.2,0.0,0.0,0.0,0.0,0.0,0.0,0.0,Clone_3532,18414
18425,0.0,0.0,0.0,0.4285714285714285,0.0,0.1428571428571428,0.4285714285714285,0.0,0.0,0.0,Clone_2776,18425
18436,0.0,0.0,0.0,0.0,0.0,0.0,0.0,1.0,0.0,0.0,Clone_720,18436
18440,0.0,0.0,0.0,0.0,0.0,0.0,0.0,0.0,1.0,0.0,Clone_5844,18440
18451,0.0,0.0,0.0,0.0,0.0,0.0,0.0,0.0,1.0,0.0,Clone_4057,18451
18464,0.0,0.0,0.0,0.0,0.0,0.0,0.0,0.0,1.0,0.0,Clone_4462,18464
18465,0.0,0.0,0.0,0.0,0.0,0.0,0.0,0.0,1.0,0.0,Clone_3918,18465
18486,0.0,0.0,0.0,0.0,0.0,0.0,0.0,1.0,0.0,0.0,Clone_5129,18486
18487,0.0,0.0,0.0,0.0,0.0,0.0,0.0,0.0,1.0,0.0,Clone_4564,18487
18504,0.0,0.0,0.0,0.0,0.0,0.0,1.0,0.0,0.0,0.0,Clone_1248,18504
18515,0.0,0.0,0.0,1.0,0.0,0.0,0.0,0.0,0.0,0.0,Clone_868,18515
18517,0.0,0.0,0.0,0.0,0.0,0.0,1.0,0.0,0.0,0.0,Clone_1193,18517
18519,0.0,0.0,0.0,0.0,0.0,0.0,0.0,1.0,0.0,0.0,Clone_126,18519
18527,0.0,0.0,0.0,0.0,0.0,1.0,0.0,0.0,0.0,0.0,Clone_2254,18527
18530,0.0,0.0,0.0,0.0,0.0,0.0,0.0,0.15625,0.84375,0.0,Clone_3339,18530
18532,0.3076923076923077,0.0,0.2307692307692307,0.0,0.0,0.0,0.0769230769230769,0.0,0.3846153846153846,0.0,Clone_5709,18532
18539,0.0,0.0,0.0,0.0,0.0,0.0,0.0,0.0,1.0,0.0,Clone_2165,18539
18542,0.0,0.0,0.0,0.0,0.0,0.0,0.0,1.0,0.0,0.0,Clone_1378,18542
18544,0.0,0.0,0.0,0.0,0.0,0.0,0.0,0.0,1.0,0.0,Clone_3087,18544
18550,0.0,0.0,0.0,0.0,0.0,0.0,0.0,0.6,0.4,0.0,Clone_1106,18550
18582,0.0,0.0,0.0,0.0,0.0,0.0,0.0,1.0,0.0,0.0,Clone_2404,18582
18605,0.0,0.0,0.0,0.0,0.0,0.0,0.0,0.0,1.0,0.0,Clone_5440,18605
18623,0.0,0.0,0.0,0.0,0.0,0.0,0.0,0.0,1.0,0.0,Clone_524,18623
18631,0.0,0.0,0.0,0.0,0.0,0.0,0.0,0.0,1.0,0.0,Clone_535,18631
18636,0.0,0.0,0.0,0.0,0.0,0.0,0.0,0.0,1.0,0.0,Clone_4606,18636
18637,0.0,0.0,0.0,0.0,0.0,0.0,0.0,0.0,1.0,0.0,Clone_1074,18637
18644,0.0,0.0,0.0,0.0,0.0,0.0,0.0,1.0,0.0,0.0,Clone_5543,18644
18651,0.0,0.0,0.0,0.0,0.0,0.0,0.0,0.3142857142857143,0.6857142857142857,0.0,Clone_673,18651
18658,0.0,0.0,0.0,0.0,0.0,0.0,0.0,0.0,1.0,0.0,Clone_1714,18658
18660,0.0,0.0,0.0,0.0,0.0,0.0,0.0,1.0,0.0,0.0,Clone_3230,18660
18683,0.0,0.0,0.0,0.0,0.0,0.0,0.0,1.0,0.0,0.0,Clone_4852,18683
18729,0.0,0.0,0.0,0.0,0.0,0.0,0.0,0.0,1.0,0.0,Clone_3492,18729
18741,0.0,0.0,0.0,0.0,0.0,0.0,0.0,0.1428571428571428,0.8571428571428571,0.0,Clone_4211,18741
18742,0.0,0.0,0.0,0.0,0.0,0.0,0.0,0.0,1.0,0.0,Clone_4062,18742
18745,0.0,0.0,0.0,0.0,0.0,0.0,0.0,0.3333333333333333,0.6666666666666666,0.0,Clone_548,18745
18764,0.0,0.0,0.0,0.0,0.0,0.0,0.0,0.0,1.0,0.0,Clone_19,18764
18783,0.0,0.0,0.0,0.0,0.0,0.0,0.0,1.0,0.0,0.0,Clone_1109,18783
18796,0.0,0.0,0.0,0.0,0.0,1.0,0.0,0.0,0.0,0.0,Clone_2961,18796
18808,1.0,0.0,0.0,0.0,0.0,0.0,0.0,0.0,0.0,0.0,Clone_1929,18808
18832,0.0,0.0,0.0,0.0,0.0,0.0,0.0,0.875,0.125,0.0,Clone_3567,18832
18834,0.0,0.0,0.0,0.0,0.0,0.0,0.0,0.0,1.0,0.0,Clone_598,18834
18859,0.0,0.0,0.0,0.0,0.0,0.0,0.0,0.0,1.0,0.0,Clone_2485,18859
18865,0.0,0.0,0.0,0.0,0.0,0.0,0.0,0.75,0.25,0.0,Clone_5083,18865
18882,0.0,0.0,0.0,0.0,0.0,0.0,1.0,0.0,0.0,0.0,Clone_3008,18882
18889,0.0,0.0,0.0,0.0,0.0,0.0,0.0,0.0833333333333333,0.9166666666666666,0.0,Clone_1041,18889
18893,0.0,0.0,0.0,0.0,0.0,0.0,0.0,0.0,1.0,0.0,Clone_680,18893
18898,0.0,0.0,0.0,0.0,0.0,0.0,0.0,0.0,1.0,0.0,Clone_1673,18898
18903,0.0,0.0,0.0,0.0,0.0,0.0,0.0,0.0,1.0,0.0,Clone_3674,18903
18907,0.0,0.0,0.0,0.0,0.0,0.0,0.0,1.0,0.0,0.0,Clone_1378,18907
18911,0.0,0.0,0.0,0.0,0.0,0.0,0.0,0.0,1.0,0.0,Clone_1949,18911
18912,0.0,0.0,0.0,0.0,0.0,0.0,0.0,0.0,1.0,0.0,Clone_3918,18912
18916,1.0,0.0,0.0,0.0,0.0,0.0,0.0,0.0,0.0,0.0,Clone_427,18916
18922,0.0,0.0,0.0,0.0,0.0,0.0,0.0,0.0,1.0,0.0,Clone_2751,18922
18926,0.0,0.0,0.0,0.0,0.0,0.0,0.0,0.0,1.0,0.0,Clone_5805,18926
18927,1.0,0.0,0.0,0.0,0.0,0.0,0.0,0.0,0.0,0.0,Clone_3393,18927
18931,0.0,0.0,0.0,0.0,0.0,0.0,0.0,1.0,0.0,0.0,Clone_3401,18931
18933,0.75,0.0,0.25,0.0,0.0,0.0,0.0,0.0,0.0,0.0,Clone_2414,18933
18941,0.0,0.0,0.0,0.0,0.0,0.0,0.0,1.0,0.0,0.0,Clone_3885,18941
18951,0.0,0.0,0.0,0.0,0.0,0.0,0.0,0.0,1.0,0.0,Clone_2965,18951
18955,0.0,0.0,1.0,0.0,0.0,0.0,0.0,0.0,0.0,0.0,Clone_3627,18955
18956,1.0,0.0,0.0,0.0,0.0,0.0,0.0,0.0,0.0,0.0,Clone_5356,18956
18962,0.8333333333333334,0.0,0.1666666666666666,0.0,0.0,0.0,0.0,0.0,0.0,0.0,Clone_1910,18962
18973,0.0,0.0,0.0,0.0,0.0,0.0,0.0,0.1714285714285714,0.8285714285714286,0.0,Clone_415,18973
18987,0.0,0.0,0.0,0.0,0.0,0.0,0.0,0.0,1.0,0.0,Clone_4062,18987
18999,0.0,0.0,0.0,0.0,0.0,0.0,0.0,0.3684210526315789,0.631578947368421,0.0,Clone_704,18999
19000,0.0,0.0,0.0,0.0,0.0,0.0,0.0,0.0,1.0,0.0,Clone_5436,19000
19016,0.0,0.0,0.0,0.0,0.0,0.0,0.0,0.0,1.0,0.0,Clone_3668,19016
19017,0.0,0.0,0.0,0.0,0.0,0.0,0.0,0.25,0.75,0.0,Clone_2709,19017
19028,0.0,0.0,0.0,0.0,0.0,0.0,0.0,0.2,0.8,0.0,Clone_979,19028
19048,0.0,0.0,0.0,0.0,0.0,0.0,0.0,0.0,1.0,0.0,Clone_3207,19048
19063,0.0,0.0,0.0,0.0,0.0,0.0,0.0,0.5,0.5,0.0,Clone_5097,19063
19068,0.0,0.0,0.0,0.0,0.0,0.0,0.0,0.0,1.0,0.0,Clone_3163,19068
19071,1.0,0.0,0.0,0.0,0.0,0.0,0.0,0.0,0.0,0.0,Clone_617,19071
19092,1.0,0.0,0.0,0.0,0.0,0.0,0.0,0.0,0.0,0.0,Clone_427,19092
19093,0.0,0.0,0.0,0.0,0.0,0.0,0.0,0.0,1.0,0.0,Clone_1822,19093
19108,0.0,0.0,0.0,0.5,0.0,0.0,0.5,0.0,0.0,0.0,Clone_2045,19108
19131,0.0,0.0,0.0,0.0,0.0,0.0,0.0,0.2,0.8,0.0,Clone_1452,19131
19137,0.0,0.0,0.0,0.0,0.0,0.0,0.0,0.1428571428571428,0.8571428571428571,0.0,Clone_4211,19137
19138,0.0,0.0,0.0,0.0,0.0,0.0,0.0,1.0,0.0,0.0,Clone_4541,19138
19139,1.0,0.0,0.0,0.0,0.0,0.0,0.0,0.0,0.0,0.0,Clone_4020,19139
19142,0.0,0.0,0.0,0.0,0.0,0.0,0.0,0.0,1.0,0.0,Clone_5407,19142
19146,0.0,0.0,0.0,0.0,0.0,0.0,0.0,0.0,1.0,0.0,Clone_5039,19146
19149,0.0,0.0,0.0,0.0,0.0,0.0,0.0,0.0,1.0,0.0,Clone_767,19149
19160,0.0,0.0,0.0,0.0,0.0,0.0,0.0,0.0,1.0,0.0,Clone_4564,19160
19165,0.0,0.0,0.0,0.0,0.0,0.0,0.0,0.0476190476190476,0.9523809523809524,0.0,Clone_3473,19165
19171,0.0,0.0,0.0,0.0,0.0,0.0,0.0,0.0,1.0,0.0,Clone_1074,19171
19189,0.0,0.0,0.0,0.0,0.0,0.0,0.0,0.0,1.0,0.0,Clone_3918,19189
19190,0.0,0.0,0.0,0.0,0.0,0.0,1.0,0.0,0.0,0.0,Clone_408,19190
19191,1.0,0.0,0.0,0.0,0.0,0.0,0.0,0.0,0.0,0.0,Clone_945,19191
19194,0.0,0.0,0.0,0.0,0.0,0.0,0.0,0.6,0.4,0.0,Clone_1093,19194
19196,0.0,0.0,0.0,0.0,0.0,0.0,0.0,0.0,1.0,0.0,Clone_625,19196
19214,0.0,0.0,0.0,0.0,0.0,0.0,0.0,0.825,0.175,0.0,Clone_4256,19214
19217,0.0,0.0,0.0,0.0,0.0,0.0,0.0,1.0,0.0,0.0,Clone_3480,19217
19226,0.0,0.0,0.0,0.0,0.0,0.0,0.0,0.1794871794871795,0.8205128205128205,0.0,Clone_3530,19226
19233,0.0,0.0,0.0,0.0,0.0,0.0,1.0,0.0,0.0,0.0,Clone_3660,19233
19234,0.0,0.0,0.0,0.0,0.0,1.0,0.0,0.0,0.0,0.0,Clone_1834,19234
19251,0.0,0.0,0.0,0.0,0.0,0.0,0.0,0.0,1.0,0.0,Clone_4300,19251
19261,0.0,0.0,0.0,0.0,0.0,0.0,0.0,0.0,1.0,0.0,Clone_2727,19261
19262,0.0,0.0,1.0,0.0,0.0,0.0,0.0,0.0,0.0,0.0,Clone_3247,19262
19287,0.0,0.0,0.0,0.0,0.0,0.0,0.0,0.4285714285714285,0.5714285714285714,0.0,Clone_3425,19287
19320,0.0,0.0,0.0,0.0,0.0,0.0,0.0,0.0,1.0,0.0,Clone_4513,19320
19352,0.0,0.0,0.0,0.0,0.0,0.0,0.0,1.0,0.0,0.0,Clone_4173,19352
19353,0.0,0.0,0.0,0.0,0.0,0.0,0.0,1.0,0.0,0.0,Clone_4117,19353
19365,0.0,0.0,0.0,0.0,0.0,0.0,0.0,0.0,1.0,0.0,Clone_1197,19365
19384,0.0,0.0,0.0,0.0,0.0,0.0,0.0,1.0,0.0,0.0,Clone_336,19384
19386,0.0,0.0,0.0,0.0,0.0,0.0,0.0,1.0,0.0,0.0,Clone_3959,19386
19391,0.0,0.0,0.0,0.0,0.0,0.0,0.0,0.0,1.0,0.0,Clone_5438,19391
19399,0.0,0.0,0.0,0.0,0.0,0.0,0.0,0.0,1.0,0.0,Clone_1949,19399
19400,0.0,0.0,0.0,0.0,0.0,0.0,0.0,0.0,1.0,0.0,Clone_1923,19400
19406,0.0,0.0,0.0,0.0,0.0,0.0,0.0,0.0,1.0,0.0,Clone_116,19406
19409,0.0,0.0,0.0,0.0,0.0,0.0,0.0,0.0,1.0,0.0,Clone_1993,19409
19419,0.0,0.0,0.0,0.0,0.0,0.0,0.0,0.0,1.0,0.0,Clone_3371,19419
19450,0.0,0.0,0.0,0.0,0.0,0.0,0.0,1.0,0.0,0.0,Clone_2289,19450
19458,0.0,0.0,1.0,0.0,0.0,0.0,0.0,0.0,0.0,0.0,Clone_2076,19458
19477,0.0,0.0,0.0,0.0,0.0,0.0,0.0,1.0,0.0,0.0,Clone_13,19477
19480,0.0,0.0,0.0,0.0,0.0,0.0,1.0,0.0,0.0,0.0,Clone_5312,19480
19483,0.0,0.0,0.0,0.0,0.0,0.0,0.0,0.1794871794871795,0.8205128205128205,0.0,Clone_3530,19483
19484,0.0,0.0,0.0,0.0,0.0,0.0,0.0,0.0,1.0,0.0,Clone_5040,19484
19497,0.0,0.0,0.0,0.0,0.0,0.0,0.0,0.0,1.0,0.0,Clone_2686,19497
19498,0.0,0.0,0.0,0.0,0.0,0.0,0.0,0.0,1.0,0.0,Clone_1364,19498
19499,0.0,0.0,0.0,0.0,0.0,1.0,0.0,0.0,0.0,0.0,Clone_4207,19499
19504,0.0,0.0,0.0,0.0,0.0,0.0,0.0,0.0,1.0,0.0,Clone_5737,19504
19516,0.0,0.0,0.0,0.0,0.0,0.0,0.0,0.0,1.0,0.0,Clone_4374,19516
19517,0.0,0.0,0.0,0.0,0.0,0.0,1.0,0.0,0.0,0.0,Clone_3920,19517
19533,0.0,0.0,0.0,0.0,0.0,0.0,0.0,0.0,1.0,0.0,Clone_4911,19533
19539,0.0,0.0,0.0,0.0,0.0,0.0,0.0,0.0,1.0,0.0,Clone_2334,19539
19543,0.3,0.0,0.4,0.0,0.0,0.0,0.0,0.0,0.3,0.0,Clone_5617,19543
19549,0.0,0.0,0.0,0.0,0.0,0.0,0.0,0.0,1.0,0.0,Clone_5440,19549
19554,1.0,0.0,0.0,0.0,0.0,0.0,0.0,0.0,0.0,0.0,Clone_955,19554
19556,0.75,0.0,0.0,0.0,0.0,0.0,0.0,0.0,0.25,0.0,Clone_1141,19556
19560,0.0,0.0,0.0,0.0,0.0,0.0,0.0,0.0,1.0,0.0,Clone_3880,19560
19575,0.0,0.0,0.0,0.0,0.0,0.0,0.0,0.0,1.0,0.0,Clone_4874,19575
19585,0.0,0.0,0.0,0.0,0.0,0.0,0.0,0.1111111111111111,0.8888888888888888,0.0,Clone_794,19585
19593,0.0,0.0,0.0,0.0,0.0,0.0,0.0,1.0,0.0,0.0,Clone_4173,19593
19603,0.0,0.0,0.0,0.0,0.0,0.0,0.0,1.0,0.0,0.0,Clone_571,19603
19611,0.0,0.0,0.0,0.0,0.0,0.0,0.0,1.0,0.0,0.0,Clone_1647,19611
19612,0.0,0.0,0.0,0.0,0.0,0.0,0.0,1.0,0.0,0.0,Clone_4323,19612
19615,0.0,0.0,0.0,0.0,0.0,1.0,0.0,0.0,0.0,0.0,Clone_464,19615
19619,0.0,0.0,0.0,0.0,0.0,0.0,0.0,0.0,1.0,0.0,Clone_4874,19619
19624,0.0,0.0,0.0,0.0,0.0,0.0,0.0,1.0,0.0,0.0,Clone_165,19624
19629,0.0,0.0,0.0,0.0,0.0,0.0,0.0,0.0,1.0,0.0,Clone_3233,19629
19630,0.0,0.0,0.0,0.0,0.0,0.0,1.0,0.0,0.0,0.0,Clone_2937,19630
19641,0.0,0.0,0.0,0.0,0.0,0.0,0.0,0.0,1.0,0.0,Clone_1984,19641
19645,0.0,0.0,0.0,0.0,0.0,0.0,1.0,0.0,0.0,0.0,Clone_769,19645
19675,0.0,0.0,0.0,0.0,0.0,0.0,1.0,0.0,0.0,0.0,Clone_1412,19675
19690,0.0,0.0,0.0,0.0,0.0,0.0,0.0,0.0,1.0,0.0,Clone_5803,19690
19692,0.0,0.0,0.0,0.0,0.0,0.0,0.0,1.0,0.0,0.0,Clone_2447,19692
19702,0.0,0.0,0.0,0.0,0.0,0.0,0.0,0.0,1.0,0.0,Clone_3207,19702
19703,0.0,0.0,0.0,0.0,0.0,0.0,0.0,0.0,1.0,0.0,Clone_2485,19703
19713,0.0,0.0,0.0,0.0,0.0,0.0,0.0,1.0,0.0,0.0,Clone_4333,19713
19714,0.0,0.0,0.0,0.0,0.0,0.0,0.0,0.0,1.0,0.0,Clone_5744,19714
19724,0.5,0.0,0.0,0.0,0.0,0.0,0.0,0.0,0.5,0.0,Clone_2832,19724
19741,0.0,0.0,0.0,0.0,0.0,0.0,0.0,0.0,1.0,0.0,Clone_3632,19741
19755,0.0,0.0,0.0,0.0,0.0,0.0,0.0,0.4444444444444444,0.5555555555555556,0.0,Clone_163,19755
19760,0.0,0.0,0.0,0.0,0.0,0.0,0.0,0.0,1.0,0.0,Clone_3087,19760
19781,0.0,0.0,0.0,0.0,0.0,0.0,0.0,0.0,1.0,0.0,Clone_1782,19781
19799,0.0,0.0,0.0,0.0,0.0,0.0,0.0,0.0,1.0,0.0,Clone_190,19799
19800,0.0,0.0,0.0,0.0,0.0,0.0,0.0,1.0,0.0,0.0,Clone_571,19800
19811,0.0,0.0,0.0,0.0,0.0,0.0,0.0,0.0,1.0,0.0,Clone_1759,19811
19837,0.0,0.0,0.0,0.0,0.0,0.0,0.0,1.0,0.0,0.0,Clone_4173,19837
19841,1.0,0.0,0.0,0.0,0.0,0.0,0.0,0.0,0.0,0.0,Clone_2663,19841
19846,0.0,0.0,0.0,0.0,0.0,0.0,0.0,0.0,1.0,0.0,Clone_770,19846
19856,0.0,0.0,0.0,0.0,0.0,0.0,0.0,0.0,1.0,0.0,Clone_2993,19856
19858,0.0,0.0,0.0,0.0,0.0,0.0,0.0,0.5333333333333333,0.4666666666666667,0.0,Clone_1219,19858
19859,0.0,0.0,0.0,0.0,0.0,0.0,0.0,1.0,0.0,0.0,Clone_781,19859
19865,0.0,0.0,0.0,0.0,0.0,0.0,0.0,0.0,1.0,0.0,Clone_125,19865
19874,0.0,0.0,0.0,0.0,0.0,0.0,0.0,0.0,1.0,0.0,Clone_1949,19874
19883,0.0,0.0,0.0,0.0,0.0,0.0,0.0,0.0,1.0,0.0,Clone_1909,19883
19884,0.0,0.0,0.0,0.0,0.0,0.0,0.0,0.0,1.0,0.0,Clone_4057,19884
19897,0.0,0.0,0.0,0.0,0.0,0.0,0.0,0.0,1.0,0.0,Clone_338,19897
19905,0.0,0.0,0.0,0.0,0.0,0.0,0.0,0.0,1.0,0.0,Clone_3207,19905
19919,0.8571428571428571,0.0,0.0,0.0,0.0,0.0,0.0,0.0,0.1428571428571428,0.0,Clone_283,19919
19927,0.0,1.0,0.0,0.0,0.0,0.0,0.0,0.0,0.0,0.0,Clone_5132,19927
19960,0.0,0.0,0.0,0.0,0.0666666666666666,0.0,0.0,0.9333333333333332,0.0,0.0,Clone_4287,19960
19962,0.0,0.0,0.0,0.0,0.0,0.0,0.0,0.0,1.0,0.0,Clone_2156,19962
19969,0.0,0.0,0.0,0.0,0.0,0.0,1.0,0.0,0.0,0.0,Clone_3009,19969
19976,0.0,0.0,0.0,0.0,0.0,0.0,0.0,0.0,1.0,0.0,Clone_1673,19976
19977,0.0,0.0,0.0,0.0,0.0,0.0,0.0,0.0714285714285714,0.9285714285714286,0.0,Clone_2868,19977
19982,0.0,0.0,0.0,0.0,0.0,0.0,0.0,1.0,0.0,0.0,Clone_647,19982
19996,1.0,0.0,0.0,0.0,0.0,0.0,0.0,0.0,0.0,0.0,Clone_4172,19996
20019,1.0,0.0,0.0,0.0,0.0,0.0,0.0,0.0,0.0,0.0,Clone_5356,20019
20044,0.9,0.0,0.0,0.0,0.0,0.0,0.0,0.1,0.0,0.0,Clone_5461,20044
20061,0.0,0.0,0.0,0.0,0.0,0.0,0.0,0.0,1.0,0.0,Clone_4054,20061
20081,0.0,0.0,0.0,0.0,0.0,0.0,0.0,0.5454545454545454,0.4545454545454545,0.0,Clone_2333,20081
20083,0.0,0.0,0.0,0.0,0.0,0.0,0.0,1.0,0.0,0.0,Clone_80,20083
20091,0.0,0.0,0.0,0.3333333333333333,0.0,0.6666666666666666,0.0,0.0,0.0,0.0,Clone_5550,20091
20110,0.2,0.0,0.8,0.0,0.0,0.0,0.0,0.0,0.0,0.0,Clone_5772,20110
41510,0.0,0.0,0.0,0.0,0.0,0.0,0.0,1.0,0.0,0.0,Clone_5827,41510
41515,0.0,0.0,1.0,0.0,0.0,0.0,0.0,0.0,0.0,0.0,Clone_216,41515
41592,0.0,0.0,0.0,0.0,0.0,0.0,0.0,0.0,1.0,0.0,Clone_1839,41592
41625,0.0,0.0,0.0,0.0,0.0,0.0,0.0,0.0,1.0,0.0,Clone_2703,41625
41635,0.0,0.0,0.0,0.0,0.0,0.0,0.0,0.0,1.0,0.0,Clone_973,41635
41642,0.0,0.0,0.0,0.0,0.0,0.0,0.0,0.4615384615384615,0.5384615384615384,0.0,Clone_2429,41642
41665,0.0,0.0,0.0,0.0,0.0,0.0,0.0,0.0,1.0,0.0,Clone_4018,41665
41674,0.0,0.0,0.0,0.0,1.0,0.0,0.0,0.0,0.0,0.0,Clone_5284,41674
41713,0.0,0.0,0.0,0.0,0.0,0.0,0.0,1.0,0.0,0.0,Clone_4278,41713
41726,0.0,0.0,0.0,0.0,0.0,0.0,0.0,1.0,0.0,0.0,Clone_5385,41726
41730,0.0,0.0,0.0,0.0,0.0,0.0,0.0,0.0,1.0,0.0,Clone_5602,41730
41737,0.0,0.0,0.0,0.0,0.0,0.0,0.0,0.0,1.0,0.0,Clone_322,41737
41766,0.0,0.0,0.0,0.0,0.0,0.0,0.0,1.0,0.0,0.0,Clone_3098,41766
41798,0.0,0.0,0.0,0.0,1.0,0.0,0.0,0.0,0.0,0.0,Clone_1535,41798
41820,0.0,0.0,0.0,0.0,0.0,1.0,0.0,0.0,0.0,0.0,Clone_578,41820
41821,0.0,0.0,0.0,0.0,0.0,0.0,0.0,0.0,1.0,0.0,Clone_2745,41821
41856,0.0,0.0,0.0,0.0,0.0,0.0,1.0,0.0,0.0,0.0,Clone_3684,41856
41860,0.0,0.0,0.0,0.0,0.0,0.0,0.0,1.0,0.0,0.0,Clone_4885,41860
41903,0.0,0.0,0.0,0.0,0.0,0.0,0.0,1.0,0.0,0.0,Clone_1066,41903
41909,0.0,0.0,0.0,0.0,0.0,0.0,0.0,1.0,0.0,0.0,Clone_3648,41909
41936,0.0,0.0,0.0,0.0,0.0,0.0,0.0,1.0,0.0,0.0,Clone_3098,41936
41971,1.0,0.0,0.0,0.0,0.0,0.0,0.0,0.0,0.0,0.0,Clone_1029,41971
41975,0.0,0.0,0.0,0.0,1.0,0.0,0.0,0.0,0.0,0.0,Clone_5467,41975
41977,0.0,0.0,0.0,0.0,0.0,0.0,0.0,1.0,0.0,0.0,Clone_2542,41977
41979,0.0,0.0,0.0,0.0,0.0,0.0,0.0,0.8571428571428571,0.1428571428571428,0.0,Clone_721,41979
42005,0.0,0.0,0.0,0.0,0.0,0.0,0.0,0.0,1.0,0.0,Clone_3861,42005
42021,0.0,0.0,0.0,0.0,0.0,0.0,1.0,0.0,0.0,0.0,Clone_5712,42021
42025,0.0,0.0,0.0,0.0,0.0,0.0,0.0,0.0,1.0,0.0,Clone_5138,42025
42044,0.0,0.0,0.0,0.0,0.0,0.0,0.0,1.0,0.0,0.0,Clone_3780,42044
42049,0.0,0.0,0.0,0.0,0.0,0.0,1.0,0.0,0.0,0.0,Clone_4630,42049
42054,0.0,0.0,0.0,0.0,0.0,0.0,0.0,0.0,1.0,0.0,Clone_10,42054
42056,0.0,0.0,0.0,0.0,0.0,0.0,0.0,0.0,1.0,0.0,Clone_3407,42056
42066,0.0,0.0,0.0,0.0,0.0,0.0,0.0,0.0,1.0,0.0,Clone_39,42066
42068,0.0,0.0,0.0,0.0,0.0,0.0,0.0,0.9166666666666666,0.0833333333333333,0.0,Clone_1453,42068
42099,0.0,0.0,0.0,0.0,0.0,0.0,0.0,1.0,0.0,0.0,Clone_5381,42099
42123,0.0,0.0,0.0,0.0,0.0,0.0,0.0,0.0,1.0,0.0,Clone_1134,42123
42128,0.0,0.0,0.0,0.0,0.0,0.0,0.0,1.0,0.0,0.0,Clone_1837,42128
42151,0.0,0.0,0.0,0.0,0.0,0.0,0.0,0.0,1.0,0.0,Clone_2902,42151
42160,0.0,0.0,0.0,0.0,0.0,0.0,0.0,1.0,0.0,0.0,Clone_3964,42160
42161,0.25,0.0,0.0,0.0,0.0,0.0,0.0,0.0,0.75,0.0,Clone_1368,42161
42181,0.0,0.0,0.0,0.0,1.0,0.0,0.0,0.0,0.0,0.0,Clone_3838,42181
42198,0.0,0.0,0.0,0.0,0.0,0.0,0.0,0.0,1.0,0.0,Clone_1289,42198
42205,0.0,0.0,0.0,0.0,0.0,0.0,0.0,0.875,0.125,0.0,Clone_641,42205
42219,0.0,0.0,0.0,0.0,0.0,0.0,0.0,0.0,1.0,0.0,Clone_4751,42219
42224,0.0,0.0,0.0,0.0,0.0,0.0,0.0,0.0,1.0,0.0,Clone_191,42224
42234,0.0,0.0,0.0,0.0,0.0,0.0,0.0,0.9230769230769232,0.0769230769230769,0.0,Clone_5130,42234
42251,0.8461538461538461,0.0,0.0,0.0,0.0,0.0,0.0,0.0,0.1538461538461538,0.0,Clone_1441,42251
42279,0.0,0.0,0.0,0.0,0.0,0.0,1.0,0.0,0.0,0.0,Clone_5545,42279
42296,0.0,0.0,0.0,0.0,0.0,0.0,0.0,0.0,1.0,0.0,Clone_4365,42296
42303,1.0,0.0,0.0,0.0,0.0,0.0,0.0,0.0,0.0,0.0,Clone_4505,42303
42318,0.0,0.0,0.0,0.0,0.0,0.0,1.0,0.0,0.0,0.0,Clone_753,42318
42321,0.0,0.0,0.0,0.0,0.0,0.0,0.0,1.0,0.0,0.0,Clone_4653,42321
42359,0.0,0.0,0.0,0.0,0.0,0.0,0.0,0.0,1.0,0.0,Clone_5138,42359
42387,0.0,0.0,0.0,0.0,0.0,0.0,0.0,1.0,0.0,0.0,Clone_4586,42387
42412,0.0,0.0,0.0,0.0,0.0,0.0,0.0,1.0,0.0,0.0,Clone_2296,42412
42467,0.0,0.0,0.0,0.0,0.0,0.0,0.0,1.0,0.0,0.0,Clone_1837,42467
42490,0.0,0.0,0.0,0.0,0.0,0.0,0.0,0.0,1.0,0.0,Clone_4584,42490
42492,0.0,0.0,0.0,0.0,0.0,0.0,0.0,0.0,1.0,0.0,Clone_1086,42492
42502,0.0,0.0,0.0,0.0,0.0,0.0,0.0,1.0,0.0,0.0,Clone_2383,42502
42503,0.0,0.0,0.0,0.0,0.0,1.0,0.0,0.0,0.0,0.0,Clone_1216,42503
42510,1.0,0.0,0.0,0.0,0.0,0.0,0.0,0.0,0.0,0.0,Clone_5734,42510
42512,0.0,0.0,0.0,0.0,0.0,0.0,0.0,0.0,1.0,0.0,Clone_5853,42512
42547,0.0,0.0,0.0,0.0,0.0,0.0,0.0,0.8064516129032258,0.1935483870967742,0.0,Clone_5563,42547
42584,0.0,0.0,0.0,0.0,0.0,0.0,0.0,1.0,0.0,0.0,Clone_232,42584
42589,0.0,0.0,0.0,0.0,0.0,0.0,0.0,1.0,0.0,0.0,Clone_5512,42589
42639,1.0,0.0,0.0,0.0,0.0,0.0,0.0,0.0,0.0,0.0,Clone_1990,42639
42664,0.0,0.0,0.0,0.0,0.0,0.0,0.0,1.0,0.0,0.0,Clone_4775,42664
42678,0.0,0.0,0.0,0.0,0.0,1.0,0.0,0.0,0.0,0.0,Clone_1216,42678
42691,0.0,0.0,0.0,0.0,1.0,0.0,0.0,0.0,0.0,0.0,Clone_3235,42691
42708,0.0,0.0,0.0,0.0,0.0,0.0,0.0,0.0,1.0,0.0,Clone_4360,42708
42720,0.0,0.0,0.0,0.0,0.0,0.0,0.0,0.0,1.0,0.0,Clone_2549,42720
42741,0.0,0.0,0.0,0.0,0.0,0.0,0.0,1.0,0.0,0.0,Clone_5114,42741
42775,0.0,0.0,0.0,0.0,0.0,0.0,0.0,1.0,0.0,0.0,Clone_5413,42775
42776,0.0,0.0,0.0,0.0,0.0,0.0,0.0,1.0,0.0,0.0,Clone_442,42776
42780,0.5,0.0,0.0,0.0,0.0,0.0,0.0,0.0,0.5,0.0,Clone_5817,42780
42810,0.0,0.0,0.0,0.0,0.0,0.0,0.0,0.0,1.0,0.0,Clone_1846,42810
42844,0.0,0.0,0.0,0.0,0.0,0.0,0.0,1.0,0.0,0.0,Clone_3709,42844
42857,0.0,0.0,0.0,0.0,0.0,0.0,0.0,0.0,1.0,0.0,Clone_3155,42857
42880,0.0,0.0,0.0,0.0,0.0,0.0,0.0,1.0,0.0,0.0,Clone_4357,42880
42917,0.0,0.0,1.0,0.0,0.0,0.0,0.0,0.0,0.0,0.0,Clone_216,42917
42961,0.0,0.0,0.0,0.0,0.0,0.0,0.0,1.0,0.0,0.0,Clone_1111,42961
43005,0.0,0.0,0.0,0.0,0.0,0.0,0.0,0.0,1.0,0.0,Clone_5657,43005
43006,0.0,0.0,0.0,0.0,0.0,0.0,0.0,0.0,1.0,0.0,Clone_2788,43006
43029,0.0,0.0,0.0,0.0,0.0,0.0,0.0,0.0,1.0,0.0,Clone_3856,43029
43033,0.6666666666666666,0.0,0.0,0.0,0.0,0.0,0.0,0.0,0.3333333333333333,0.0,Clone_3136,43033
43068,0.0,0.0,0.0,0.0,0.0,0.0,0.0,1.0,0.0,0.0,Clone_956,43068
43069,0.0,0.0,0.0,0.0,0.0,0.0,0.0,1.0,0.0,0.0,Clone_3731,43069
43070,0.0,0.0,0.0,0.0,0.0,0.0,0.0,0.0,1.0,0.0,Clone_111,43070
43071,0.0,0.0,0.0,0.0,0.0,0.0,1.0,0.0,0.0,0.0,Clone_3588,43071
43072,0.0,0.0,0.0,0.0,0.0,0.0,0.0,0.0,1.0,0.0,Clone_1489,43072
43126,0.0,0.0,0.0,0.0,0.0,0.0,0.0,1.0,0.0,0.0,Clone_4795,43126
43130,0.0,0.2,0.0,0.0,0.0,0.0,0.0,0.2,0.6,0.0,Clone_155,43130
43144,0.0,0.0,0.0,0.0,0.0,0.0,0.0,1.0,0.0,0.0,Clone_3938,43144
43172,0.0,0.0,0.0,0.0,0.0,0.0,0.0,0.0,1.0,0.0,Clone_5685,43172
43206,0.0,0.0,0.0,0.0,0.0,0.0,0.0,0.0,1.0,0.0,Clone_2782,43206
43272,0.0,0.0,0.0,0.0,1.0,0.0,0.0,0.0,0.0,0.0,Clone_2872,43272
43287,0.0,0.0,0.0,0.0,0.0,0.0,0.0,0.8333333333333334,0.1666666666666666,0.0,Clone_1149,43287
43295,0.0,0.0,0.0,0.0,0.0,0.0,0.0,1.0,0.0,0.0,Clone_4195,43295
43297,0.0,0.0,0.0,0.0,1.0,0.0,0.0,0.0,0.0,0.0,Clone_550,43297
43304,0.0,0.0,0.0,0.0,1.0,0.0,0.0,0.0,0.0,0.0,Clone_1422,43304
43325,0.0,0.0,0.0,0.0,0.0,0.0,0.0,1.0,0.0,0.0,Clone_188,43325
43348,1.0,0.0,0.0,0.0,0.0,0.0,0.0,0.0,0.0,0.0,Clone_4004,43348
43369,0.0,0.0,0.0,0.0,0.0,0.0,0.0,0.0,1.0,0.0,Clone_98,43369
43390,0.0,0.0,0.0,0.0,0.0,0.0,0.0,0.0,1.0,0.0,Clone_5380,43390
43405,0.0,0.0,0.0,0.0,0.0,0.0,0.0,1.0,0.0,0.0,Clone_1873,43405
43416,0.0,0.0,0.0,0.0,0.0,0.0,0.0,0.0,1.0,0.0,Clone_4484,43416
43450,0.0,0.0,0.0,0.0,0.0,0.0,0.0,1.0,0.0,0.0,Clone_1804,43450
43455,0.0,0.0,0.0,0.0,0.0,0.0,0.0,1.0,0.0,0.0,Clone_5402,43455
43463,0.0,0.0,0.0,0.0,0.0,0.0,0.0,0.0,1.0,0.0,Clone_2030,43463
43496,0.0,0.0,0.0,0.0,0.0,0.0,0.0,0.0,1.0,0.0,Clone_2636,43496
43524,0.0,0.0,0.0,0.0,0.0,0.0,0.0,1.0,0.0,0.0,Clone_4106,43524
43534,0.0,0.0,0.0,0.0,0.0,0.0,0.0,1.0,0.0,0.0,Clone_521,43534
43568,0.0,0.0,0.0,0.0,0.0,0.0,0.0,1.0,0.0,0.0,Clone_1272,43568
43569,0.0,0.0,0.0,0.0,0.0,0.0,1.0,0.0,0.0,0.0,Clone_542,43569
43634,1.0,0.0,0.0,0.0,0.0,0.0,0.0,0.0,0.0,0.0,Clone_1990,43634
43639,0.0,0.0,0.0,0.0,0.0,0.0,0.0,1.0,0.0,0.0,Clone_1428,43639
43640,0.0,0.0,0.0,0.0,0.0,0.0,0.0,1.0,0.0,0.0,Clone_3591,43640
43672,0.0,0.0,0.0,0.0,0.0,0.0,0.0,1.0,0.0,0.0,Clone_3333,43672
43677,0.0,0.0,0.0,0.0,0.0,0.0,0.0,0.0,1.0,0.0,Clone_5291,43677
43712,1.0,0.0,0.0,0.0,0.0,0.0,0.0,0.0,0.0,0.0,Clone_4549,43712
43745,0.0,0.0,0.0,0.0,0.0,0.0,0.0,1.0,0.0,0.0,Clone_237,43745
43751,0.0,0.0,0.0,0.0,0.0,0.0,0.0,1.0,0.0,0.0,Clone_3200,43751
43766,0.0,0.0,0.0,0.0,0.0,0.0,0.0,0.0,1.0,0.0,Clone_1421,43766
43791,0.8,0.0,0.0,0.0,0.0,0.0,0.0,0.0,0.2,0.0,Clone_327,43791
43799,0.0,0.0,0.0,0.0,0.0,0.0,0.0,1.0,0.0,0.0,Clone_1335,43799
43817,0.0,0.0,0.0,0.0,0.0,0.0,0.0,0.0,1.0,0.0,Clone_3433,43817
43836,0.0,0.0,0.0,0.0,0.0,0.0,0.0,1.0,0.0,0.0,Clone_1579,43836
43839,0.0,0.0,0.0,0.0,0.0,0.0,0.0,0.0,1.0,0.0,Clone_2312,43839
43888,0.0,0.0,0.0,0.0,0.0,0.0,0.0,0.6666666666666666,0.3333333333333333,0.0,Clone_2860,43888
43930,0.0,0.0,0.0,0.0,0.0,0.0,0.0,0.0,1.0,0.0,Clone_111,43930
43936,0.0,0.0,0.0,0.0,0.0,0.0,0.0,0.0,1.0,0.0,Clone_4018,43936
43944,0.0,0.0,0.0,0.0,0.0,0.0,0.0,0.0,1.0,0.0,Clone_763,43944
43948,0.0,0.0,0.0,0.0,0.0,0.0,0.0,0.5,0.5,0.0,Clone_574,43948
43975,0.0,0.0,0.0,0.0,0.0,0.0,0.0,1.0,0.0,0.0,Clone_2829,43975
44011,0.0,0.0,0.0,0.0,0.0,0.0,0.0,0.0,1.0,0.0,Clone_5162,44011
44085,1.0,0.0,0.0,0.0,0.0,0.0,0.0,0.0,0.0,0.0,Clone_888,44085
44090,0.0,0.0,0.0,0.0,0.0,0.0,0.0,1.0,0.0,0.0,Clone_4106,44090
44127,0.0,0.3333333333333333,0.0,0.0,0.0,0.0,0.0,0.0,0.6666666666666666,0.0,Clone_1255,44127
44129,1.0,0.0,0.0,0.0,0.0,0.0,0.0,0.0,0.0,0.0,Clone_1894,44129
44144,1.0,0.0,0.0,0.0,0.0,0.0,0.0,0.0,0.0,0.0,Clone_90,44144
44152,1.0,0.0,0.0,0.0,0.0,0.0,0.0,0.0,0.0,0.0,Clone_2062,44152
44162,0.0,0.0,0.0,0.0,0.0,0.0,0.0,1.0,0.0,0.0,Clone_3481,44162
44170,0.0,0.0,0.0,0.0,0.0,0.0,0.0,0.0,1.0,0.0,Clone_1380,44170
44172,0.0,0.0,0.0,0.0,0.0,0.0,0.0,1.0,0.0,0.0,Clone_3862,44172
44201,0.0,0.0,0.0,0.0,0.0,0.0,0.0,0.0,1.0,0.0,Clone_1612,44201
44282,0.0,0.0,0.0,0.0,0.0,0.0,0.0,0.4444444444444444,0.5555555555555556,0.0,Clone_2928,44282
44286,0.6666666666666666,0.0,0.0,0.0,0.0,0.0,0.0,0.3333333333333333,0.0,0.0,Clone_5117,44286
44302,0.0,0.0,0.0,0.0,1.0,0.0,0.0,0.0,0.0,0.0,Clone_3838,44302
44320,1.0,0.0,0.0,0.0,0.0,0.0,0.0,0.0,0.0,0.0,Clone_1990,44320
44346,1.0,0.0,0.0,0.0,0.0,0.0,0.0,0.0,0.0,0.0,Clone_5614,44346
44408,0.0,0.0,0.0,0.0,0.0,0.0,0.0,1.0,0.0,0.0,Clone_4682,44408
44428,0.0,0.0,0.0,0.0,0.0,0.0,0.0,0.0,1.0,0.0,Clone_506,44428
44470,1.0,0.0,0.0,0.0,0.0,0.0,0.0,0.0,0.0,0.0,Clone_2151,44470
44472,0.0,0.0,1.0,0.0,0.0,0.0,0.0,0.0,0.0,0.0,Clone_216,44472
44474,0.0,0.0,0.0,0.0,0.0,0.0,0.0,1.0,0.0,0.0,Clone_1926,44474
44476,0.0,0.0,0.0,0.0,0.0,0.0,0.0,1.0,0.0,0.0,Clone_1272,44476
44479,0.5714285714285714,0.0,0.0,0.0,0.0,0.0,0.0,0.0,0.4285714285714285,0.0,Clone_3140,44479
44496,0.0,0.0,0.0,0.0,0.0,0.0,0.0,1.0,0.0,0.0,Clone_5704,44496
44509,0.0,0.0,0.0,0.0,0.0,0.0,0.0,0.0,1.0,0.0,Clone_2812,44509
44516,0.0,0.0,0.0,0.0,0.0,0.0,1.0,0.0,0.0,0.0,Clone_5594,44516
44528,0.0,0.0,0.0,0.0,0.0,0.0,0.0,1.0,0.0,0.0,Clone_2880,44528
44549,0.0,0.0,0.0,0.0,0.0,0.0,0.0,1.0,0.0,0.0,Clone_5397,44549
44614,0.0,0.0,0.0,0.0,0.0,0.0,0.0,1.0,0.0,0.0,Clone_2342,44614
44619,0.0,0.0,0.0,0.0,0.0,0.0,0.0,0.0,1.0,0.0,Clone_4018,44619
44675,0.25,0.0,0.0,0.0,0.0,0.0,0.0,0.0,0.75,0.0,Clone_2602,44675
44698,0.0,0.0,0.0,0.0,0.0,0.0,0.0,0.7058823529411765,0.2941176470588235,0.0,Clone_5109,44698
44735,0.0,0.0,0.0,0.0,0.0,0.0,0.0,1.0,0.0,0.0,Clone_1201,44735
44766,0.0,0.0,0.0,0.0,0.0,0.0,0.0,1.0,0.0,0.0,Clone_1198,44766
44772,0.0,0.0,0.0,0.0,0.0,0.0,0.0,1.0,0.0,0.0,Clone_1873,44772
44775,0.0,0.0,0.8333333333333334,0.0,0.0,0.0,0.0,0.0,0.1666666666666666,0.0,Clone_2311,44775
44788,0.0,0.0,0.0,0.0,0.0,0.0,0.0,0.9,0.1,0.0,Clone_1808,44788
44811,0.0,0.0,0.0,0.0,0.0,0.0,0.0,1.0,0.0,0.0,Clone_4841,44811
44825,0.0,0.0,0.0,0.0,1.0,0.0,0.0,0.0,0.0,0.0,Clone_68,44825
44867,0.0,0.0,0.0,0.0,0.0,0.0,0.0,1.0,0.0,0.0,Clone_4682,44867
44870,0.0,0.0,0.0,0.0,0.0,0.0,0.0,0.0,1.0,0.0,Clone_191,44870
44886,0.0,0.0,0.0,0.0,0.0,0.0,0.0,0.3333333333333333,0.6666666666666666,0.0,Clone_2601,44886
44890,0.0,0.0,0.0,0.0,1.0,0.0,0.0,0.0,0.0,0.0,Clone_517,44890
44916,1.0,0.0,0.0,0.0,0.0,0.0,0.0,0.0,0.0,0.0,Clone_2750,44916
44941,0.0,0.0,0.0,0.0,0.0,0.0,0.0,1.0,0.0,0.0,Clone_3325,44941
44963,1.0,0.0,0.0,0.0,0.0,0.0,0.0,0.0,0.0,0.0,Clone_1696,44963
44966,0.0,0.0,0.0,0.0,0.0,0.0,0.0,0.0,1.0,0.0,Clone_2359,44966
45002,0.0,0.0,0.0,0.0,0.0,0.0,0.0,1.0,0.0,0.0,Clone_166,45002
45036,0.0,0.0,0.0,0.0,0.0,0.0,0.0,1.0,0.0,0.0,Clone_3906,45036
45037,0.0,0.0,0.0,0.0,0.0,0.0,0.0,0.0,1.0,0.0,Clone_1153,45037
45040,0.0,0.0,0.0,0.0,1.0,0.0,0.0,0.0,0.0,0.0,Clone_5300,45040
45052,1.0,0.0,0.0,0.0,0.0,0.0,0.0,0.0,0.0,0.0,Clone_1029,45052
45142,0.0,0.0,0.0,0.0,0.0,0.0,0.0,0.0,1.0,0.0,Clone_399,45142
45153,1.0,0.0,0.0,0.0,0.0,0.0,0.0,0.0,0.0,0.0,Clone_636,45153
45178,0.0,0.0,0.0,0.0,0.0,0.0,0.0,0.0,1.0,0.0,Clone_5731,45178
45223,0.0,0.0,0.0,0.0,0.0,0.0,0.0,1.0,0.0,0.0,Clone_2906,45223
45224,0.0,0.0,0.0,0.0,0.0,0.0,0.0,0.0,1.0,0.0,Clone_3010,45224
45227,0.0,0.0,0.0,0.0,1.0,0.0,0.0,0.0,0.0,0.0,Clone_3235,45227
45228,0.0,0.0,0.0,0.0,0.0,0.0,0.0,1.0,0.0,0.0,Clone_3938,45228
45231,0.0,0.0,0.0,0.0,0.0,0.0,1.0,0.0,0.0,0.0,Clone_1928,45231
45232,0.0,0.0,0.0,0.0,0.0,0.0,0.0,1.0,0.0,0.0,Clone_3069,45232
45234,0.0,0.0,0.0,0.0,0.0,0.0,0.0,1.0,0.0,0.0,Clone_4003,45234
45273,0.0,0.0,0.0,0.0,0.0,0.0,0.0,1.0,0.0,0.0,Clone_2437,45273
45287,0.0,0.0,0.0,0.0,0.0,0.0,0.0,0.0,1.0,0.0,Clone_1288,45287
45294,0.0,0.0,0.0,0.0,0.0,0.0,0.0,1.0,0.0,0.0,Clone_345,45294
45296,0.0,0.0,0.0,0.0,0.0,0.0,0.0,0.0,1.0,0.0,Clone_1901,45296
45335,0.0,0.0,0.0,0.0,0.0,1.0,0.0,0.0,0.0,0.0,Clone_462,45335
45381,0.0,0.0,0.0,0.0,0.0,0.0,1.0,0.0,0.0,0.0,Clone_3452,45381
45383,0.0,0.0,0.0,0.0,0.0,0.0,0.0,1.0,0.0,0.0,Clone_5131,45383
45385,0.0,0.0,0.0,0.0,0.0,0.0,0.0,0.0,1.0,0.0,Clone_2782,45385
45403,0.0,0.0,0.0,0.0,0.0,0.0,0.0,0.0,1.0,0.0,Clone_4526,45403
45414,0.0,0.0,0.0,0.0,0.0,0.0,0.0,1.0,0.0,0.0,Clone_1240,45414
45415,0.0,0.0,0.0,0.0,1.0,0.0,0.0,0.0,0.0,0.0,Clone_2080,45415
45419,0.0,0.0,0.0,0.0,0.0,0.0,0.0,1.0,0.0,0.0,Clone_4589,45419
45435,0.0,0.0,0.0,0.0,0.0,0.0,0.0,1.0,0.0,0.0,Clone_2880,45435
45449,0.0,0.0,0.0,0.0,0.0,0.0,0.0,0.0,1.0,0.0,Clone_2204,45449
45509,0.0,0.0,0.0,0.0,0.0,0.0,0.0,1.0,0.0,0.0,Clone_3496,45509
45519,0.0,0.0,0.0,0.0,0.0,0.0,0.0,1.0,0.0,0.0,Clone_45,45519
45521,0.0,0.0,0.0,0.0,0.0,0.0,0.0,0.0,1.0,0.0,Clone_2897,45521
45524,0.0,0.0,0.0,0.0,0.0,0.0,0.0,0.9285714285714286,0.0714285714285714,0.0,Clone_1667,45524
45534,0.0,0.0,0.0,0.0,0.0,0.0,0.0,0.0,1.0,0.0,Clone_2549,45534
45555,0.0,0.0,0.0,0.0,0.0,0.0,0.0,1.0,0.0,0.0,Clone_775,45555
45556,0.0,0.0,0.0,0.0,0.0,0.0,0.0,0.0,1.0,0.0,Clone_3944,45556
45558,1.0,0.0,0.0,0.0,0.0,0.0,0.0,0.0,0.0,0.0,Clone_1030,45558
45573,1.0,0.0,0.0,0.0,0.0,0.0,0.0,0.0,0.0,0.0,Clone_2284,45573
45589,0.0,0.0,0.0,0.0,0.0,0.0,0.0,0.0,1.0,0.0,Clone_191,45589
45594,0.0,0.0,0.0,0.0,0.0,0.0,0.0,0.0,1.0,0.0,Clone_5657,45594
45597,1.0,0.0,0.0,0.0,0.0,0.0,0.0,0.0,0.0,0.0,Clone_946,45597
45599,0.0,0.0,0.0,0.0,0.0,0.0,0.0,0.5,0.5,0.0,Clone_4445,45599
45601,0.0,0.0,0.0,0.0,0.0,0.0,0.0,0.5,0.5,0.0,Clone_4445,45601
45631,0.0,0.0,0.0,0.0,0.0,0.0,0.0,1.0,0.0,0.0,Clone_3621,45631
45635,0.0,0.0,0.0,0.0,0.0,0.0,0.0,0.0,1.0,0.0,Clone_3215,45635
45648,0.0,0.0,0.0,0.0,0.0,0.0,0.0,0.9166666666666666,0.0833333333333333,0.0,Clone_1453,45648
45659,0.0,0.0,0.0,0.0,0.0,0.0,0.0,1.0,0.0,0.0,Clone_743,45659
45668,0.0,0.0,0.0,0.0,0.0,0.0,0.0,0.5,0.5,0.0,Clone_4551,45668
45669,0.0,0.0,0.0,0.0,0.0,0.0,0.0,1.0,0.0,0.0,Clone_5131,45669
45682,0.0,0.0,0.0,0.0,0.0,0.0,0.0,0.8333333333333334,0.1666666666666666,0.0,Clone_4396,45682
45717,0.0,0.0,0.0,0.0,0.0,0.0,0.0,1.0,0.0,0.0,Clone_4119,45717
45765,0.0,0.0,0.0,0.0,0.0,0.0,0.0,0.0,1.0,0.0,Clone_4373,45765
45795,0.0,0.0,0.0,0.0,1.0,0.0,0.0,0.0,0.0,0.0,Clone_5467,45795
45820,0.0,0.0,0.0,0.0,0.0,0.0,0.0,0.0,1.0,0.0,Clone_3824,45820
45834,0.6666666666666666,0.0,0.0,0.0,0.0,0.0,0.0,0.3333333333333333,0.0,0.0,Clone_5117,45834
45857,0.0,0.0,0.0,0.0,0.0,0.0,0.0,0.0,1.0,0.0,Clone_5388,45857
45888,0.0,0.5,0.0,0.0,0.5,0.0,0.0,0.0,0.0,0.0,Clone_1360,45888
45973,0.0,0.0,0.0,0.0,1.0,0.0,0.0,0.0,0.0,0.0,Clone_5799,45973
45985,0.9090909090909092,0.0,0.0,0.0,0.0,0.0,0.0,0.0,0.0909090909090909,0.0,Clone_2433,45985
46007,0.0,0.0,0.0,0.0,0.0,0.0,0.0,0.25,0.75,0.0,Clone_2922,46007
46044,0.0,0.0,0.0,0.0,0.0,0.0,0.0,1.0,0.0,0.0,Clone_5616,46044
46046,0.0,0.0,0.0,0.0,0.0,0.0,0.0,1.0,0.0,0.0,Clone_277,46046
46049,0.0,0.0,0.0,0.0,0.0,0.0,0.0,0.0,1.0,0.0,Clone_2933,46049
46055,0.0,0.0,0.0,0.0,0.0,0.0,0.0,1.0,0.0,0.0,Clone_3311,46055
46069,0.0,0.0,0.0,0.0,0.0,0.0,0.0,0.0,1.0,0.0,Clone_922,46069
46072,0.0,0.0,0.0,0.0,0.0,0.0,0.0,1.0,0.0,0.0,Clone_5616,46072
46099,0.0,0.0,0.0,0.0,0.0,0.0,0.0,0.0,1.0,0.0,Clone_2037,46099
46101,0.0,0.0,0.0,0.0,0.0,0.0,0.0,1.0,0.0,0.0,Clone_2088,46101
46102,0.0,0.0,0.0,0.0,0.0,0.0,0.0,1.0,0.0,0.0,Clone_2880,46102
46118,0.0,0.0,0.0,0.0,0.0,0.0,0.0,1.0,0.0,0.0,Clone_1597,46118
46131,0.0,0.0,0.0,1.0,0.0,0.0,0.0,0.0,0.0,0.0,Clone_1052,46131
46137,0.0,0.0,0.0,0.0,0.0,0.0,0.0,1.0,0.0,0.0,Clone_3587,46137
46152,0.0,0.0,0.0,0.0,0.0,0.0,0.0,1.0,0.0,0.0,Clone_2943,46152
46155,1.0,0.0,0.0,0.0,0.0,0.0,0.0,0.0,0.0,0.0,Clone_2373,46155
46158,0.0,0.0,0.0,0.0,0.0,0.0,0.0,1.0,0.0,0.0,Clone_269,46158
46273,0.0,0.0,0.0,0.0,0.0,0.0,0.0,1.0,0.0,0.0,Clone_1066,46273
46278,0.0,0.0,0.0,0.0,0.0,0.0,0.0,1.0,0.0,0.0,Clone_4794,46278
46326,1.0,0.0,0.0,0.0,0.0,0.0,0.0,0.0,0.0,0.0,Clone_4661,46326
46327,0.0,0.0,0.0,0.0,0.0,0.0,0.0,1.0,0.0,0.0,Clone_2088,46327
46385,0.0,0.0,0.0,0.0,0.0,0.0,0.0,0.0,1.0,0.0,Clone_849,46385
46421,0.0,0.0,0.0,0.0,0.3333333333333333,0.0,0.0,0.6666666666666666,0.0,0.0,Clone_1028,46421
46463,0.0,0.0,0.0,0.0,1.0,0.0,0.0,0.0,0.0,0.0,Clone_5095,46463
46496,1.0,0.0,0.0,0.0,0.0,0.0,0.0,0.0,0.0,0.0,Clone_4004,46496
46512,0.0,0.0,0.0,0.0,0.0,0.0,0.0,1.0,0.0,0.0,Clone_5862,46512
46513,0.0,0.0,0.0,0.0,1.0,0.0,0.0,0.0,0.0,0.0,Clone_1976,46513
46539,0.625,0.0,0.125,0.0,0.0,0.0,0.0,0.0,0.25,0.0,Clone_3595,46539
46553,1.0,0.0,0.0,0.0,0.0,0.0,0.0,0.0,0.0,0.0,Clone_3873,46553
46559,0.0,0.0,0.0,0.0,0.0,0.0,0.0,0.0,1.0,0.0,Clone_506,46559
46571,0.0,0.0,0.0,0.0,0.0,0.0,0.0,0.0,1.0,0.0,Clone_294,46571
46575,0.0,0.0,0.0,0.0,1.0,0.0,0.0,0.0,0.0,0.0,Clone_3062,46575
46609,1.0,0.0,0.0,0.0,0.0,0.0,0.0,0.0,0.0,0.0,Clone_90,46609
46634,0.0,0.0,0.0,0.0,0.0,0.0,0.0,0.0,1.0,0.0,Clone_3599,46634
46636,0.0,0.0,0.0,0.0,0.0,0.0,0.0,1.0,0.0,0.0,Clone_5005,46636
46638,0.0,0.0,0.0,0.0,0.0,0.0,0.0,1.0,0.0,0.0,Clone_1975,46638
46652,0.0,0.0,0.0,0.0,0.0,0.0,0.0,0.0,1.0,0.0,Clone_5502,46652
46673,0.0,0.0,0.0,0.0,0.0,0.0,0.0,0.0,1.0,0.0,Clone_2347,46673
46675,0.1,0.0,0.0,0.0,0.0,0.0,0.0,0.8,0.1,0.0,Clone_4087,46675
46727,0.0,0.0,0.0,0.0,0.0,0.0,0.0,1.0,0.0,0.0,Clone_3656,46727
46771,0.0,0.0,0.0,0.0,0.0,0.0,0.0,1.0,0.0,0.0,Clone_3496,46771
46808,1.0,0.0,0.0,0.0,0.0,0.0,0.0,0.0,0.0,0.0,Clone_2314,46808
46819,1.0,0.0,0.0,0.0,0.0,0.0,0.0,0.0,0.0,0.0,Clone_2284,46819
46823,0.0,0.0,0.0,0.0,0.0,0.0,0.0,0.0,1.0,0.0,Clone_4674,46823
46864,0.0,0.0,0.0,0.0,0.0,0.0,0.0,1.0,0.0,0.0,Clone_5764,46864
46881,0.0,0.0,0.0,0.0,0.0,0.0,0.0,0.0,1.0,0.0,Clone_831,46881
46883,0.0,0.0,0.0,0.0,0.0,0.0,0.0,1.0,0.0,0.0,Clone_239,46883
46889,0.0,0.1428571428571428,0.0,0.0,0.1428571428571428,0.0,0.0,0.7142857142857143,0.0,0.0,Clone_2232,46889
46916,1.0,0.0,0.0,0.0,0.0,0.0,0.0,0.0,0.0,0.0,Clone_3289,46916
46918,0.0,0.0,0.0,0.0,0.0,0.0,0.0,1.0,0.0,0.0,Clone_2712,46918
46924,0.0,0.0,0.0,0.0,0.0,0.0,0.0,1.0,0.0,0.0,Clone_3715,46924
46955,0.0,0.0,0.0,0.0,0.0,1.0,0.0,0.0,0.0,0.0,Clone_1118,46955
46957,0.0,0.0,0.0,0.0,0.0,0.0,0.0,1.0,0.0,0.0,Clone_5397,46957
46965,0.0,0.0,0.0,0.0,0.0,0.0,0.0,1.0,0.0,0.0,Clone_5196,46965
46996,0.0,0.0,0.0,0.0,0.0,0.0,0.0,0.0,1.0,0.0,Clone_565,46996
47007,0.0,0.0,0.0,0.0,1.0,0.0,0.0,0.0,0.0,0.0,Clone_1976,47007
47036,0.0,0.0,0.0,0.0,0.0,0.0,0.0,0.0,1.0,0.0,Clone_1965,47036
47054,0.0,0.0,0.0,0.0,0.0,0.0,0.0,1.0,0.0,0.0,Clone_2917,47054
47057,1.0,0.0,0.0,0.0,0.0,0.0,0.0,0.0,0.0,0.0,Clone_2284,47057
47076,0.8571428571428571,0.0,0.0,0.0,0.0,0.1428571428571428,0.0,0.0,0.0,0.0,Clone_3663,47076
47115,0.0,0.0,0.0,0.0,0.0,0.0,0.0,1.0,0.0,0.0,Clone_3519,47115
47116,0.0,0.0,0.8333333333333334,0.0,0.0,0.0,0.0,0.0,0.1666666666666666,0.0,Clone_2311,47116
47120,0.0,0.0,0.0,0.0,0.0,0.0,0.0,0.3333333333333333,0.6666666666666666,0.0,Clone_5384,47120
47123,0.0,0.0,0.0,0.0,0.0,0.0,0.0,0.3333333333333333,0.6666666666666666,0.0,Clone_1292,47123
47129,0.0,0.0,0.0,0.0,0.0,0.0,0.0,1.0,0.0,0.0,Clone_277,47129
47144,0.8,0.0,0.0,0.2,0.0,0.0,0.0,0.0,0.0,0.0,Clone_448,47144
47164,0.0,0.0,0.0,0.0,0.0,0.0,0.0,0.0,1.0,0.0,Clone_849,47164
47182,0.0,0.0,0.0,0.0,1.0,0.0,0.0,0.0,0.0,0.0,Clone_3062,47182
47185,0.0,0.0,0.0,0.0,0.0,0.0,0.0,1.0,0.0,0.0,Clone_5713,47185
47211,0.0,0.0,0.0,0.0,1.0,0.0,0.0,0.0,0.0,0.0,Clone_3980,47211
47229,0.0,0.0,0.0,0.0,0.0,0.0,0.0,1.0,0.0,0.0,Clone_2742,47229
47258,0.0,0.0,0.0,0.0,0.0,0.0,0.0,0.0,1.0,0.0,Clone_3769,47258
47262,0.0,0.0,0.0,0.0,0.0,0.0,0.0,1.0,0.0,0.0,Clone_4795,47262
47268,0.0,0.0,0.0,0.0,0.0,0.0,0.0,1.0,0.0,0.0,Clone_1551,47268
47334,0.0,0.0,0.0,0.0,0.0,0.0,0.0,0.0,1.0,0.0,Clone_1416,47334
47345,0.0,0.0,0.0,0.0,1.0,0.0,0.0,0.0,0.0,0.0,Clone_4156,47345
47369,1.0,0.0,0.0,0.0,0.0,0.0,0.0,0.0,0.0,0.0,Clone_5626,47369
47392,0.0,0.0,0.0,0.0,0.0,0.0,0.0,1.0,0.0,0.0,Clone_1240,47392
47400,0.0,0.0,0.0,0.0,0.0,0.0,0.0,1.0,0.0,0.0,Clone_5,47400
47415,1.0,0.0,0.0,0.0,0.0,0.0,0.0,0.0,0.0,0.0,Clone_90,47415
47419,0.0,0.0,0.0,0.0,0.0,0.0,0.0,0.0,1.0,0.0,Clone_2054,47419
47424,0.0,0.0,0.0,0.0,1.0,0.0,0.0,0.0,0.0,0.0,Clone_3838,47424
47484,0.0,0.0,0.0,0.0,0.0,0.0,0.0,1.0,0.0,0.0,Clone_5405,47484
47492,0.0,0.0,0.0,0.0,1.0,0.0,0.0,0.0,0.0,0.0,Clone_5300,47492
47585,0.0,0.0,0.0,0.0,0.0,0.0,0.0,1.0,0.0,0.0,Clone_3156,47585
47598,0.0,0.0,0.0,0.0,0.0,0.0,0.0,0.0,1.0,0.0,Clone_3463,47598
47643,0.0,0.0,0.0,0.0,0.0,0.0,0.0,1.0,0.0,0.0,Clone_1190,47643
47675,0.0,0.0,0.0,0.0,0.0,0.0,0.0,1.0,0.0,0.0,Clone_606,47675
47690,0.0,0.0,0.0,0.0,0.0,0.0,0.0,1.0,0.0,0.0,Clone_2484,47690
47715,0.0,0.0,0.0,0.0,0.0,0.0,0.0,1.0,0.0,0.0,Clone_4925,47715
47719,0.0,0.0,0.0,0.0,0.0,0.0,0.0,0.0,1.0,0.0,Clone_2694,47719
47735,0.5384615384615384,0.0,0.0,0.0,0.0,0.1923076923076923,0.0,0.0,0.2692307692307692,0.0,Clone_5273,47735
47753,0.0,0.0,0.0,0.0,1.0,0.0,0.0,0.0,0.0,0.0,Clone_639,47753
47766,0.0,0.0,0.0,0.0,0.0,0.0,0.0,1.0,0.0,0.0,Clone_2152,47766
47773,0.0,0.5,0.0,0.0,0.5,0.0,0.0,0.0,0.0,0.0,Clone_1360,47773
47789,0.0,0.0,0.0,0.0,0.0,0.0,0.0,1.0,0.0,0.0,Clone_2258,47789
47828,0.0,0.0,0.0,0.0,0.0,0.0,0.0,1.0,0.0,0.0,Clone_1201,47828
47893,0.0,0.0,0.0,0.0,1.0,0.0,0.0,0.0,0.0,0.0,Clone_3980,47893
47908,0.0,0.0,0.0,0.0,0.0,0.0,0.0,1.0,0.0,0.0,Clone_5498,47908
47940,1.0,0.0,0.0,0.0,0.0,0.0,0.0,0.0,0.0,0.0,Clone_4291,47940
47941,0.0,0.0,0.0,0.0,0.0,0.0,0.0,0.0,1.0,0.0,Clone_849,47941
47942,0.0,0.0,0.0,0.0,0.0,0.0,1.0,0.0,0.0,0.0,Clone_674,47942
47946,0.0,0.0,0.0,0.0,0.0,0.0,0.0,1.0,0.0,0.0,Clone_237,47946
47947,0.0,0.0,0.0,0.0,0.0,0.0,0.0,1.0,0.0,0.0,Clone_1586,47947
47954,0.0,0.0,0.0,0.0,0.0,0.0,0.0,0.0,1.0,0.0,Clone_2240,47954
47977,0.0,0.0,0.0,0.0,0.0,0.0,0.0,0.3333333333333333,0.6666666666666666,0.0,Clone_3134,47977
47990,0.0,0.0,0.0,0.0,0.0,0.0,0.0,1.0,0.0,0.0,Clone_331,47990
47999,0.0,0.0,0.0,0.0,1.0,0.0,0.0,0.0,0.0,0.0,Clone_5799,47999
48008,0.0,0.0,0.0,0.0,0.0,0.0,0.0,0.0,1.0,0.0,Clone_1086,48008
48029,0.5,0.0,0.0,0.0,0.0,0.5,0.0,0.0,0.0,0.0,Clone_5720,48029
48043,0.0,0.0,0.0,0.0,0.0,0.0,0.0,1.0,0.0,0.0,Clone_4682,48043
48091,0.0,0.0,0.0,0.0,0.0,0.0,0.0,1.0,0.0,0.0,Clone_1783,48091
48096,0.0,0.0,0.0,0.0,0.0,0.0,0.0,0.0,1.0,0.0,Clone_3599,48096
48098,0.0,0.0,0.0,0.0,0.0,0.0,1.0,0.0,0.0,0.0,Clone_5030,48098
48126,0.0,0.0,0.0,0.0,1.0,0.0,0.0,0.0,0.0,0.0,Clone_68,48126
48154,0.0,0.0,0.0,0.0,0.0,0.0,1.0,0.0,0.0,0.0,Clone_3279,48154
48155,0.0,0.0,0.0,0.0,0.0,0.0,0.0,1.0,0.0,0.0,Clone_521,48155
48164,0.0,0.0,0.0,0.0,0.0,0.0,0.0,0.1666666666666666,0.8333333333333334,0.0,Clone_3560,48164
48176,0.0,0.0,0.0,0.0,0.0,0.0,0.0,0.0,1.0,0.0,Clone_1850,48176
48199,0.0,0.0,0.0,0.0,0.0,0.0,0.0,0.0,1.0,0.0,Clone_2897,48199
48216,0.0,0.0,0.0,0.0,1.0,0.0,0.0,0.0,0.0,0.0,Clone_3980,48216
48314,1.0,0.0,0.0,0.0,0.0,0.0,0.0,0.0,0.0,0.0,Clone_953,48314
48315,0.0,0.0,0.0,0.0,0.0,0.0,0.0,0.1666666666666666,0.8333333333333334,0.0,Clone_4397,48315
48320,0.0,0.0,0.0,0.0,0.0,0.0,0.0,1.0,0.0,0.0,Clone_5806,48320
48347,0.0,0.0,0.0,0.0,0.0,0.0,0.0,1.0,0.0,0.0,Clone_1272,48347
48348,0.0,0.0,0.0,0.0,0.0,0.0,0.0,0.3333333333333333,0.6666666666666666,0.0,Clone_1292,48348
48350,0.0,0.0,0.0,0.0,0.0,0.0,0.0,0.0,1.0,0.0,Clone_1901,48350
48352,0.0,0.0,0.0,0.0,0.0,0.0,0.0,1.0,0.0,0.0,Clone_586,48352
48355,0.5,0.0,0.0,0.0,0.0,0.0,0.0,0.0,0.5,0.0,Clone_3868,48355
48356,0.0,0.0,0.0,0.0,0.0,0.0,0.0,1.0,0.0,0.0,Clone_3137,48356
48383,0.0,0.0,0.0,0.0,0.0,0.0,0.0,0.0,1.0,0.0,Clone_2504,48383
48385,0.0,0.0,0.0,0.0,1.0,0.0,0.0,0.0,0.0,0.0,Clone_5467,48385
48411,0.0,0.0,0.0,0.0,0.0,0.0,0.0,1.0,0.0,0.0,Clone_4485,48411
48451,0.0,0.0,0.0,0.0,0.0,0.0,0.0,0.0,1.0,0.0,Clone_4233,48451
48497,0.0,0.0,0.0,0.0,0.0,0.0,0.0,1.0,0.0,0.0,Clone_2530,48497
48528,0.0,0.0,0.0,0.0,0.0,0.0,0.0,1.0,0.0,0.0,Clone_5307,48528
48537,0.0,0.0,0.0,0.0,0.0,0.0,0.0,0.0,1.0,0.0,Clone_922,48537
48538,0.0,0.0,0.0,0.0,0.0,0.0,0.0,0.0,1.0,0.0,Clone_2139,48538
48580,0.0,0.0,0.0,0.0,0.0,0.0,0.0,1.0,0.0,0.0,Clone_1183,48580
48603,0.0,0.0,0.0,0.0,0.0,0.0,0.0,1.0,0.0,0.0,Clone_4281,48603
48614,0.0,0.0,0.0,0.0,0.0,0.0,0.0,0.0,1.0,0.0,Clone_1289,48614
48616,0.0,0.0,0.0,0.0,0.0,0.0,0.0,0.0,1.0,0.0,Clone_4443,48616
48633,1.0,0.0,0.0,0.0,0.0,0.0,0.0,0.0,0.0,0.0,Clone_1234,48633
48642,0.0,0.0,0.0,0.0,0.0,0.0,0.0,0.0,1.0,0.0,Clone_452,48642
48647,1.0,0.0,0.0,0.0,0.0,0.0,0.0,0.0,0.0,0.0,Clone_4613,48647
48653,0.5384615384615384,0.0,0.0,0.0,0.0,0.1923076923076923,0.0,0.0,0.2692307692307692,0.0,Clone_5273,48653
48679,0.0,0.0,0.0,0.0,0.0,0.0,0.0,1.0,0.0,0.0,Clone_179,48679
48687,0.0,0.0,0.0,0.0,0.0,0.0,0.0,0.0,1.0,0.0,Clone_1839,48687
48690,0.0,0.0,0.0,0.0,0.0,0.0,0.0,1.0,0.0,0.0,Clone_4297,48690
48695,0.0,0.0,0.0,0.0,1.0,0.0,0.0,0.0,0.0,0.0,Clone_5493,48695
48733,0.0,0.0,0.0,0.0,0.0,0.0,0.0,1.0,0.0,0.0,Clone_3496,48733
48747,0.0,0.0,0.0,0.0,0.0,0.0,0.0,1.0,0.0,0.0,Clone_3459,48747
48761,1.0,0.0,0.0,0.0,0.0,0.0,0.0,0.0,0.0,0.0,Clone_361,48761
48773,1.0,0.0,0.0,0.0,0.0,0.0,0.0,0.0,0.0,0.0,Clone_361,48773
48777,0.0,0.0,0.0,0.0,0.0,0.0,0.0,0.0,1.0,0.0,Clone_2813,48777
48787,0.0,0.0,0.0,0.0,0.0,0.0,0.0,1.0,0.0,0.0,Clone_2158,48787
48810,1.0,0.0,0.0,0.0,0.0,0.0,0.0,0.0,0.0,0.0,Clone_2062,48810
48825,0.0,0.0,0.0,0.0,0.0,0.0,0.0,1.0,0.0,0.0,Clone_4586,48825
48834,0.0,0.0,0.0,0.0,0.0,0.0,0.0,1.0,0.0,0.0,Clone_2484,48834
48878,0.0,0.0,0.0,0.0,1.0,0.0,0.0,0.0,0.0,0.0,Clone_5457,48878
48902,0.0,0.0,0.0,0.0,0.0,0.0,0.0,1.0,0.0,0.0,Clone_1783,48902
48932,0.0,0.0,0.0,0.0,0.0,0.0,0.0,1.0,0.0,0.0,Clone_5704,48932
48933,0.3333333333333333,0.0,0.0,0.0,0.0,0.0,0.0,0.0,0.6666666666666666,0.0,Clone_837,48933
48980,0.0,1.0,0.0,0.0,0.0,0.0,0.0,0.0,0.0,0.0,Clone_6,48980
48982,0.0,0.0,0.0,0.0,0.0,0.0,0.0,1.0,0.0,0.0,Clone_2286,48982
48988,0.0,0.0,0.0,0.0,0.0,0.0,0.0,1.0,0.0,0.0,Clone_2732,48988
49065,0.0,0.0,0.0,0.0,0.0,0.0,0.0,1.0,0.0,0.0,Clone_807,49065
49089,0.0,0.0,0.0,0.0,0.0,0.0,0.0,1.0,0.0,0.0,Clone_2558,49089
49103,0.0,0.0,0.0,0.0,0.0,0.0,0.0,1.0,0.0,0.0,Clone_2581,49103
49167,0.0,0.0,0.0,0.0,0.0,0.0,0.0,0.0,1.0,0.0,Clone_2825,49167
49172,0.0,0.0,0.0,0.0,0.0,0.0,0.0,1.0,0.0,0.0,Clone_3835,49172
49197,0.0,0.0,0.0,0.0,0.0,0.0,0.0,1.0,0.0,0.0,Clone_892,49197
49206,0.0,0.0,0.0,0.0,0.0,0.0,0.0,0.0,1.0,0.0,Clone_5026,49206
49220,0.0,0.0,0.0,0.0,0.0,0.0,0.0,0.875,0.125,0.0,Clone_38,49220
49280,0.0,1.0,0.0,0.0,0.0,0.0,0.0,0.0,0.0,0.0,Clone_1379,49280
49281,0.0,0.0,0.0,0.0,0.0,0.0,0.0,0.0,1.0,0.0,Clone_1253,49281
49287,0.0,0.0,0.0,0.0,0.0,0.0,0.0,0.2857142857142857,0.7142857142857143,0.0,Clone_3033,49287
49290,0.0,0.0,0.0,0.0,0.0,0.0,0.0,1.0,0.0,0.0,Clone_684,49290
49354,0.0,0.0,0.0,0.0,0.0,0.0,0.0,1.0,0.0,0.0,Clone_3156,49354
49372,0.0,0.0,0.0,0.0,0.0,0.0,0.0,1.0,0.0,0.0,Clone_1952,49372
49427,0.0,0.0,0.0,0.0,0.0,0.0,0.0,0.0,1.0,0.0,Clone_4651,49427
49434,1.0,0.0,0.0,0.0,0.0,0.0,0.0,0.0,0.0,0.0,Clone_3289,49434
49435,0.0,0.0,0.0,0.0,0.0,0.0,0.0,1.0,0.0,0.0,Clone_4106,49435
49441,0.0,0.0,0.0,0.0,0.0,0.0,0.0,0.75,0.25,0.0,Clone_3570,49441
49466,1.0,0.0,0.0,0.0,0.0,0.0,0.0,0.0,0.0,0.0,Clone_90,49466
49471,0.0,0.0,0.0,0.0,0.0,0.0,0.0,1.0,0.0,0.0,Clone_3417,49471
49500,0.0,0.0,0.0,0.0,0.0,0.0,0.0,1.0,0.0,0.0,Clone_3095,49500
49501,0.0,0.0,0.0,0.0,0.0,0.0,0.0,1.0,0.0,0.0,Clone_3708,49501
49532,0.0,0.0,0.0,0.0,0.0,0.0,0.0,0.0,1.0,0.0,Clone_3231,49532
49550,0.0,0.0,0.0,0.0,0.0,0.0,0.0,1.0,0.0,0.0,Clone_4192,49550
49560,0.0,0.0,0.0,0.0,0.0,0.0,1.0,0.0,0.0,0.0,Clone_2316,49560
49591,0.0,0.0,0.0,0.0,0.0,0.0,0.0,1.0,0.0,0.0,Clone_3719,49591
49620,0.0,0.0,0.0,0.0,0.0,0.0,0.0,1.0,0.0,0.0,Clone_1335,49620
49642,0.0,0.0,0.0,0.0,0.0,0.0,0.0,0.0,1.0,0.0,Clone_4123,49642
49668,0.25,0.0,0.0,0.0,0.0,0.0,0.0,0.0,0.75,0.0,Clone_1368,49668
49671,0.0,0.0,0.0,0.0,0.0,0.0,0.0,0.0,1.0,0.0,Clone_191,49671
49692,1.0,0.0,0.0,0.0,0.0,0.0,0.0,0.0,0.0,0.0,Clone_3191,49692
49696,0.0,0.0,0.0,0.0,0.0,0.0,0.0,1.0,0.0,0.0,Clone_830,49696
49741,0.4444444444444444,0.0,0.0,0.0,0.0,0.0,0.0,0.0,0.5555555555555556,0.0,Clone_5012,49741
49760,0.0,0.0,0.0,0.0,0.0,0.0,0.0,1.0,0.0,0.0,Clone_4357,49760
49764,0.0,0.0,0.0,0.0,0.0,0.0,0.0,0.0,1.0,0.0,Clone_3853,49764
49769,0.0,0.0,0.0,0.0,0.0,0.0,0.0,0.0,1.0,0.0,Clone_4644,49769
49785,0.0,0.0,0.0,0.0,0.0,0.0,0.0,0.0,1.0,0.0,Clone_1520,49785
49790,0.0,0.0,0.0,0.0,0.0,0.0,0.0,1.0,0.0,0.0,Clone_5616,49790
49815,0.0,0.0,0.0,0.0,0.0,0.0,0.0,1.0,0.0,0.0,Clone_1300,49815
49844,0.1,0.0,0.0,0.0,0.0,0.0,0.0,0.8,0.1,0.0,Clone_4087,49844
49853,0.0,0.0,0.0,0.0,0.0,0.0,0.0,1.0,0.0,0.0,Clone_5015,49853
49861,0.0,0.3333333333333333,0.0,0.0,0.0,0.0,0.0,0.0,0.6666666666666666,0.0,Clone_1255,49861
49892,0.0,0.0,0.0,0.0,0.0,0.0,0.0,0.0,1.0,0.0,Clone_1520,49892
49900,0.0,0.0,0.0,0.0,0.0,0.0,0.0,0.0,1.0,0.0,Clone_1823,49900
49929,0.0,0.0,0.0,0.0,1.0,0.0,0.0,0.0,0.0,0.0,Clone_2234,49929
49938,0.0,0.0,0.0,0.0,0.0,0.0,0.0,0.1176470588235294,0.8823529411764706,0.0,Clone_2905,49938
49950,0.0,0.0,0.0,0.0,0.0,0.0,0.0,0.0,1.0,0.0,Clone_2376,49950
49975,0.0,0.0,0.0,0.0,0.0,0.0,0.0,1.0,0.0,0.0,Clone_2880,49975
49978,0.0,0.0,0.0,0.0,0.0,0.0,0.0,1.0,0.0,0.0,Clone_1182,49978
49980,0.0,0.0,0.0,0.0,1.0,0.0,0.0,0.0,0.0,0.0,Clone_1447,49980
50006,0.0,0.0,0.0,0.0,0.0,0.0,0.0,1.0,0.0,0.0,Clone_950,50006
50008,0.0,0.0,0.0,0.0,0.0,0.0,0.0,1.0,0.0,0.0,Clone_5206,50008
50010,0.0,0.0,0.0,0.0,1.0,0.0,0.0,0.0,0.0,0.0,Clone_5427,50010
50011,0.0,0.0,0.0,0.0,0.0,0.0,0.0,1.0,0.0,0.0,Clone_679,50011
50030,0.0,0.0,0.0,0.0,0.0,0.0,0.0,1.0,0.0,0.0,Clone_830,50030
50102,0.0,0.0,0.0,0.0,0.0,0.0,0.0,1.0,0.0,0.0,Clone_2500,50102
50136,0.0,0.0,0.0,0.0,0.0,0.0,0.0,1.0,0.0,0.0,Clone_4872,50136
50168,0.0,0.0,0.0,0.0,1.0,0.0,0.0,0.0,0.0,0.0,Clone_4947,50168
50171,0.0,0.0,0.0,0.0,0.0,0.0,0.0,1.0,0.0,0.0,Clone_4442,50171
50172,0.0,0.0,0.0,0.0,0.0,0.0,0.0,1.0,0.0,0.0,Clone_2558,50172
50174,0.0,0.0,0.0,0.0,0.0,0.0,0.0,0.5,0.5,0.0,Clone_4646,50174
50199,0.0,0.0,0.0,0.0,0.0,0.0,0.0,1.0,0.0,0.0,Clone_802,50199
50231,0.7142857142857143,0.0,0.0,0.0,0.0,0.2857142857142857,0.0,0.0,0.0,0.0,Clone_1631,50231
50238,0.0,0.1428571428571428,0.0,0.0,0.1428571428571428,0.0,0.0,0.7142857142857143,0.0,0.0,Clone_2232,50238
50254,0.0,0.0,0.0,0.0,0.0,0.0,0.0,1.0,0.0,0.0,Clone_3708,50254
50259,0.0,0.0,0.0,0.0,0.0,0.0,0.0,1.0,0.0,0.0,Clone_4014,50259
50277,0.0,0.0,0.0,0.0,0.0,0.0,0.0,1.0,0.0,0.0,Clone_4044,50277
50279,0.0,0.0,0.0,0.0,0.0,0.0,0.0,1.0,0.0,0.0,Clone_2296,50279
50281,0.0,0.0,0.0,0.0,0.0,0.0,0.0,0.25,0.75,0.0,Clone_1438,50281
50282,0.0,0.0,0.0,0.0,0.0,0.0,0.0,1.0,0.0,0.0,Clone_3333,50282
50283,0.0,0.0,0.0,0.0,0.0,0.0,0.0,1.0,0.0,0.0,Clone_3900,50283
50294,0.0,0.0,0.0,0.0,0.0,0.0,0.0,0.0,1.0,0.0,Clone_3319,50294
50330,0.0,0.0,0.0,0.0,0.0,0.0,0.0,1.0,0.0,0.0,Clone_269,50330
50335,0.0,0.0,0.0,0.0,0.0,0.0,0.0,1.0,0.0,0.0,Clone_4331,50335
50355,0.0,0.0,0.0,0.0,1.0,0.0,0.0,0.0,0.0,0.0,Clone_3299,50355
50379,0.0,0.0,0.0,0.0,0.0,0.0,0.0,0.0,1.0,0.0,Clone_1232,50379
50419,0.0,0.0,0.0,0.0,0.0,0.0,0.0,0.0,1.0,0.0,Clone_2269,50419
50429,0.0,0.0,0.0,0.0,0.0,0.0,0.0,0.0,1.0,0.0,Clone_3562,50429
50454,0.0,0.0,0.0,0.0,0.0,0.0,0.0,0.0,1.0,0.0,Clone_2362,50454
50457,0.0,0.0,0.0,0.0,0.0,0.0,0.0,0.0,1.0,0.0,Clone_1314,50457
50492,0.0,0.0,0.0,0.0,0.0,0.0,0.0,1.0,0.0,0.0,Clone_2581,50492
50516,0.0,0.0,0.0,0.0,0.0,0.0,0.0,1.0,0.0,0.0,Clone_847,50516
50537,0.0,0.0,0.0,0.0,0.0,0.0,0.0,0.0,1.0,0.0,Clone_177,50537
50561,0.0,0.0,0.0,0.0,0.0,0.0,0.0,0.8620689655172413,0.1379310344827586,0.0,Clone_1448,50561
50565,0.0,0.0,0.0,0.0,0.0,0.0,0.0,0.0,1.0,0.0,Clone_1823,50565
50572,0.0,0.0,0.0,0.0,0.5,0.0,0.0,0.5,0.0,0.0,Clone_4732,50572
50591,0.0,0.0,0.0,0.0,0.0,0.0,0.0,0.5,0.5,0.0,Clone_3667,50591
50616,0.0,0.0,0.0,0.0,1.0,0.0,0.0,0.0,0.0,0.0,Clone_3235,50616
50635,0.0,0.0,0.0,0.0,0.0,0.0,0.0,0.0,1.0,0.0,Clone_3524,50635
50636,0.0,0.0,0.0,0.0,0.0,0.0,0.0,1.0,0.0,0.0,Clone_1306,50636
50642,0.0,0.0,0.0,0.0,0.0,0.0,0.0,0.9230769230769232,0.0769230769230769,0.0,Clone_5130,50642
50664,0.0,0.0,0.0,0.0,0.0,0.0,0.0,0.75,0.25,0.0,Clone_3369,50664
50665,0.0,0.0,0.0,0.0,0.0,0.0,0.0,1.0,0.0,0.0,Clone_775,50665
50675,0.0,0.0,0.0,0.0,1.0,0.0,0.0,0.0,0.0,0.0,Clone_4716,50675
50689,0.0,0.0,0.0,0.0,0.0,0.0,0.0,1.0,0.0,0.0,Clone_2880,50689
50752,1.0,0.0,0.0,0.0,0.0,0.0,0.0,0.0,0.0,0.0,Clone_5566,50752
50781,0.0,0.0,0.0,0.0,0.0,0.0,0.0,0.1176470588235294,0.8823529411764706,0.0,Clone_2905,50781
50795,0.0,0.0,0.0,0.0,0.0,0.0,0.0,1.0,0.0,0.0,Clone_744,50795
50821,0.0,0.0,0.0,0.0,0.0,0.0,0.0,0.0,1.0,0.0,Clone_4373,50821
50870,1.0,0.0,0.0,0.0,0.0,0.0,0.0,0.0,0.0,0.0,Clone_3396,50870
50873,0.0,0.0,0.0,0.0,0.0,0.0,0.0,0.5,0.5,0.0,Clone_3667,50873
50906,0.0,0.0,0.0,0.0,0.0,0.0,0.0,0.7058823529411765,0.2941176470588235,0.0,Clone_5109,50906
50908,0.0,0.0,0.0,0.0,0.0,0.0,0.0,1.0,0.0,0.0,Clone_684,50908
50909,0.0,0.0,0.0,0.0,0.0,0.0,0.0,0.0,1.0,0.0,Clone_92,50909
50929,0.0,0.0,0.0,0.0,0.0,0.0,0.0,0.0,1.0,0.0,Clone_2801,50929
50931,1.0,0.0,0.0,0.0,0.0,0.0,0.0,0.0,0.0,0.0,Clone_2440,50931
50934,0.0,0.0,0.0,0.0,0.0,0.0,0.0,0.0,1.0,0.0,Clone_51,50934
50944,0.0,0.0,0.0,0.0,0.75,0.0,0.0,0.25,0.0,0.0,Clone_3277,50944
50955,0.0,0.0,0.0,0.0,0.0,0.0,0.0,0.0,1.0,0.0,Clone_2571,50955
50961,0.0,0.0,0.0,0.0,0.0,0.0,0.0,0.75,0.25,0.0,Clone_3570,50961
51007,0.0,0.0,0.0,0.0,0.0,0.0,0.0,1.0,0.0,0.0,Clone_1607,51007
51017,0.0,0.0,0.0,0.0,1.0,0.0,0.0,0.0,0.0,0.0,Clone_2436,51017
51066,0.0,0.0,0.0,0.0,0.0,0.0,0.0,1.0,0.0,0.0,Clone_5401,51066
51073,0.0,0.0,0.0,0.0,0.0,1.0,0.0,0.0,0.0,0.0,Clone_5277,51073
51074,0.0,0.0,0.0,0.0,1.0,0.0,0.0,0.0,0.0,0.0,Clone_4269,51074
51087,0.0,0.0,0.0,0.0,1.0,0.0,0.0,0.0,0.0,0.0,Clone_4754,51087
51099,1.0,0.0,0.0,0.0,0.0,0.0,0.0,0.0,0.0,0.0,Clone_2890,51099
51102,0.0,0.0,0.0,0.0,0.0,0.0,0.0,1.0,0.0,0.0,Clone_4442,51102
51132,0.0,0.0,0.0,0.0,0.0,0.0,0.0,0.5,0.5,0.0,Clone_3400,51132
51157,1.0,0.0,0.0,0.0,0.0,0.0,0.0,0.0,0.0,0.0,Clone_3505,51157
51183,0.0,0.0,0.0,0.0,0.0,0.0,0.0,1.0,0.0,0.0,Clone_3261,51183
51186,0.0,0.0,0.0,0.0,1.0,0.0,0.0,0.0,0.0,0.0,Clone_2292,51186
51240,0.0,0.0,0.0,0.0,0.0,0.0,0.0,1.0,0.0,0.0,Clone_141,51240
51254,0.0,0.0,0.0,0.0,0.0,0.0,0.0,1.0,0.0,0.0,Clone_5355,51254
51264,0.0,0.0,0.0,0.0,0.0,0.0,0.0,1.0,0.0,0.0,Clone_3095,51264
51279,0.0,0.0,0.0,0.0,0.0,0.0,0.0,1.0,0.0,0.0,Clone_3491,51279
51294,0.9,0.0,0.0,0.0,0.0,0.0,0.0,0.0,0.1,0.0,Clone_2092,51294
51337,0.0,0.0,0.0,0.0,0.0,0.0,0.0,0.5,0.5,0.0,Clone_4445,51337
51344,0.0,0.0,0.0,0.0,0.0,0.0,0.0,1.0,0.0,0.0,Clone_847,51344
51368,0.0,0.0,0.0,0.0,0.0,0.0,0.0,0.0,1.0,0.0,Clone_1232,51368
51369,0.0,0.0,0.0,0.0,0.0,0.0,0.0,1.0,0.0,0.0,Clone_4102,51369
51372,0.0,0.0,0.0,0.0,0.0,0.0,0.0,0.0,1.0,0.0,Clone_4776,51372
51373,0.0,0.0,0.0,0.0,0.0,0.0,0.0,1.0,0.0,0.0,Clone_3313,51373
51375,1.0,0.0,0.0,0.0,0.0,0.0,0.0,0.0,0.0,0.0,Clone_1299,51375
51393,1.0,0.0,0.0,0.0,0.0,0.0,0.0,0.0,0.0,0.0,Clone_2151,51393
51396,0.0,0.0,0.0,0.0,0.0,0.0,0.0,1.0,0.0,0.0,Clone_3128,51396
51401,0.0,0.0,0.0,0.0,0.0,0.0,0.0,0.0,1.0,0.0,Clone_2821,51401
51431,1.0,0.0,0.0,0.0,0.0,0.0,0.0,0.0,0.0,0.0,Clone_1247,51431
51453,0.0,0.0,0.0,0.0,0.0,0.0,0.0,0.0,1.0,0.0,Clone_1520,51453
51481,0.0,0.0,0.0,0.0,0.0,0.0,0.0,0.0,1.0,0.0,Clone_2054,51481
51531,1.0,0.0,0.0,0.0,0.0,0.0,0.0,0.0,0.0,0.0,Clone_740,51531
51535,0.0,0.0,0.0,0.0,0.0,0.0,0.0,0.0,1.0,0.0,Clone_4138,51535
51537,0.0,0.0,0.0,0.0,0.0,0.0,0.0,1.0,0.0,0.0,Clone_5659,51537
51580,0.0,0.0,0.0,0.0,0.0,0.0,1.0,0.0,0.0,0.0,Clone_1064,51580
51588,0.0,0.0,0.0,0.0,0.0,0.0,0.0,0.0,1.0,0.0,Clone_2790,51588
51604,0.0,0.0,0.0,0.0,0.0,0.0,0.0,0.0,1.0,0.0,Clone_501,51604
51607,0.0,0.0,0.0,0.0,0.0,0.0,0.0,1.0,0.0,0.0,Clone_4988,51607
51621,1.0,0.0,0.0,0.0,0.0,0.0,0.0,0.0,0.0,0.0,Clone_90,51621
51625,0.0,0.0,0.0,0.0,1.0,0.0,0.0,0.0,0.0,0.0,Clone_5491,51625
51675,0.0,0.0,0.0,0.0,1.0,0.0,0.0,0.0,0.0,0.0,Clone_5095,51675
51730,0.0,0.0,0.0,0.0,0.0,0.0,0.0,0.0,1.0,0.0,Clone_4011,51730
51733,0.625,0.0,0.125,0.0,0.0,0.0,0.0,0.0,0.25,0.0,Clone_3595,51733
51760,0.0,0.0,0.0,0.0,0.0,0.0,0.0,1.0,0.0,0.0,Clone_1952,51760
51779,0.0,0.0,0.0,0.0,0.0,0.0,0.0,0.0,1.0,0.0,Clone_2209,51779
51780,0.0,0.0,0.0,0.0,0.0,0.0,0.0,0.0,1.0,0.0,Clone_4689,51780
51856,0.0,0.0,0.0,0.0,0.0,0.0,0.0,0.0,1.0,0.0,Clone_4747,51856
51885,0.0,0.0,0.0,0.0,0.0,0.0,0.0,0.0,1.0,0.0,Clone_312,51885
51886,0.0,0.0,0.0,0.0,0.0,0.0,0.0,0.1428571428571428,0.8571428571428571,0.0,Clone_2747,51886
51889,0.0,0.0,0.0,0.0,0.0,0.0,0.0,0.0,1.0,0.0,Clone_4747,51889
51903,0.0,0.0,0.0,0.0,0.0,0.0,0.0,1.0,0.0,0.0,Clone_1873,51903
51914,0.0,0.0,0.0,0.0,1.0,0.0,0.0,0.0,0.0,0.0,Clone_5552,51914
51916,0.0,0.0,0.0,0.0,0.0,0.0,0.0,1.0,0.0,0.0,Clone_3900,51916
51917,0.0,0.0,0.0,0.0,0.0,0.0,0.0,0.5,0.5,0.0,Clone_1262,51917
51930,0.0,0.0,0.0,0.0,0.0,0.0,0.0,0.0,1.0,0.0,Clone_3363,51930
51939,0.0,0.0,0.0,0.0,0.0,0.0,0.0,0.4615384615384615,0.5384615384615384,0.0,Clone_2429,51939
51958,0.0,0.0,0.0,0.0,0.0,0.0,0.0,1.0,0.0,0.0,Clone_3709,51958
52045,0.0,0.0,0.0,0.0,0.0,0.0,0.0,0.0,1.0,0.0,Clone_3816,52045
52050,0.0,0.0,0.0,0.0,0.0,0.0,0.0,0.8333333333333334,0.1666666666666666,0.0,Clone_1149,52050
52056,1.0,0.0,0.0,0.0,0.0,0.0,0.0,0.0,0.0,0.0,Clone_3130,52056
52086,0.0,0.0,0.0,0.0,0.0,0.0,0.0,1.0,0.0,0.0,Clone_3095,52086
52109,1.0,0.0,0.0,0.0,0.0,0.0,0.0,0.0,0.0,0.0,Clone_2744,52109
52111,0.0,0.0,0.0,0.0,0.0,0.0,0.0,1.0,0.0,0.0,Clone_3200,52111
52151,0.0,0.0,0.0,0.0,0.0,0.0,0.0,1.0,0.0,0.0,Clone_3004,52151
52158,1.0,0.0,0.0,0.0,0.0,0.0,0.0,0.0,0.0,0.0,Clone_1247,52158
52210,0.0,0.0,0.0,0.0,0.0,0.0,0.0,0.0,1.0,0.0,Clone_2996,52210
52240,0.0,0.0,0.0,0.0,0.0,0.0,0.0,0.5,0.5,0.0,Clone_4646,52240
52295,0.0,0.0,0.0,0.0,0.0,0.0,0.0,1.0,0.0,0.0,Clone_5328,52295
52321,0.0,0.0,0.0,0.0,0.0,0.0,0.0,0.0,1.0,0.0,Clone_294,52321
52326,0.0,0.0,0.0,0.0,0.0,0.0,0.0,0.0,1.0,0.0,Clone_1823,52326
52336,0.0,0.0,0.0,0.0,0.0,0.0,0.0,1.0,0.0,0.0,Clone_5806,52336
52357,0.0,0.0,0.0,0.0,0.0,0.0,0.0,1.0,0.0,0.0,Clone_905,52357
52364,0.0,0.0,0.0,0.0,1.0,0.0,0.0,0.0,0.0,0.0,Clone_5493,52364
52367,0.0,0.0,0.0,0.0,0.0,0.0,0.0,0.0,1.0,0.0,Clone_3795,52367
52369,1.0,0.0,0.0,0.0,0.0,0.0,0.0,0.0,0.0,0.0,Clone_2431,52369
52394,0.0,0.0,0.0,0.0,0.0,0.0,0.0,0.0,1.0,0.0,Clone_1491,52394
52397,1.0,0.0,0.0,0.0,0.0,0.0,0.0,0.0,0.0,0.0,Clone_700,52397
52426,1.0,0.0,0.0,0.0,0.0,0.0,0.0,0.0,0.0,0.0,Clone_3254,52426
52443,1.0,0.0,0.0,0.0,0.0,0.0,0.0,0.0,0.0,0.0,Clone_2093,52443
52473,0.0,0.0,0.0,0.0,0.0,0.0,0.0,1.0,0.0,0.0,Clone_5490,52473
52492,1.0,0.0,0.0,0.0,0.0,0.0,0.0,0.0,0.0,0.0,Clone_946,52492
52499,0.0,0.0,0.0,0.0,0.0,0.0,0.0,1.0,0.0,0.0,Clone_2742,52499
52518,0.0,0.0,0.0,0.0,0.0,0.0,0.0,1.0,0.0,0.0,Clone_4523,52518
52537,0.0,0.0,0.0,0.0,0.0,0.0,0.0,1.0,0.0,0.0,Clone_2989,52537
52558,0.0,0.0,0.0,0.0,0.0,0.0,0.0,0.0,1.0,0.0,Clone_1594,52558
52594,1.0,0.0,0.0,0.0,0.0,0.0,0.0,0.0,0.0,0.0,Clone_4768,52594
52595,0.25,0.0,0.0,0.0,0.0,0.0,0.0,0.0,0.75,0.0,Clone_1368,52595
52653,0.0,0.0,0.0,0.0,0.0,0.0,0.0,1.0,0.0,0.0,Clone_2235,52653
52704,0.0,0.0,0.0,0.0,0.0,0.0,0.0,1.0,0.0,0.0,Clone_856,52704
52705,0.0,0.0,0.0,0.0,0.0,0.0,0.0,0.25,0.75,0.0,Clone_3176,52705
52845,0.0,0.0,0.0,0.0,0.0,0.0,1.0,0.0,0.0,0.0,Clone_5030,52845
52894,0.0,0.0,0.0,0.0,1.0,0.0,0.0,0.0,0.0,0.0,Clone_4753,52894
52898,0.0,0.0,0.0,0.0,1.0,0.0,0.0,0.0,0.0,0.0,Clone_3390,52898
52899,0.0,0.0,0.0,0.0,0.0,0.0,1.0,0.0,0.0,0.0,Clone_1305,52899
52913,0.0,0.0,0.0,0.0,0.0,0.0,0.0,0.0,1.0,0.0,Clone_1742,52913
52939,0.0,0.0,0.0,0.0,0.0,0.0,0.0,0.0,1.0,0.0,Clone_1086,52939
52941,0.0,0.0,0.0,0.0,0.0,0.0,0.0,0.0,1.0,0.0,Clone_3319,52941
52983,0.0,0.0,0.0,0.0,0.0,0.0,0.0,1.0,0.0,0.0,Clone_4775,52983
52985,0.0,0.0,0.0,0.0,0.0,0.0,0.0,1.0,0.0,0.0,Clone_4988,52985
53033,0.0,0.0,0.0,0.0,0.0,0.0,0.0,0.0,1.0,0.0,Clone_2910,53033
53041,0.0,0.0,0.0,0.0,0.0,0.0,0.0,0.0,1.0,0.0,Clone_565,53041
53081,0.0,0.0,0.0,0.0,0.0,1.0,0.0,0.0,0.0,0.0,Clone_3211,53081
53082,0.0,0.0,0.0,0.0,1.0,0.0,0.0,0.0,0.0,0.0,Clone_3749,53082
53083,0.0,0.0,0.0,0.0,0.0,0.0,0.0,0.25,0.75,0.0,Clone_508,53083
53095,0.0,0.0,0.0,0.0,0.0,0.0,0.0,0.5,0.5,0.0,Clone_4445,53095
53105,0.1,0.0,0.0,0.0,0.0,0.0,0.0,0.8,0.1,0.0,Clone_4087,53105
53138,0.0,0.0,0.0,0.0,0.0,0.0,0.0,0.5,0.5,0.0,Clone_4151,53138
53159,0.0,0.0,0.0,0.0,0.0,0.0,0.0,0.0714285714285714,0.9285714285714286,0.0,Clone_1982,53159
53173,0.0,0.0,0.0,0.0,0.0,0.0,0.0,1.0,0.0,0.0,Clone_1552,53173
53198,0.0,0.0,0.0,0.0,1.0,0.0,0.0,0.0,0.0,0.0,Clone_3969,53198
53206,0.0,0.0,0.0,0.0,0.0,0.0,0.0,0.1176470588235294,0.8823529411764706,0.0,Clone_2905,53206
53239,0.0,0.0,0.0,0.0,0.0,0.0,0.0,1.0,0.0,0.0,Clone_4658,53239
53242,0.0,0.0,0.0,0.0,0.0,0.0,0.0,1.0,0.0,0.0,Clone_2277,53242
53243,0.0,0.0,0.0,0.0,0.0,1.0,0.0,0.0,0.0,0.0,Clone_395,53243
53314,0.0,0.0,0.0,0.0,0.0,0.0,0.0,0.0,1.0,0.0,Clone_5322,53314
53316,0.0,0.0,0.0,0.0,1.0,0.0,0.0,0.0,0.0,0.0,Clone_4992,53316
53343,1.0,0.0,0.0,0.0,0.0,0.0,0.0,0.0,0.0,0.0,Clone_3558,53343
53362,0.0,0.0,0.0,0.0,0.0,0.0,0.0,1.0,0.0,0.0,Clone_2880,53362
53408,0.0,0.0,0.0,0.0,1.0,0.0,0.0,0.0,0.0,0.0,Clone_197,53408
53424,0.0,0.0,0.0,0.0,0.0,0.0,0.0,0.0,1.0,0.0,Clone_1137,53424
53455,0.0,0.0,0.0,0.0,1.0,0.0,0.0,0.0,0.0,0.0,Clone_5491,53455
53476,1.0,0.0,0.0,0.0,0.0,0.0,0.0,0.0,0.0,0.0,Clone_3558,53476
53487,0.0,0.0,0.0,0.0,0.5,0.0,0.0,0.5,0.0,0.0,Clone_4732,53487
53554,0.0,0.0,0.0,0.0,0.0,0.0,0.0,0.0,1.0,0.0,Clone_4584,53554
53587,0.0,0.0,0.0,0.0,0.0,0.0,0.0,1.0,0.0,0.0,Clone_3128,53587
53591,1.0,0.0,0.0,0.0,0.0,0.0,0.0,0.0,0.0,0.0,Clone_700,53591
53614,0.0,0.0,0.0,0.0,0.0,0.0,0.0,1.0,0.0,0.0,Clone_2462,53614
53615,0.0,0.0,0.0,0.0,0.0,0.0,0.0,0.0,1.0,0.0,Clone_4526,53615
53616,0.0,0.0,0.0,0.0,0.0,0.0,0.0,1.0,0.0,0.0,Clone_3325,53616
53639,1.0,0.0,0.0,0.0,0.0,0.0,0.0,0.0,0.0,0.0,Clone_4650,53639
53643,0.0,0.0,0.0,0.0,0.0,0.0,0.0,0.0,1.0,0.0,Clone_2575,53643
53644,0.0,0.0,0.0,0.0,0.0,0.0,0.0,1.0,0.0,0.0,Clone_3876,53644
53685,0.0,0.0,0.0,0.0,0.0,0.0,0.0,1.0,0.0,0.0,Clone_5490,53685
53705,0.0,0.0,0.0,0.0,0.0,0.0,0.0,0.0,1.0,0.0,Clone_506,53705
53708,0.0,0.0,0.0,0.0,0.0,0.0,0.0,0.0,1.0,0.0,Clone_4848,53708
53710,0.0,0.0,0.0,0.0,0.0,0.0,0.0,0.5,0.5,0.0,Clone_4445,53710
53717,0.6,0.0,0.0,0.0,0.0,0.0,0.0,0.0,0.4,0.0,Clone_5045,53717
53729,0.0,0.0,0.0,0.0,1.0,0.0,0.0,0.0,0.0,0.0,Clone_5071,53729
53755,0.0,0.0,0.0,0.0,0.0,0.0,0.0,0.0,1.0,0.0,Clone_5684,53755
53758,0.0,0.0,0.0,0.0,0.0,0.0,0.0,1.0,0.0,0.0,Clone_2047,53758
53770,1.0,0.0,0.0,0.0,0.0,0.0,0.0,0.0,0.0,0.0,Clone_1115,53770
53771,0.0,0.0,0.0,0.0,0.0,0.0,0.0,1.0,0.0,0.0,Clone_2082,53771
53774,0.6666666666666666,0.0,0.0,0.0,0.0,0.0,0.0,0.0,0.3333333333333333,0.0,Clone_1620,53774
53775,0.0,0.0,0.0,0.0,0.0,0.0,0.0,1.0,0.0,0.0,Clone_4297,53775
53785,0.9,0.0,0.0,0.0,0.0,0.0,0.0,0.0,0.1,0.0,Clone_2092,53785
53808,0.0,0.0,0.0,0.0,0.0,0.0,0.0,1.0,0.0,0.0,Clone_2998,53808
53850,0.0,0.0,0.0,0.0,0.0,0.0,0.0,1.0,0.0,0.0,Clone_5470,53850
53874,0.0,0.0,0.0,0.0,0.0,0.0,0.0,1.0,0.0,0.0,Clone_4368,53874
53905,0.0,0.0,0.0,0.0,0.0,0.0,0.0,1.0,0.0,0.0,Clone_3891,53905
53906,1.0,0.0,0.0,0.0,0.0,0.0,0.0,0.0,0.0,0.0,Clone_1030,53906
53913,0.0,0.0,0.0,0.0,0.0,0.0,1.0,0.0,0.0,0.0,Clone_5090,53913
53914,0.0,0.0,0.0,0.0,0.0,0.0,0.0,0.0,1.0,0.0,Clone_5850,53914
53951,0.0,0.0,0.0,0.0,0.0,0.0,0.0,0.0,1.0,0.0,Clone_4011,53951
54037,0.0,0.0,0.0,0.0,0.0,0.0,0.0,1.0,0.0,0.0,Clone_237,54037
54048,0.0,0.0,0.0,0.0,0.0,0.0,0.0,1.0,0.0,0.0,Clone_2871,54048
54058,0.0,0.0,0.0,0.0,0.0,0.0,0.0,0.0,1.0,0.0,Clone_4751,54058
54061,0.0,0.0,0.0,0.0,0.0,0.0,0.0,1.0,0.0,0.0,Clone_4308,54061
54110,0.0,0.0,0.0,0.0,0.0,0.0,0.0,0.0,1.0,0.0,Clone_4145,54110
54111,0.0,0.0,0.0,0.0,0.0,0.0,0.0,0.4615384615384615,0.5384615384615384,0.0,Clone_2429,54111
54185,0.0,0.0,0.0,0.0,1.0,0.0,0.0,0.0,0.0,0.0,Clone_379,54185
54214,0.0,0.0,0.0,0.0,0.0,0.0,0.0,0.0,1.0,0.0,Clone_2767,54214
54217,1.0,0.0,0.0,0.0,0.0,0.0,0.0,0.0,0.0,0.0,Clone_5562,54217
54237,0.0,0.0,0.0,0.0,0.0,0.0,0.0,1.0,0.0,0.0,Clone_856,54237
54261,0.0,0.0,0.0,0.0,0.0,0.0,0.0,1.0,0.0,0.0,Clone_830,54261
54325,0.0,0.0,0.0,0.0,0.0,0.0,0.0,0.0,1.0,0.0,Clone_1884,54325
54388,0.0,0.0,0.0,0.0,0.0,0.0,0.0,1.0,0.0,0.0,Clone_2383,54388
54395,0.0,0.0,0.0,0.0,0.0,0.0,0.0,1.0,0.0,0.0,Clone_2600,54395
54443,0.0,0.0,0.0,0.0,0.0,0.0,0.0,1.0,0.0,0.0,Clone_4106,54443
54469,1.0,0.0,0.0,0.0,0.0,0.0,0.0,0.0,0.0,0.0,Clone_3135,54469
54506,0.0,0.0,0.0,0.0,0.0,0.0,0.0,1.0,0.0,0.0,Clone_3504,54506
54536,0.0,0.0,0.0,0.0,0.0,0.0,0.0,0.0,1.0,0.0,Clone_5158,54536
54537,0.0,0.0,0.0,0.0,0.0,0.0,0.0,0.3333333333333333,0.6666666666666666,0.0,Clone_1292,54537
54538,0.0,0.0,0.0,0.0,0.0,0.0,1.0,0.0,0.0,0.0,Clone_1468,54538
54548,0.0,0.0,0.0,0.0,0.0,0.0,0.0,1.0,0.0,0.0,Clone_3759,54548
54550,0.0,0.0,0.0,0.0,0.0,0.0,0.0,1.0,0.0,0.0,Clone_21,54550
54577,0.0,0.0,0.0,0.0,0.0,0.0,0.0,0.0,1.0,0.0,Clone_224,54577
54660,0.0,0.0,0.0,0.0,0.0,0.0,0.0,0.0,1.0,0.0,Clone_4185,54660
54803,0.0,0.0,0.0,0.0,0.0,0.0,0.0,0.0,1.0,0.0,Clone_5853,54803
54804,0.0,0.0,0.0,0.0,0.0,0.0,0.0,0.0,1.0,0.0,Clone_748,54804
54810,0.0,0.0,0.0,0.0,0.0,0.0,0.0,1.0,0.0,0.0,Clone_460,54810
54820,0.0,0.0,0.0,0.0,0.0,0.0,0.0,1.0,0.0,0.0,Clone_2704,54820
54824,0.0,0.0,0.0,0.0,1.0,0.0,0.0,0.0,0.0,0.0,Clone_648,54824
54839,0.0,0.0,0.0,0.0,0.0,0.0,0.0,0.0,1.0,0.0,Clone_2161,54839
54841,0.0,0.0,0.0,0.0,0.0,0.0,0.0,1.0,0.0,0.0,Clone_2129,54841
54850,1.0,0.0,0.0,0.0,0.0,0.0,0.0,0.0,0.0,0.0,Clone_4655,54850
54879,0.0,0.0,0.0,0.0,0.0,0.0,0.0,0.0,1.0,0.0,Clone_39,54879
54894,0.0,0.0,0.0,0.0,0.0,0.0,0.0,1.0,0.0,0.0,Clone_859,54894
54915,0.0,0.0,0.0,0.0,0.0,0.0,0.0,0.5,0.5,0.0,Clone_4241,54915
54917,0.0,0.0,0.0,0.0,0.0,0.0,0.0,0.0,1.0,0.0,Clone_50,54917
54938,0.0,0.0,0.0,0.0,0.0,0.0,0.0,0.0,1.0,0.0,Clone_399,54938
54948,0.0,0.0,0.0,0.0,0.0,0.0,0.0,0.7777777777777778,0.2222222222222222,0.0,Clone_2967,54948
54950,0.0,0.0,0.0,0.0,0.0,0.0,0.0,0.0,1.0,0.0,Clone_831,54950
54953,0.0,0.0,0.0,0.0,0.0,0.0,0.0,1.0,0.0,0.0,Clone_5206,54953
54954,0.0,0.0,0.0,0.0,0.0,0.0,0.0,0.0,1.0,0.0,Clone_1045,54954
55036,0.0,0.0,0.0,0.0,1.0,0.0,0.0,0.0,0.0,0.0,Clone_4269,55036
55051,0.0,0.0,0.0,0.0,0.0,0.0,0.0,1.0,0.0,0.0,Clone_1734,55051
55077,0.0,0.0,0.0,0.0,1.0,0.0,0.0,0.0,0.0,0.0,Clone_2080,55077
55086,1.0,0.0,0.0,0.0,0.0,0.0,0.0,0.0,0.0,0.0,Clone_15,55086
55153,0.0,0.0,0.0,0.0,0.0,0.0,0.0,1.0,0.0,0.0,Clone_4885,55153
55200,0.0,0.0,0.0,0.0,0.0,0.0,0.0,0.0,1.0,0.0,Clone_2902,55200
55203,0.0,0.0,0.0,0.0,0.0,0.0,0.0,1.0,0.0,0.0,Clone_838,55203
55233,0.0,0.0,0.0,0.0,0.0,0.0,0.0,1.0,0.0,0.0,Clone_5699,55233
55266,0.0,0.0,0.0,0.0,0.0,0.0,0.0,1.0,0.0,0.0,Clone_4166,55266
55270,0.0,0.0,0.0,0.0,0.0,0.0,0.0,0.3333333333333333,0.6666666666666666,0.0,Clone_5384,55270
55271,0.0,0.0,0.0,0.0,0.0,0.0,0.0,0.0,1.0,0.0,Clone_922,55271
55316,0.0,0.0,0.0,0.0,0.0,0.0,0.0,0.3333333333333333,0.6666666666666666,0.0,Clone_1292,55316
55344,0.0,0.0,0.0,0.0,1.0,0.0,0.0,0.0,0.0,0.0,Clone_2912,55344
55349,0.0,0.0,0.0,0.0,1.0,0.0,0.0,0.0,0.0,0.0,Clone_3764,55349
55413,1.0,0.0,0.0,0.0,0.0,0.0,0.0,0.0,0.0,0.0,Clone_1433,55413
55414,0.0,0.0,0.0,0.0,0.0,0.0,0.0,1.0,0.0,0.0,Clone_1853,55414
55453,0.0,0.0,0.0,0.0,0.0,0.0,0.0,1.0,0.0,0.0,Clone_4586,55453
55467,1.0,0.0,0.0,0.0,0.0,0.0,0.0,0.0,0.0,0.0,Clone_4004,55467
55470,0.0,0.0,0.0,0.0,0.0,0.0,0.0,1.0,0.0,0.0,Clone_746,55470
55512,0.0,0.0,0.0,0.0,0.0,0.0,0.0,0.0,1.0,0.0,Clone_2549,55512
55535,1.0,0.0,0.0,0.0,0.0,0.0,0.0,0.0,0.0,0.0,Clone_4768,55535
55537,0.0,0.0,0.0,0.0,1.0,0.0,0.0,0.0,0.0,0.0,Clone_5635,55537
55605,0.0,0.0,0.0,0.0,0.0,0.0,0.0,0.0,1.0,0.0,Clone_2717,55605
55610,0.0,0.0,0.0,0.0,0.0,0.0,0.0,1.0,0.0,0.0,Clone_5413,55610
55699,1.0,0.0,0.0,0.0,0.0,0.0,0.0,0.0,0.0,0.0,Clone_1260,55699
55727,0.0,0.0,0.0,0.0,0.0,0.0,0.0,1.0,0.0,0.0,Clone_1201,55727
55733,0.0,0.0,0.0,0.0,0.0,0.0,0.0,0.0,1.0,0.0,Clone_2143,55733
55745,0.0,0.0,0.0,0.0,0.0,0.0,0.0,1.0,0.0,0.0,Clone_514,55745
55763,0.0,0.0,0.0,0.0,0.0,0.0,0.0,1.0,0.0,0.0,Clone_1019,55763
55765,0.0,0.0,0.0,0.0,0.0,0.0,0.0,0.6666666666666666,0.3333333333333333,0.0,Clone_1237,55765
55767,1.0,0.0,0.0,0.0,0.0,0.0,0.0,0.0,0.0,0.0,Clone_4291,55767
55770,1.0,0.0,0.0,0.0,0.0,0.0,0.0,0.0,0.0,0.0,Clone_3789,55770
55788,0.0,0.0,0.0,0.0,0.0,0.0,0.0,0.0,1.0,0.0,Clone_435,55788
55818,0.0,0.0,0.0,0.0,0.0,0.0,0.0,0.0,1.0,0.0,Clone_649,55818
55839,0.0,0.0,0.0,0.0,0.0,0.0,0.0,1.0,0.0,0.0,Clone_5764,55839
55842,0.0,0.0,0.0,0.0,0.0,0.0,0.0,1.0,0.0,0.0,Clone_4868,55842
55851,0.0,0.0,0.0,0.0,0.0,0.0,0.0,1.0,0.0,0.0,Clone_1111,55851
55877,0.0,0.0,0.0,0.0,0.0,1.0,0.0,0.0,0.0,0.0,Clone_3211,55877
55880,1.0,0.0,0.0,0.0,0.0,0.0,0.0,0.0,0.0,0.0,Clone_5182,55880
55885,0.0,0.0,0.0,0.0,0.0,0.0,0.0,0.0,1.0,0.0,Clone_4520,55885
55886,0.0,0.0,0.0,0.0,1.0,0.0,0.0,0.0,0.0,0.0,Clone_1446,55886
55911,0.0,0.0,0.0,0.0,0.0,0.0,0.0,1.0,0.0,0.0,Clone_1793,55911
55930,0.0,0.0,0.0,0.0,0.0,0.0,0.0,0.0,1.0,0.0,Clone_1689,55930
55966,0.0,0.0,0.0,0.0,0.0,0.0,0.0,1.0,0.0,0.0,Clone_2055,55966
56064,0.6,0.0,0.0,0.0,0.0,0.0,0.0,0.0,0.4,0.0,Clone_5045,56064
56065,0.0,0.0,0.0,0.0,0.0,0.0,1.0,0.0,0.0,0.0,Clone_3684,56065
56068,0.0,0.0,0.0,0.0,0.0,0.0,0.0,0.875,0.125,0.0,Clone_38,56068
56096,0.0,0.0,0.0,0.0,0.0,0.0,0.0,0.0,1.0,0.0,Clone_212,56096
56100,0.0,0.0,0.0,0.0,0.0,0.0,0.0,1.0,0.0,0.0,Clone_2932,56100
56102,0.0,0.0,0.0,0.0,0.0,0.0,0.0,0.05,0.95,0.0,Clone_5075,56102
56106,0.0,0.0,0.0,0.0,0.0,0.0,1.0,0.0,0.0,0.0,Clone_3241,56106
56139,1.0,0.0,0.0,0.0,0.0,0.0,0.0,0.0,0.0,0.0,Clone_1917,56139
56173,0.0,1.0,0.0,0.0,0.0,0.0,0.0,0.0,0.0,0.0,Clone_3785,56173
56180,0.0,0.0,0.0,0.0,0.0,0.0,0.0,1.0,0.0,0.0,Clone_4748,56180
56207,0.0,0.0,1.0,0.0,0.0,0.0,0.0,0.0,0.0,0.0,Clone_216,56207
56216,0.0,0.0,0.0,0.0,0.0,0.0,0.0,0.5,0.5,0.0,Clone_4326,56216
56326,0.0,0.0,0.0,0.0,0.0,0.0,0.0,0.6666666666666666,0.3333333333333333,0.0,Clone_3609,56326
56329,0.0,0.0,0.0,0.0,0.0,0.0,0.0,1.0,0.0,0.0,Clone_1873,56329
56332,0.0,0.0,0.0,0.0,0.0,0.0,0.0,1.0,0.0,0.0,Clone_1425,56332
56388,0.0,0.0,0.0,0.0,0.0,0.0,0.0,0.0,1.0,0.0,Clone_2504,56388
56405,0.8,0.0,0.0,0.0,0.0,0.0,0.2,0.0,0.0,0.0,Clone_3603,56405
56417,0.0,0.0,0.0,0.0,0.0,0.0,0.0,1.0,0.0,0.0,Clone_4106,56417
56452,0.0,0.0,0.0,0.0,0.0,0.0,0.0,1.0,0.0,0.0,Clone_4859,56452
56484,0.0,0.0,0.0,0.0,0.0,0.0,0.0,0.0,1.0,0.0,Clone_3495,56484
56489,1.0,0.0,0.0,0.0,0.0,0.0,0.0,0.0,0.0,0.0,Clone_1623,56489
56498,0.0,0.0,0.0,0.0,0.0,0.0,0.0,0.0,1.0,0.0,Clone_3574,56498
56514,0.0,0.0,0.0,0.0,0.6666666666666666,0.0,0.0,0.0,0.0,0.3333333333333333,Clone_4750,56514
56523,1.0,0.0,0.0,0.0,0.0,0.0,0.0,0.0,0.0,0.0,Clone_2275,56523
56546,0.0,0.0,0.0,0.0,0.0,0.0,0.0,1.0,0.0,0.0,Clone_3496,56546
56554,0.0,0.0,0.0,0.0,0.0,0.0,0.0,1.0,0.0,0.0,Clone_2304,56554
56555,0.0,0.0,0.0,0.0,0.0,0.0,0.0,0.0,1.0,0.0,Clone_4733,56555
56593,0.0,0.0,0.0,0.0,0.0,0.0,0.0,0.0,1.0,0.0,Clone_3120,56593
56636,0.0,0.0,0.0,0.0,0.0,0.0,0.0,0.0,1.0,0.0,Clone_201,56636
56640,0.0,0.0,0.0,0.0,0.0,0.0,0.0,1.0,0.0,0.0,Clone_2704,56640
56671,0.0,0.0,0.0,0.0,0.0,0.0,0.0,1.0,0.0,0.0,Clone_3046,56671
56756,0.0,0.0,0.0,0.0,0.0,0.0,0.0,0.0714285714285714,0.9285714285714286,0.0,Clone_1982,56756
56757,0.0,0.0,0.0,0.0,0.0,0.0,0.0,1.0,0.0,0.0,Clone_4106,56757
56758,0.0,0.0,0.0,0.0,0.0,0.0,0.0,1.0,0.0,0.0,Clone_2225,56758
56786,0.0,0.0,0.0,0.0,0.0,0.0,0.0,0.0,1.0,0.0,Clone_1933,56786
56790,0.0,0.0,0.0,0.0,0.0,0.0,0.0,0.3333333333333333,0.6666666666666666,0.0,Clone_4007,56790
56828,0.0,0.0,0.0,0.0,0.0,0.0,0.0,0.0,1.0,0.0,Clone_3206,56828
56830,0.0,0.0,0.0,0.0,1.0,0.0,0.0,0.0,0.0,0.0,Clone_1976,56830
56866,0.0,0.0,0.0,0.0,0.0,0.0,0.0,0.0,1.0,0.0,Clone_1582,56866
56867,0.0,0.0,0.0,0.0,0.0,0.0,0.0,0.0,1.0,0.0,Clone_3807,56867
56872,0.0,0.0,0.0,0.0,0.0,0.0,0.0,1.0,0.0,0.0,Clone_5710,56872
56907,1.0,0.0,0.0,0.0,0.0,0.0,0.0,0.0,0.0,0.0,Clone_4115,56907
56918,0.0,0.0,0.0,0.0,1.0,0.0,0.0,0.0,0.0,0.0,Clone_2493,56918
56928,0.0,0.0,0.0,0.0,0.0,0.0,0.0,1.0,0.0,0.0,Clone_5262,56928
56939,0.0,0.0,0.0,0.0,0.0,0.0,0.0,0.0,1.0,0.0,Clone_159,56939
56951,0.0,0.0,0.0,0.0,0.0,0.0,0.0,0.0,1.0,0.0,Clone_2902,56951
57051,0.0,0.0,0.0,0.0,0.0,0.0,0.0,0.0,0.0,1.0,Clone_5618,57051
57085,0.0,0.0,0.0,0.0,1.0,0.0,0.0,0.0,0.0,0.0,Clone_3375,57085
57102,0.0,0.0,0.0,0.0,0.0,0.0,0.0,0.2,0.8,0.0,Clone_3179,57102
57146,0.0,0.0,0.0,0.0,0.0,0.0,0.0,1.0,0.0,0.0,Clone_370,57146
57148,0.0,0.0,0.0,0.0,0.0,0.0,0.0,1.0,0.0,0.0,Clone_5616,57148
57182,0.0,0.0,0.0,0.0,0.0,0.0,0.0,1.0,0.0,0.0,Clone_2484,57182
57222,0.0,0.0,0.0,0.0,0.0,0.0,0.0,0.0,1.0,0.0,Clone_3120,57222
57224,0.0,0.0,0.0,0.0,0.0,0.0,0.0,1.0,0.0,0.0,Clone_331,57224
57231,0.0,0.0,0.0,0.0,0.0,0.0,0.0,0.0,1.0,0.0,Clone_4210,57231
57267,0.0,0.0,0.0,0.0,0.0,0.0,0.0,1.0,0.0,0.0,Clone_1015,57267
57305,0.0,0.0,0.0,0.0,0.0,0.0,0.0,1.0,0.0,0.0,Clone_2688,57305
57322,0.0,0.0,0.0,0.0,0.0,0.0,0.0,0.0,1.0,0.0,Clone_5685,57322
57382,0.0,0.0,0.0,0.0,0.0,0.0,0.0,1.0,0.0,0.0,Clone_2863,57382
57470,1.0,0.0,0.0,0.0,0.0,0.0,0.0,0.0,0.0,0.0,Clone_1532,57470
57491,1.0,0.0,0.0,0.0,0.0,0.0,0.0,0.0,0.0,0.0,Clone_4655,57491
57497,0.0,0.0,0.0,0.0,0.0,0.0,0.0,1.0,0.0,0.0,Clone_134,57497
57536,1.0,0.0,0.0,0.0,0.0,0.0,0.0,0.0,0.0,0.0,Clone_2446,57536
57540,0.0,0.0,0.0,0.0,0.0,0.0,0.0,0.0,1.0,0.0,Clone_1689,57540
57541,1.0,0.0,0.0,0.0,0.0,0.0,0.0,0.0,0.0,0.0,Clone_1913,57541
57542,1.0,0.0,0.0,0.0,0.0,0.0,0.0,0.0,0.0,0.0,Clone_4768,57542
57555,0.0,0.0,0.0,0.0,1.0,0.0,0.0,0.0,0.0,0.0,Clone_3390,57555
57567,0.0,0.0,0.0,0.0,0.0,0.0,0.0,1.0,0.0,0.0,Clone_5637,57567
57581,0.0,0.0,0.0,0.0,0.0,0.0,0.0,1.0,0.0,0.0,Clone_1546,57581
57606,0.0,0.0,0.0,0.0,0.0,0.0,0.0,1.0,0.0,0.0,Clone_950,57606
57607,0.0,0.0,0.0,0.0,0.0,0.0,0.0,0.3333333333333333,0.6666666666666666,0.0,Clone_1292,57607
57647,0.0,0.0,0.0,0.0,0.0,0.0,0.0,0.0,1.0,0.0,Clone_1728,57647
57683,0.0,0.0,0.0,0.0,0.0,0.0,0.0,0.0,1.0,0.0,Clone_1380,57683
57730,0.0,0.0,0.0,0.0,1.0,0.0,0.0,0.0,0.0,0.0,Clone_3589,57730
57759,0.0,0.0,0.0,0.0,0.0,0.0,0.0,1.0,0.0,0.0,Clone_1272,57759
57762,0.0,0.0,0.0,0.0,0.0,0.0,0.0,0.5,0.5,0.0,Clone_5605,57762
57771,0.0,0.0,0.0,0.0,1.0,0.0,0.0,0.0,0.0,0.0,Clone_5300,57771
57801,1.0,0.0,0.0,0.0,0.0,0.0,0.0,0.0,0.0,0.0,Clone_2446,57801
57807,0.0,0.0,0.0,0.0,0.0,0.0,0.0,1.0,0.0,0.0,Clone_2378,57807
57832,0.6666666666666666,0.0,0.0,0.0,0.0,0.0,0.0,0.0,0.3333333333333333,0.0,Clone_3136,57832
57869,0.0,0.0,0.0,0.0,0.0,0.3333333333333333,0.0,0.6666666666666666,0.0,0.0,Clone_99,57869
57880,0.0,0.0,0.0,0.0,0.0,0.0,0.0,1.0,0.0,0.0,Clone_2296,57880
57894,0.0,0.0,0.0,0.0,0.0,0.0,0.0,0.0,1.0,0.0,Clone_98,57894
57956,0.0,0.0,0.0,0.0,1.0,0.0,0.0,0.0,0.0,0.0,Clone_3746,57956
57981,1.0,0.0,0.0,0.0,0.0,0.0,0.0,0.0,0.0,0.0,Clone_3372,57981
58017,0.0,0.0,0.0,0.0,1.0,0.0,0.0,0.0,0.0,0.0,Clone_5552,58017
58092,1.0,0.0,0.0,0.0,0.0,0.0,0.0,0.0,0.0,0.0,Clone_4655,58092
58119,1.0,0.0,0.0,0.0,0.0,0.0,0.0,0.0,0.0,0.0,Clone_3421,58119
58121,0.0,0.0,0.0,0.0,0.0,0.0,0.0,1.0,0.0,0.0,Clone_21,58121
58177,1.0,0.0,0.0,0.0,0.0,0.0,0.0,0.0,0.0,0.0,Clone_2750,58177
58207,1.0,0.0,0.0,0.0,0.0,0.0,0.0,0.0,0.0,0.0,Clone_712,58207
58211,1.0,0.0,0.0,0.0,0.0,0.0,0.0,0.0,0.0,0.0,Clone_5833,58211
58252,0.0,0.0,0.0,0.0,0.0,0.0,0.0,0.0,1.0,0.0,Clone_3750,58252
58293,0.0,0.0,0.0,0.0,0.0,0.0,0.0,1.0,0.0,0.0,Clone_4279,58293
58322,0.0,0.0,0.0,0.0,0.0,0.0,0.0,0.0,1.0,0.0,Clone_2694,58322
58333,0.0,0.0,0.0,0.0,0.0,0.0,0.0,0.0,0.0,1.0,Clone_5618,58333
58345,0.0,0.0,0.0,0.0,0.0,0.0,0.0,1.0,0.0,0.0,Clone_2704,58345
58364,0.0,0.0,0.0,0.0,0.0,0.0,0.0,1.0,0.0,0.0,Clone_5716,58364
58365,0.0,0.5,0.0,0.0,0.5,0.0,0.0,0.0,0.0,0.0,Clone_1360,58365
58372,0.0,0.0,0.0,0.0,0.0,0.0,0.0,1.0,0.0,0.0,Clone_3465,58372
58399,0.0,0.0,0.0,0.0,0.0,0.0,0.0,0.0,1.0,0.0,Clone_567,58399
58403,0.0,0.0,0.0,0.0,0.0,0.0,0.0,0.0,1.0,0.0,Clone_3155,58403
58417,0.0,0.0,0.0,0.0,0.0,0.0,0.0,0.5,0.5,0.0,Clone_5605,58417
58474,0.0,0.25,0.0,0.0,0.0,0.0,0.0,0.75,0.0,0.0,Clone_841,58474
58497,0.0,0.0,0.0,0.0,0.0,0.0,0.0,0.0,1.0,0.0,Clone_4512,58497
58559,0.0,0.0,0.0,0.0,0.0,0.0,0.0,0.25,0.75,0.0,Clone_604,58559
58605,0.0,0.0,0.0,0.0,0.0,0.0,1.0,0.0,0.0,0.0,Clone_5030,58605
58615,1.0,0.0,0.0,0.0,0.0,0.0,0.0,0.0,0.0,0.0,Clone_2431,58615
58676,0.0,0.0,0.0,0.0,0.0,0.0,0.0,1.0,0.0,0.0,Clone_1111,58676
58677,0.0,0.0,0.0,0.0,0.0,0.0,0.0,0.9,0.1,0.0,Clone_4411,58677
58690,0.0,0.0,0.0,0.0,0.0,0.0,0.0,1.0,0.0,0.0,Clone_2304,58690
58713,0.0,0.0,0.0,0.0,0.0,0.0,0.0,1.0,0.0,0.0,Clone_2497,58713
58800,0.0,0.0,0.0,0.0,0.0,0.0,0.0,0.0,1.0,0.0,Clone_2505,58800
58827,1.0,0.0,0.0,0.0,0.0,0.0,0.0,0.0,0.0,0.0,Clone_1913,58827
58842,0.0,0.0,0.0,0.0,0.0,0.0,0.0,0.1428571428571428,0.8571428571428571,0.0,Clone_1985,58842
58860,0.0,0.0,0.0,0.0,0.0,0.0,0.0,1.0,0.0,0.0,Clone_4707,58860
58861,0.0,0.0,0.0,0.0,1.0,0.0,0.0,0.0,0.0,0.0,Clone_5552,58861
58862,0.0,0.0,0.0,0.0,0.0,0.0,0.0,1.0,0.0,0.0,Clone_2383,58862
58895,0.0,0.0,0.0,0.0,0.0,0.0,0.0,1.0,0.0,0.0,Clone_1919,58895
58934,0.0,0.0,0.0,0.0,0.0,0.0,1.0,0.0,0.0,0.0,Clone_3452,58934
58944,0.0,0.0,0.0,0.0,0.0,0.0,0.0,1.0,0.0,0.0,Clone_3000,58944
58956,0.0,0.0,0.0,0.0,0.0,0.0,0.0,1.0,0.0,0.0,Clone_5414,58956
58968,0.0,0.0,0.0,0.0,0.0,0.0,0.0,0.0,1.0,0.0,Clone_2763,58968
58970,1.0,0.0,0.0,0.0,0.0,0.0,0.0,0.0,0.0,0.0,Clone_1029,58970
59003,0.0,0.0,0.0,0.0,0.0,0.0,0.0,1.0,0.0,0.0,Clone_3541,59003
59009,0.0,0.0,0.0,0.0,0.0,0.0,0.0,0.5,0.5,0.0,Clone_5605,59009
59045,0.0,0.0,0.0,0.0,0.0,0.0,0.0,0.0,1.0,0.0,Clone_1489,59045
59063,0.0,0.0,0.0,0.0,0.0,0.0,0.0,1.0,0.0,0.0,Clone_375,59063
59065,0.0,0.0,0.0,0.0,1.0,0.0,0.0,0.0,0.0,0.0,Clone_648,59065
59088,0.0,0.0,0.0,0.0,0.0,0.0,0.0,1.0,0.0,0.0,Clone_1507,59088
59095,0.0,0.0,0.0,0.0,0.0,0.0,0.0,1.0,0.0,0.0,Clone_2352,59095
59130,0.0,0.0,0.0,0.0,0.0,0.0,0.0,0.0,1.0,0.0,Clone_2504,59130
59168,0.8461538461538461,0.0,0.0,0.0,0.0,0.0,0.0,0.0,0.1538461538461538,0.0,Clone_1441,59168
59171,0.0,0.0,0.0,0.0,0.0,0.0,0.0,0.8181818181818182,0.1818181818181818,0.0,Clone_5104,59171
59182,1.0,0.0,0.0,0.0,0.0,0.0,0.0,0.0,0.0,0.0,Clone_1690,59182
59208,0.0,0.0,0.0,0.0,0.0,0.0,0.0,0.0,1.0,0.0,Clone_4188,59208
59209,0.5,0.0,0.0,0.0,0.0,0.0,0.5,0.0,0.0,0.0,Clone_5041,59209
59246,0.0,0.0,0.0,0.0,0.0,0.0,0.0,1.0,0.0,0.0,Clone_5710,59246
59287,0.0,0.0,0.0,0.0,0.0,0.0,0.0,0.0,1.0,0.0,Clone_72,59287
59319,0.0,0.0,0.0,0.0,0.0,0.0,0.0,0.0,1.0,0.0,Clone_1627,59319
59324,0.0,0.0,0.0,0.0,0.0,0.0,0.0,1.0,0.0,0.0,Clone_1783,59324
59398,0.0,0.0,0.0,0.0,0.0,0.0,0.0,0.1666666666666666,0.8333333333333334,0.0,Clone_3560,59398
59405,0.0,0.0,0.0,0.0,0.0,0.0,0.0,0.0,1.0,0.0,Clone_4512,59405
59431,0.0,0.0,0.0,0.0,0.0,0.0,0.0,0.0,1.0,0.0,Clone_4018,59431
59470,0.1,0.0,0.0,0.0,0.0,0.0,0.0,0.8,0.1,0.0,Clone_4087,59470
59480,0.0,0.0,0.0,0.0,0.0,0.0,0.0,1.0,0.0,0.0,Clone_5206,59480
59545,1.0,0.0,0.0,0.0,0.0,0.0,0.0,0.0,0.0,0.0,Clone_2116,59545
59549,0.0,0.0,0.0,0.0,0.0,0.0,0.0,0.8333333333333334,0.1666666666666666,0.0,Clone_5387,59549
59620,0.0,0.0,0.0,0.0,0.0,0.0,0.0,1.0,0.0,0.0,Clone_3704,59620
59658,1.0,0.0,0.0,0.0,0.0,0.0,0.0,0.0,0.0,0.0,Clone_2450,59658
59668,0.0,0.0,0.0,0.0,0.0,0.0,0.0,0.0,1.0,0.0,Clone_567,59668
59699,1.0,0.0,0.0,0.0,0.0,0.0,0.0,0.0,0.0,0.0,Clone_5527,59699
59705,0.0,0.0,0.0,0.0,0.0,0.0,0.0,1.0,0.0,0.0,Clone_251,59705
59733,0.0,0.0,0.0,0.0,0.0,0.0,1.0,0.0,0.0,0.0,Clone_498,59733
59737,0.0,0.0,0.0,0.0,0.0,0.0,0.0,1.0,0.0,0.0,Clone_4554,59737
59739,0.0,0.0,0.0,0.0,0.0,0.0,0.0,0.0,1.0,0.0,Clone_3319,59739
59767,1.0,0.0,0.0,0.0,0.0,0.0,0.0,0.0,0.0,0.0,Clone_4286,59767
59768,0.0,0.0,0.0,0.0,0.0,0.0,0.0,1.0,0.0,0.0,Clone_701,59768
59770,0.0,0.0,0.0,0.0,0.0,0.0,0.0,0.75,0.0,0.25,Clone_513,59770
59792,1.0,0.0,0.0,0.0,0.0,0.0,0.0,0.0,0.0,0.0,Clone_1690,59792
59809,0.0,0.0,0.0,0.0,0.0,0.0,0.0,0.0,1.0,0.0,Clone_3451,59809
59812,0.0,0.0,0.0,0.0,0.0,0.0,0.0,0.875,0.125,0.0,Clone_38,59812
59816,0.0,0.0,0.0,0.0,0.0,0.0,0.0,1.0,0.0,0.0,Clone_5262,59816
59841,0.0,0.0,0.0,0.0,0.0,0.0,0.0,0.5,0.5,0.0,Clone_2946,59841
59920,0.0,0.0,0.0,0.0,0.0,0.0,0.0,1.0,0.0,0.0,Clone_2558,59920
59925,0.0,0.0,0.0,0.0,0.0,0.0,0.0,0.9166666666666666,0.0833333333333333,0.0,Clone_1453,59925
59936,0.0,0.0,0.0,0.0,0.0,0.0,0.0,0.0,1.0,0.0,Clone_72,59936
59964,0.0,0.0,0.0,0.0,0.0,0.0,0.0,1.0,0.0,0.0,Clone_4178,59964
60003,0.0,0.0,0.0,0.0,0.0,0.0,0.0,0.3333333333333333,0.6666666666666666,0.0,Clone_4567,60003
60013,0.0,0.0,0.0,0.0,0.0,0.0,0.0,0.0,1.0,0.0,Clone_2549,60013
60030,1.0,0.0,0.0,0.0,0.0,0.0,0.0,0.0,0.0,0.0,Clone_3867,60030
60042,0.0,0.0,0.0,0.0,0.0,0.0,0.0,1.0,0.0,0.0,Clone_3385,60042
60086,0.0,0.0,0.0,0.0,0.0,0.0,0.0,1.0,0.0,0.0,Clone_3496,60086
60120,0.0,0.0,0.0,0.0,0.0,0.0,0.0,0.0,1.0,0.0,Clone_5790,60120
60121,0.0,0.0,0.0,0.0,0.0,0.0,0.0,1.0,0.0,0.0,Clone_1482,60121
60122,1.0,0.0,0.0,0.0,0.0,0.0,0.0,0.0,0.0,0.0,Clone_776,60122
60160,0.0,0.0,0.0,0.0,0.0,0.0,0.0,0.0,1.0,0.0,Clone_898,60160
60164,0.0,0.0,0.0,0.0,0.0,0.0,0.0,0.25,0.75,0.0,Clone_604,60164
60211,0.0,0.0,0.0,0.0,0.0,0.0,0.0,1.0,0.0,0.0,Clone_1792,60211
60221,1.0,0.0,0.0,0.0,0.0,0.0,0.0,0.0,0.0,0.0,Clone_2431,60221
60238,0.0,0.0,0.0,0.0,0.0,0.0,0.0,1.0,0.0,0.0,Clone_4150,60238
60243,0.0,0.0,0.0,0.0,0.0,0.0,0.0,1.0,0.0,0.0,Clone_5278,60243
60280,0.0,0.0,0.0,0.0,0.0,0.0,0.0,1.0,0.0,0.0,Clone_2670,60280
60295,0.0,0.0,0.0,0.0,0.0,0.0,0.0,0.0,1.0,0.0,Clone_5211,60295
60297,0.0,0.0,0.0,0.0,1.0,0.0,0.0,0.0,0.0,0.0,Clone_3316,60297
60309,1.0,0.0,0.0,0.0,0.0,0.0,0.0,0.0,0.0,0.0,Clone_3080,60309
60322,0.0,0.0,0.0,0.0,0.0,0.0,0.0,1.0,0.0,0.0,Clone_3605,60322
60365,0.0,0.0,0.0,0.0,0.0,0.0,0.0,0.0,1.0,0.0,Clone_72,60365
60403,0.0,0.0,0.0,0.0,0.0,0.0,0.0,1.0,0.0,0.0,Clone_4872,60403
60437,0.0,0.0,0.0,0.0,0.0,0.0,0.0,0.0,1.0,0.0,Clone_2505,60437
60438,0.0,0.0,0.0,0.0,0.0,0.0,0.0,0.0,1.0,0.0,Clone_5311,60438
60439,0.0,0.0,0.0,0.0,0.0,0.0,0.0,1.0,0.0,0.0,Clone_3481,60439
60442,0.0,0.0,0.0,0.0,1.0,0.0,0.0,0.0,0.0,0.0,Clone_3787,60442
60457,1.0,0.0,0.0,0.0,0.0,0.0,0.0,0.0,0.0,0.0,Clone_5629,60457
60478,0.0,0.0,0.0,0.0,0.0,1.0,0.0,0.0,0.0,0.0,Clone_3211,60478
60483,0.0,0.0,0.0,0.0,0.0,0.0,0.0,1.0,0.0,0.0,Clone_3876,60483
60488,0.0,0.0,0.0,0.0,0.0,0.0,0.0,1.0,0.0,0.0,Clone_5123,60488
60496,0.0,0.0,0.0,0.0,0.0,0.0,0.0,0.0,1.0,0.0,Clone_5380,60496
60508,0.0,0.0,0.0,0.0,0.0,0.0,0.0,0.0,1.0,0.0,Clone_435,60508
60515,0.0,0.0,0.0,0.0,0.0,0.0,0.0,0.0,1.0,0.0,Clone_39,60515
60527,0.0,0.0,0.0,0.0,0.0,0.0,0.0,0.0,1.0,0.0,Clone_39,60527
60558,0.0,0.0,0.0,0.0,0.0,0.0,0.0,1.0,0.0,0.0,Clone_4344,60558
60566,0.0,0.0,0.0,0.0,0.0,0.0,0.0,1.0,0.0,0.0,Clone_1807,60566
60572,0.0,0.0,0.0,0.0,0.0,0.0,0.0,0.0,1.0,0.0,Clone_4428,60572
60584,1.0,0.0,0.0,0.0,0.0,0.0,0.0,0.0,0.0,0.0,Clone_551,60584
60585,0.0,0.0,0.0,0.0,0.0,0.0,0.0,0.0,1.0,0.0,Clone_1153,60585
60602,0.0,0.0,0.0,0.0,0.0,0.0,0.0,0.0,1.0,0.0,Clone_98,60602
60624,1.0,0.0,0.0,0.0,0.0,0.0,0.0,0.0,0.0,0.0,Clone_5007,60624
60636,0.0,0.0,0.0,0.0,0.0,0.0,0.0,0.1428571428571428,0.8571428571428571,0.0,Clone_1985,60636
60699,0.0,0.0,0.0,0.0,0.0,0.0,0.0,0.0,1.0,0.0,Clone_2293,60699
60707,1.0,0.0,0.0,0.0,0.0,0.0,0.0,0.0,0.0,0.0,Clone_3767,60707
60743,0.0,0.0,0.0,0.0,0.0,0.0,0.0,0.8181818181818182,0.1818181818181818,0.0,Clone_5104,60743
60796,0.0,0.0,0.0,0.0,0.0,0.0,0.0,1.0,0.0,0.0,Clone_4358,60796
60814,0.0,0.0,0.0,0.0,0.0,0.0,0.0,1.0,0.0,0.0,Clone_4638,60814
60848,0.0,0.0,0.0,0.0,0.0,0.0,0.0,0.0,1.0,0.0,Clone_4100,60848
60888,0.0,0.0,0.0,0.0,0.0,0.0,0.0,0.0,1.0,0.0,Clone_2362,60888
60889,0.0,0.0,0.0,0.0,0.0,0.0,0.0,1.0,0.0,0.0,Clone_3333,60889
60891,0.0,0.0,0.0,0.0,0.0,0.0,0.0,0.0,1.0,0.0,Clone_4518,60891
60905,0.0,0.0,0.0,0.0,0.0,0.0,0.0,1.0,0.0,0.0,Clone_5710,60905
60962,0.0,0.0,0.0,0.0,0.0,0.0,0.0,0.0,1.0,0.0,Clone_2549,60962
60966,0.0,0.0,0.0,0.0,0.0,0.0,0.0,0.0,1.0,0.0,Clone_3120,60966
60978,0.0,0.0,0.0,0.0,1.0,0.0,0.0,0.0,0.0,0.0,Clone_2185,60978
60999,0.0,0.0,0.0,0.0,0.0,0.0,0.0,0.0,1.0,0.0,Clone_2782,60999
61052,0.0,0.0,0.0,0.0,0.0,0.0,0.0,1.0,0.0,0.0,Clone_3780,61052
61069,1.0,0.0,0.0,0.0,0.0,0.0,0.0,0.0,0.0,0.0,Clone_4291,61069
61103,0.0,0.0,0.0,0.0,0.0625,0.0,0.0,0.9375,0.0,0.0,Clone_557,61103
61149,0.0,0.0,0.0,0.0,0.0,1.0,0.0,0.0,0.0,0.0,Clone_578,61149
61184,0.8461538461538461,0.0,0.0,0.0,0.0,0.0,0.0,0.0,0.1538461538461538,0.0,Clone_1441,61184
61305,0.0,0.0,0.0,0.0,0.0,0.0,0.7647058823529411,0.0,0.2352941176470588,0.0,Clone_958,61305
61341,0.0,0.0,0.0,0.0,0.0,0.0,0.0,0.0,1.0,0.0,Clone_3117,61341
61355,0.0,0.0,0.0,0.0,0.0,0.0,0.0,1.0,0.0,0.0,Clone_746,61355
61379,0.0,0.0,0.0,0.0,0.0,0.0,0.0,0.0,1.0,0.0,Clone_159,61379
61384,0.0,0.0,0.0,0.0,0.0,0.0,0.0,0.0,1.0,0.0,Clone_4848,61384
61417,0.0,0.0,0.0,0.0,0.0,0.0,0.0,0.0,1.0,0.0,Clone_1018,61417
61423,0.0,0.0,0.0,0.0,0.0,0.0,0.0,1.0,0.0,0.0,Clone_775,61423
61450,0.0,0.0,0.0,0.0,0.0,0.8888888888888888,0.0,0.0,0.1111111111111111,0.0,Clone_843,61450
61463,0.0,0.0,0.0,0.0,0.0,0.0,0.0,0.0,1.0,0.0,Clone_5657,61463
61479,0.0,0.0,0.0,0.0,0.0,0.0,0.0,0.7142857142857143,0.2857142857142857,0.0,Clone_2291,61479
61487,0.0,0.0,0.0,0.0,0.0,0.0,0.0,0.0,1.0,0.0,Clone_3599,61487
61520,0.0,0.0,0.0,0.0,0.0,0.0,0.0,1.0,0.0,0.0,Clone_2257,61520
61526,0.0,0.0,0.0,0.0,0.0,0.0,0.0,1.0,0.0,0.0,Clone_5057,61526
61635,1.0,0.0,0.0,0.0,0.0,0.0,0.0,0.0,0.0,0.0,Clone_712,61635
61659,0.0,0.0,0.0,0.0,1.0,0.0,0.0,0.0,0.0,0.0,Clone_1976,61659
61704,0.0,0.0,0.0,0.0,1.0,0.0,0.0,0.0,0.0,0.0,Clone_1350,61704
61722,0.0,0.0,0.0,0.0,0.0,0.0,0.0,1.0,0.0,0.0,Clone_2352,61722
61742,0.0,0.0,0.0,0.0,0.0,0.0,0.0,0.875,0.125,0.0,Clone_641,61742
61743,0.0,0.0,0.0,0.0,0.0,0.0,0.0,1.0,0.0,0.0,Clone_3729,61743
61746,0.0,0.0,0.0,0.0,1.0,0.0,0.0,0.0,0.0,0.0,Clone_3589,61746
61754,0.0,0.0,0.0,0.0,1.0,0.0,0.0,0.0,0.0,0.0,Clone_4754,61754
61796,0.0,0.0,0.0,0.0,0.0,0.0,0.0,1.0,0.0,0.0,Clone_3227,61796
61816,0.0,0.0,0.0,0.0,0.0,0.0,1.0,0.0,0.0,0.0,Clone_3065,61816
61819,0.0,0.0,0.0,0.0,0.0,0.0,0.0,1.0,0.0,0.0,Clone_5490,61819
61858,0.0,0.0,0.0,0.0,0.0,0.0,0.0,0.0,1.0,0.0,Clone_849,61858
61861,0.0,0.0,0.0,0.0,0.0,0.0,0.0,0.0,1.0,0.0,Clone_831,61861
61874,1.0,0.0,0.0,0.0,0.0,0.0,0.0,0.0,0.0,0.0,Clone_4291,61874
68480,0.0,0.0,0.0,0.0,0.0,0.0,0.0,1.0,0.0,0.0,Clone_799,68480
68482,0.0,0.0,0.0,0.0,0.0,0.0,0.0,0.1568627450980392,0.8431372549019608,0.0,Clone_1978,68482
68483,0.0,0.0,0.0,0.0,0.0,0.0,0.0,0.0,0.0,1.0,Clone_1614,68483
68486,0.0,0.0,0.0,0.0,0.0,0.0,0.0,0.0,1.0,0.0,Clone_5591,68486
68487,0.0,0.0,0.0,0.0,0.0,0.0,1.0,0.0,0.0,0.0,Clone_4550,68487
68488,0.935483870967742,0.0,0.0,0.0,0.0,0.032258064516129,0.0,0.032258064516129,0.0,0.0,Clone_5281,68488
68490,0.8461538461538461,0.0,0.0,0.0,0.0,0.0,0.0,0.0,0.1538461538461538,0.0,Clone_1441,68490
68496,0.0,0.0,0.0,0.0,0.0,0.0,0.0,0.5,0.5,0.0,Clone_5801,68496
68497,0.0,0.0,0.0,0.0,0.0,0.0,0.0,1.0,0.0,0.0,Clone_5858,68497
68500,0.0,0.0,0.0,0.0,0.0,0.0,0.0,0.0,1.0,0.0,Clone_5590,68500
68501,0.0,0.0,0.0,0.0,0.0,0.0,0.0,0.0,1.0,0.0,Clone_614,68501
68502,0.0,0.0,0.0,0.0,0.0,0.0,0.0,1.0,0.0,0.0,Clone_5048,68502
68506,0.0,0.0,0.0,0.0,0.0,0.0,0.0,0.6666666666666666,0.3333333333333333,0.0,Clone_593,68506
68509,0.0,0.0,0.0,0.0,0.0,0.25,0.75,0.0,0.0,0.0,Clone_650,68509
68513,0.0,0.0,0.0,0.0,0.0,0.0,0.0,1.0,0.0,0.0,Clone_672,68513
68516,0.0,0.0,0.0,0.0,0.0,0.0,0.0,0.7142857142857143,0.2857142857142857,0.0,Clone_1962,68516
68522,0.0,0.0,0.0,0.0,0.0,0.0,0.0,0.0,1.0,0.0,Clone_3324,68522
68527,0.0,0.0,0.0,0.0,0.0,0.0,0.0,0.0,1.0,0.0,Clone_5390,68527
68529,1.0,0.0,0.0,0.0,0.0,0.0,0.0,0.0,0.0,0.0,Clone_105,68529
68533,0.0,0.0,0.0,0.0,0.0,0.0,0.0,0.0,1.0,0.0,Clone_1145,68533
68537,1.0,0.0,0.0,0.0,0.0,0.0,0.0,0.0,0.0,0.0,Clone_4543,68537
68538,0.0,0.0,0.0,0.0,0.0,0.0,0.0,0.0,1.0,0.0,Clone_1312,68538
68540,0.0,0.0,0.0,0.0,0.0,0.0,0.0,1.0,0.0,0.0,Clone_672,68540
68541,0.0,0.0,0.0,0.0,0.0,0.0,0.0,0.0,1.0,0.0,Clone_5265,68541
68543,0.0,0.0,0.0,0.0,0.0,0.0,0.0,1.0,0.0,0.0,Clone_5315,68543
68546,0.0,0.0,0.0,0.0,0.0,0.0,0.0,0.0,1.0,0.0,Clone_4013,68546
68548,0.925925925925926,0.0,0.0,0.0,0.0,0.0,0.0,0.037037037037037,0.037037037037037,0.0,Clone_5025,68548
68550,0.0,0.0,0.0,0.0,0.0,0.0,0.0,0.0,1.0,0.0,Clone_1775,68550
68551,0.0,0.0,0.0,1.0,0.0,0.0,0.0,0.0,0.0,0.0,Clone_5792,68551
68565,0.0,0.0,0.0,0.0,0.0,0.0,0.0,0.0,1.0,0.0,Clone_1527,68565
68570,0.0,0.0,0.0,0.0,0.0,0.0,0.0,1.0,0.0,0.0,Clone_5858,68570
68572,0.0,0.0,0.0,0.0,0.0,0.0,0.0,1.0,0.0,0.0,Clone_4873,68572
68574,0.0,0.0,0.0,0.0,0.0,0.0208333333333333,0.0208333333333333,0.0,0.9583333333333334,0.0,Clone_2190,68574
68577,0.0,0.0,0.0,0.3333333333333333,0.0,0.0,0.6666666666666666,0.0,0.0,0.0,Clone_3265,68577
68590,0.0,0.0,0.0,0.0,0.0,0.0,0.0,0.5641025641025641,0.4358974358974359,0.0,Clone_2673,68590
68591,0.0,0.0,0.0,0.0,0.0,0.0,0.0,0.0,1.0,0.0,Clone_2877,68591
68592,0.0,0.0,0.0,0.0,0.0,0.0,0.0,1.0,0.0,0.0,Clone_3806,68592
68596,0.0,0.0,0.0,0.0,0.0,0.0,0.0,0.2424242424242424,0.7575757575757576,0.0,Clone_4248,68596
68601,0.0,0.0,0.0,0.0,0.0,0.0,0.0,0.8695652173913043,0.1304347826086956,0.0,Clone_591,68601
68602,0.0,0.0,0.0,0.0,0.0,0.0263157894736842,0.0,0.2763157894736842,0.6973684210526315,0.0,Clone_3869,68602
68603,0.0,0.0,0.0,0.4,0.0,0.0,0.6,0.0,0.0,0.0,Clone_2891,68603
68606,0.0,0.0,0.0,0.0,0.0,0.0,0.0,0.0,1.0,0.0,Clone_3765,68606
68613,0.0,0.0,0.0,0.0,0.0,0.0,0.0,1.0,0.0,0.0,Clone_390,68613
68615,1.0,0.0,0.0,0.0,0.0,0.0,0.0,0.0,0.0,0.0,Clone_3972,68615
68619,0.0909090909090909,0.0,0.0,0.0,0.0,0.9090909090909092,0.0,0.0,0.0,0.0,Clone_755,68619
68620,0.0,0.0,0.0,0.0,0.0,0.0,0.0,1.0,0.0,0.0,Clone_5194,68620
68621,0.0,0.0,0.0,0.0,0.0,0.0,0.0,1.0,0.0,0.0,Clone_799,68621
68624,1.0,0.0,0.0,0.0,0.0,0.0,0.0,0.0,0.0,0.0,Clone_609,68624
68625,0.0,0.0,0.0,0.0,0.0,0.0,0.0,1.0,0.0,0.0,Clone_709,68625
68626,1.0,0.0,0.0,0.0,0.0,0.0,0.0,0.0,0.0,0.0,Clone_3727,68626
68634,0.0,0.0,0.0,0.0,0.0,0.0,0.0,0.0,1.0,0.0,Clone_724,68634
68636,0.0,0.0,0.0,0.0,0.0,0.0,0.0,0.64,0.36,0.0,Clone_2402,68636
68637,1.0,0.0,0.0,0.0,0.0,0.0,0.0,0.0,0.0,0.0,Clone_4654,68637
68639,0.0,0.0,0.0,0.0,0.0,0.0,1.0,0.0,0.0,0.0,Clone_352,68639
68643,0.0,0.0,0.0,0.0,0.0,0.0,0.0,1.0,0.0,0.0,Clone_331,68643
68645,1.0,0.0,0.0,0.0,0.0,0.0,0.0,0.0,0.0,0.0,Clone_4034,68645
68646,0.0,0.0,0.0,0.0,0.0,0.0,0.0,1.0,0.0,0.0,Clone_2191,68646
68649,1.0,0.0,0.0,0.0,0.0,0.0,0.0,0.0,0.0,0.0,Clone_3733,68649
68651,0.0,0.0,0.0,0.0,0.0,0.0,0.0087719298245614,0.3596491228070175,0.631578947368421,0.0,Clone_5209,68651
68653,0.7222222222222222,0.0,0.0,0.0,0.0,0.1111111111111111,0.1666666666666666,0.0,0.0,0.0,Clone_2466,68653
68654,0.0,0.0,0.0,0.0,0.0,0.0,0.0,1.0,0.0,0.0,Clone_2855,68654
68655,0.0,0.0,0.0,0.0,0.0,0.0,0.0,1.0,0.0,0.0,Clone_4873,68655
68657,0.0,0.0,0.0,0.0,0.0,0.0,0.0,0.0,1.0,0.0,Clone_5553,68657
68659,0.0,0.0,0.0,0.0,0.0,0.0,0.0,0.0,1.0,0.0,Clone_716,68659
68661,0.9090909090909092,0.0,0.0909090909090909,0.0,0.0,0.0,0.0,0.0,0.0,0.0,Clone_1343,68661
68662,0.0,0.0,0.0,0.0,0.0,0.0,0.0,1.0,0.0,0.0,Clone_3097,68662
68670,0.0,0.0,0.0,0.0,0.0,0.0,0.0,0.0,1.0,0.0,Clone_2319,68670
68674,0.0,0.0,0.0,0.0,0.0,0.0,0.0,0.0,1.0,0.0,Clone_5773,68674
68675,0.0,0.0,0.0,0.0,0.0,0.0,0.0,0.0,1.0,0.0,Clone_4184,68675
68676,0.0,0.0,0.0,0.0,0.0,0.0,0.0,0.0,1.0,0.0,Clone_4935,68676
68679,0.0,0.0,0.0,0.0,0.0,0.0,0.0,0.0,1.0,0.0,Clone_655,68679
68680,0.5,0.0,0.0,0.4444444444444444,0.0,0.0,0.0,0.0555555555555555,0.0,0.0,Clone_1528,68680
68682,0.0,0.0,0.0,0.0,0.0,0.0,0.0,0.0,1.0,0.0,Clone_3060,68682
68687,0.0,0.0,0.0,0.0,0.0,0.0,0.0,0.8888888888888888,0.1111111111111111,0.0,Clone_2791,68687
68688,0.0069444444444444,0.0,0.0,0.0,0.0,0.0,0.0,0.2083333333333333,0.7847222222222222,0.0,Clone_1261,68688
68689,0.0,0.0,0.0,0.0,0.0,0.0,0.0,0.0,1.0,0.0,Clone_724,68689
68692,0.0,0.0,0.0,0.0,0.0,0.0,0.0,1.0,0.0,0.0,Clone_4155,68692
68696,0.0,0.0,0.0,0.0,0.0,0.0,0.0,0.0,1.0,0.0,Clone_3768,68696
68697,0.0,0.0,0.0,0.0,0.0,0.0,0.0,0.0,1.0,0.0,Clone_582,68697
68699,0.0,0.0,0.0,0.0,0.0,0.0,0.0,0.0,1.0,0.0,Clone_1604,68699
68700,0.0,0.0,0.0,0.0,0.0,0.0,0.0,1.0,0.0,0.0,Clone_121,68700
68701,0.0,0.0,0.0,0.0,0.0,0.0,0.0,0.3333333333333333,0.6666666666666666,0.0,Clone_4897,68701
68703,0.0,0.0,0.0,0.0,0.0,0.0,0.0,1.0,0.0,0.0,Clone_5047,68703
68704,0.0,0.0,0.0,0.0,0.0,0.0,0.0,1.0,0.0,0.0,Clone_709,68704
68705,0.0,0.0,0.0,0.0,0.0,0.0,0.0,0.0,1.0,0.0,Clone_3066,68705
68706,0.0,0.0,0.0,0.0,0.0,0.0,0.0,0.0476190476190476,0.9523809523809524,0.0,Clone_3301,68706
68707,0.925925925925926,0.0,0.0,0.0,0.0,0.0,0.0,0.037037037037037,0.037037037037037,0.0,Clone_5025,68707
68708,0.0,0.0,0.0,0.6666666666666666,0.0,0.3333333333333333,0.0,0.0,0.0,0.0,Clone_4943,68708
68709,0.0,0.0,0.0,0.0,0.0,0.0,0.0,0.0,1.0,0.0,Clone_5554,68709
68712,0.0,0.0,0.0,0.0,0.0,0.0,0.0,1.0,0.0,0.0,Clone_3007,68712
68713,0.0,0.0,0.0,0.0,0.0,0.0169491525423728,0.0,0.3220338983050847,0.6610169491525424,0.0,Clone_2005,68713
68714,0.0,0.0,0.0,0.0,0.0,0.0,0.0,0.0,1.0,0.0,Clone_693,68714
68715,1.0,0.0,0.0,0.0,0.0,0.0,0.0,0.0,0.0,0.0,Clone_1915,68715
68719,0.0,0.0,0.0,0.0,0.0,0.0,0.0,1.0,0.0,0.0,Clone_2014,68719
68723,0.0,0.0,0.0,0.0,0.0,0.0,0.0147058823529411,0.0147058823529411,0.9705882352941176,0.0,Clone_2811,68723
68728,0.0,0.0,0.0,0.0,0.0,0.0,0.0,0.7777777777777778,0.2222222222222222,0.0,Clone_5205,68728
68731,0.5581395348837209,0.0,0.0,0.0,0.0,0.0,0.0,0.0,0.4418604651162791,0.0,Clone_3927,68731
68733,0.0,0.0,0.0,0.0,0.0,0.0,0.0,1.0,0.0,0.0,Clone_3078,68733
68734,0.0,0.0,0.0,0.0,0.0,0.0,0.0,1.0,0.0,0.0,Clone_3007,68734
68735,0.5,0.0,0.0,0.0,0.0,0.0,0.5,0.0,0.0,0.0,Clone_5411,68735
68738,0.0,0.0,0.0,0.0,0.0,0.0,0.0,0.0,1.0,0.0,Clone_3423,68738
68740,0.0,0.0,0.0,0.0,0.0,0.0,0.0,0.0,1.0,0.0,Clone_5654,68740
68742,1.0,0.0,0.0,0.0,0.0,0.0,0.0,0.0,0.0,0.0,Clone_4258,68742
68751,0.0,0.0,0.0,0.0,0.0,0.0,1.0,0.0,0.0,0.0,Clone_871,68751
68756,0.0,0.0,0.0,0.0,0.0,0.0,0.0,1.0,0.0,0.0,Clone_121,68756
68757,0.0,0.0,0.0,0.0,0.0,0.0,0.0,0.0,1.0,0.0,Clone_1332,68757
68758,0.0,0.0,0.0,0.0,0.0,0.0,1.0,0.0,0.0,0.0,Clone_3065,68758
68761,0.0,0.0,0.0,0.0,0.0,0.0,0.0,1.0,0.0,0.0,Clone_3264,68761
68763,0.0,0.0,0.0,0.0,0.0,0.0,1.0,0.0,0.0,0.0,Clone_2654,68763
68764,0.0,0.0,0.0,0.0,0.0,0.3333333333333333,0.0,0.6666666666666666,0.0,0.0,Clone_99,68764
68767,0.0,0.0,0.0,0.0,0.0,0.0,0.0,0.0,1.0,0.0,Clone_823,68767
68771,0.0,0.0,0.0,0.0,0.0,0.0099009900990099,0.0,0.198019801980198,0.7920792079207921,0.0,Clone_3345,68771
68772,0.0,0.0,0.0,0.0,0.0,0.0,1.0,0.0,0.0,0.0,Clone_1908,68772
68777,0.0,0.0,0.0,0.0,0.0,0.0,0.0,0.0,1.0,0.0,Clone_4777,68777
68782,0.0,0.0,0.0,0.0,0.0,0.0,0.0,0.0,1.0,0.0,Clone_2423,68782
68783,0.0,0.0,0.0,0.0,0.0,0.0,0.0,1.0,0.0,0.0,Clone_3991,68783
68787,0.0,0.0,0.0,0.0,0.0,0.0,0.0,0.0,1.0,0.0,Clone_4721,68787
68788,1.0,0.0,0.0,0.0,0.0,0.0,0.0,0.0,0.0,0.0,Clone_3979,68788
68790,0.0,0.0,0.0,0.0,0.0,0.0,0.0,1.0,0.0,0.0,Clone_1807,68790
68791,0.0,0.0,0.0,0.0,0.0,0.0,0.0,1.0,0.0,0.0,Clone_1555,68791
68792,0.0,0.0,0.0,0.0,0.0,0.0,0.0,0.0,1.0,0.0,Clone_2884,68792
68798,0.0,0.0,0.0,1.0,0.0,0.0,0.0,0.0,0.0,0.0,Clone_228,68798
68799,0.0,0.0,0.0,0.0,0.0,0.0,0.0,1.0,0.0,0.0,Clone_5718,68799
68800,0.0,0.0,0.0,0.0,0.0,0.0,0.0,1.0,0.0,0.0,Clone_3458,68800
68802,0.0,0.0,0.0,1.0,0.0,0.0,0.0,0.0,0.0,0.0,Clone_1157,68802
68808,0.0,0.0,0.0,0.0,0.0,0.0,0.0,1.0,0.0,0.0,Clone_5648,68808
68810,0.0,0.0,0.0,0.0,0.0,0.0,0.0,1.0,0.0,0.0,Clone_3097,68810
68811,0.0,0.0,0.0117647058823529,0.0,0.0,0.0117647058823529,0.0,0.0,0.976470588235294,0.0,Clone_3612,68811
68813,0.0,0.0,0.0,0.0,0.0,0.0,0.0,0.1632653061224489,0.8367346938775511,0.0,Clone_2247,68813
68817,0.0,0.0,0.0,0.0,0.0,0.0,0.0,1.0,0.0,0.0,Clone_3002,68817
68819,0.0,0.0,0.0,0.0,0.0,0.0,1.0,0.0,0.0,0.0,Clone_2464,68819
68821,0.0,0.0,0.0,0.0,0.0,0.0,0.0,1.0,0.0,0.0,Clone_3931,68821
68822,0.0,0.0,0.0,0.0,0.0,0.0,1.0,0.0,0.0,0.0,Clone_4267,68822
68826,0.0,0.0,0.0,0.5,0.0,0.0,0.5,0.0,0.0,0.0,Clone_3664,68826
68828,0.0,0.0,0.0,0.0,0.0,0.0,0.0,1.0,0.0,0.0,Clone_3275,68828
68830,0.0,0.1,0.0,0.0,0.0,0.0,0.0,0.9,0.0,0.0,Clone_2660,68830
68841,0.0,0.0,0.0,0.0,0.0,0.0,0.0,1.0,0.0,0.0,Clone_562,68841
68849,0.0,0.0,0.0,0.0,0.0,0.0,0.0,0.0909090909090909,0.9090909090909092,0.0,Clone_3076,68849
68851,0.5581395348837209,0.0,0.0,0.0,0.0,0.0,0.0,0.0,0.4418604651162791,0.0,Clone_3927,68851
68852,0.0,0.0,0.0,0.0,0.0,0.0,1.0,0.0,0.0,0.0,Clone_3065,68852
68853,0.0,0.0,0.0,0.0,0.0,0.0,0.0,1.0,0.0,0.0,Clone_3991,68853
68861,0.0,0.0,0.0,0.0,0.0,0.0,0.0,1.0,0.0,0.0,Clone_4336,68861
68862,0.6666666666666666,0.0,0.3333333333333333,0.0,0.0,0.0,0.0,0.0,0.0,0.0,Clone_4095,68862
68866,0.0,0.0,0.0,0.0,0.0,0.0,0.0,1.0,0.0,0.0,Clone_3806,68866
68867,0.0,0.0,0.0,0.0,0.0,0.0,0.0,0.0,1.0,0.0,Clone_4085,68867
68871,1.0,0.0,0.0,0.0,0.0,0.0,0.0,0.0,0.0,0.0,Clone_3733,68871
68874,0.0,0.0,0.0,0.0,0.0,0.0,0.0,1.0,0.0,0.0,Clone_3642,68874
68876,0.0,1.0,0.0,0.0,0.0,0.0,0.0,0.0,0.0,0.0,Clone_4929,68876
68880,0.5384615384615384,0.0,0.0,0.0,0.0,0.1923076923076923,0.0,0.0,0.2692307692307692,0.0,Clone_5273,68880
68887,0.0,0.0,0.0,0.0,0.0,0.0,0.0,0.0476190476190476,0.9523809523809524,0.0,Clone_3301,68887
68889,0.0,0.0,0.0,0.6666666666666666,0.0,0.3333333333333333,0.0,0.0,0.0,0.0,Clone_4943,68889
68894,0.0,0.0,0.0,0.0,0.0,0.0,1.0,0.0,0.0,0.0,Clone_3919,68894
68896,0.0,0.0,0.0,0.0,0.0,0.0,0.0,1.0,0.0,0.0,Clone_2014,68896
68899,0.0,0.0,0.0,0.0,0.0,0.0,0.0,0.0,1.0,0.0,Clone_693,68899
68906,0.0,0.0,0.0,0.0,0.0,0.0,0.0,0.0,1.0,0.0,Clone_522,68906
68908,0.0,0.0,0.0,0.0,0.0,0.0,0.0,1.0,0.0,0.0,Clone_3991,68908
68909,0.0,0.0,0.0,0.0,0.0,0.04,0.0,0.56,0.4,0.0,Clone_3631,68909
68913,0.0,0.0,0.0,0.0,0.0,0.0,0.0,0.0,1.0,0.0,Clone_4701,68913
68915,0.0,0.0,0.0,0.0,0.0,0.0,0.0,0.0,1.0,0.0,Clone_2592,68915
68916,0.0,0.0,0.0,0.0,0.0,0.0,0.0,0.1333333333333333,0.8666666666666667,0.0,Clone_56,68916
68917,1.0,0.0,0.0,0.0,0.0,0.0,0.0,0.0,0.0,0.0,Clone_4036,68917
68919,0.0,0.0,0.0,0.0,0.0,0.0,0.0087719298245614,0.3596491228070175,0.631578947368421,0.0,Clone_5209,68919
68923,0.0,0.0,0.0,0.0,0.0,0.0,0.0,1.0,0.0,0.0,Clone_3193,68923
68925,0.0,0.0,0.0,0.0,0.0,0.0,0.0,0.75,0.25,0.0,Clone_5643,68925
68926,0.0,0.0,0.0,0.0,0.0,0.0,1.0,0.0,0.0,0.0,Clone_2464,68926
68927,0.0,0.0,0.0,0.0,0.0,0.0,0.0,0.8888888888888888,0.1111111111111111,0.0,Clone_2791,68927
68928,0.0,0.0,0.0,0.0,0.0,0.0,0.0,1.0,0.0,0.0,Clone_3198,68928
68939,0.0,0.0,0.0,0.0,0.0,0.0,0.0,1.0,0.0,0.0,Clone_1322,68939
68942,0.0,0.0,0.0,0.0,0.0,0.0,0.0,0.1388888888888889,0.8611111111111112,0.0,Clone_301,68942
68944,0.0,0.0,0.0,0.0,0.0,0.0,1.0,0.0,0.0,0.0,Clone_4569,68944
68947,0.0,0.0,0.0,0.0,0.0,0.0,0.0,0.0,1.0,0.0,Clone_3839,68947
68948,0.0,0.0,0.0,0.0,0.0,0.0,0.0,1.0,0.0,0.0,Clone_3198,68948
68950,0.0,0.0,0.0,0.0,0.0,0.0,0.0416666666666666,0.5416666666666666,0.4166666666666667,0.0,Clone_932,68950
68956,0.3548387096774194,0.0,0.3225806451612903,0.0,0.0,0.0,0.0,0.0,0.3225806451612903,0.0,Clone_346,68956
68965,0.0,0.0,0.0,0.0,0.0,0.0,0.0,0.0,1.0,0.0,Clone_2423,68965
68966,0.0,0.0,0.0,0.0,0.0,0.0,0.0,1.0,0.0,0.0,Clone_2418,68966
68968,0.0,0.0,0.0,0.0,0.0,0.0,0.0,1.0,0.0,0.0,Clone_3931,68968
68970,1.0,0.0,0.0,0.0,0.0,0.0,0.0,0.0,0.0,0.0,Clone_4949,68970
68974,0.0,0.0,0.0,0.0,0.0,0.0,0.0,0.5,0.5,0.0,Clone_5801,68974
68977,0.0,0.0,0.0,0.0,0.0,0.0,0.0,0.0909090909090909,0.9090909090909092,0.0,Clone_3076,68977
68979,0.0,0.0,0.0,0.0,0.0,0.0,1.0,0.0,0.0,0.0,Clone_1047,68979
68980,0.9473684210526316,0.0,0.0,0.0,0.0,0.0,0.0526315789473684,0.0,0.0,0.0,Clone_2255,68980
68982,0.0,0.25,0.0,0.0,0.0,0.0,0.0,0.75,0.0,0.0,Clone_3408,68982
68985,0.0,0.0666666666666666,0.0,0.0,0.0,0.0,0.0,0.9333333333333332,0.0,0.0,Clone_4680,68985
68987,0.0,0.0,0.0,0.0,0.0,0.0,0.0,0.1818181818181818,0.8181818181818182,0.0,Clone_4559,68987
68995,0.0,0.0,0.0,0.0,0.0,0.0,1.0,0.0,0.0,0.0,Clone_2552,68995
68996,0.0,0.0,0.0,0.0,0.0,0.0,0.0,0.0,1.0,0.0,Clone_1545,68996
68997,0.1666666666666666,0.0,0.0,0.6666666666666666,0.0,0.0,0.1666666666666666,0.0,0.0,0.0,Clone_1565,68997
69001,0.0,0.0,0.0,0.0,0.0,0.0,0.0,0.0,0.0,1.0,Clone_1614,69001
69002,0.0,0.0,0.0,0.0,0.0,0.0,0.0,0.0,1.0,0.0,Clone_2899,69002
69005,0.0,0.0,0.0,0.0,0.0,0.0,0.0087719298245614,0.3596491228070175,0.631578947368421,0.0,Clone_5209,69005
69007,0.0,0.0,0.0,0.0,0.0,0.0,1.0,0.0,0.0,0.0,Clone_2321,69007
69008,0.0,0.0,0.0,0.0,0.0,0.0,0.0,1.0,0.0,0.0,Clone_5858,69008
69009,0.9090909090909092,0.0,0.0909090909090909,0.0,0.0,0.0,0.0,0.0,0.0,0.0,Clone_1343,69009
69013,0.0,0.0,0.0,0.0,0.0,0.0,0.0,0.0,1.0,0.0,Clone_1595,69013
69015,0.0,0.0,0.0,0.0,0.0,0.0,1.0,0.0,0.0,0.0,Clone_3790,69015
69016,0.0,0.0,0.0,0.0,0.0,0.0,0.0,1.0,0.0,0.0,Clone_5171,69016
69020,1.0,0.0,0.0,0.0,0.0,0.0,0.0,0.0,0.0,0.0,Clone_1915,69020
69026,0.0,0.0,0.0,0.0,0.0,0.0,0.0,0.0,1.0,0.0,Clone_2884,69026
69027,0.0,0.0,0.0,0.0,0.0,0.0,0.0,1.0,0.0,0.0,Clone_210,69027
69030,0.0,0.0,0.0,0.0,0.0,0.0,0.0,0.0,1.0,0.0,Clone_3633,69030
69034,0.0,0.0,0.0,0.0,0.0,0.0,1.0,0.0,0.0,0.0,Clone_1420,69034
69037,0.0,0.0,0.0,0.0,0.0,0.0,1.0,0.0,0.0,0.0,Clone_213,69037
69039,0.0,0.0,0.0,0.0,0.0,0.0,0.0,1.0,0.0,0.0,Clone_4621,69039
69041,1.0,0.0,0.0,0.0,0.0,0.0,0.0,0.0,0.0,0.0,Clone_697,69041
69050,0.0,0.0,0.0,0.0,0.0,0.0,0.0,0.0,1.0,0.0,Clone_3423,69050
69053,0.0,0.0,0.0,0.0,0.0,0.0,0.0,0.0,1.0,0.0,Clone_693,69053
69054,0.0,0.0,0.0,0.0,0.0,0.0,0.0,1.0,0.0,0.0,Clone_562,69054
69056,0.0,0.0,0.0,0.0,0.0,0.0099009900990099,0.0,0.198019801980198,0.7920792079207921,0.0,Clone_3345,69056
69059,0.0,0.0,0.0,0.0,0.0,0.0,1.0,0.0,0.0,0.0,Clone_811,69059
69061,0.9523809523809524,0.0,0.0476190476190476,0.0,0.0,0.0,0.0,0.0,0.0,0.0,Clone_2367,69061
69062,0.0,0.0,0.0,0.0,0.0,0.0,0.0,0.0,1.0,0.0,Clone_2423,69062
69064,0.0,0.0,0.0,0.125,0.0,0.0,0.875,0.0,0.0,0.0,Clone_544,69064
69068,0.0,0.0,0.0,0.0,0.0,0.0,0.0,0.0,1.0,0.0,Clone_522,69068
69069,0.7142857142857143,0.0,0.0,0.0,0.0,0.2857142857142857,0.0,0.0,0.0,0.0,Clone_4157,69069
69074,0.5384615384615384,0.0,0.0,0.0,0.0,0.1923076923076923,0.0,0.0,0.2692307692307692,0.0,Clone_5273,69074
69079,0.0,0.0,0.0,0.0,0.0,0.0,0.0,0.0,1.0,0.0,Clone_522,69079
69082,0.979591836734694,0.0,0.0204081632653061,0.0,0.0,0.0,0.0,0.0,0.0,0.0,Clone_3093,69082
69088,0.0,0.0,0.0,1.0,0.0,0.0,0.0,0.0,0.0,0.0,Clone_4812,69088
69089,0.0,0.0,0.0,1.0,0.0,0.0,0.0,0.0,0.0,0.0,Clone_5787,69089
69090,0.0131578947368421,0.0,0.0131578947368421,0.0,0.0,0.0,0.0,0.1842105263157894,0.7894736842105263,0.0,Clone_2831,69090
69091,0.0,0.0,0.0,0.0,0.0,0.0,0.9473684210526316,0.0,0.0526315789473684,0.0,Clone_5062,69091
69093,0.0,0.0,0.0,0.0,0.0,0.0,0.0,1.0,0.0,0.0,Clone_799,69093
69096,1.0,0.0,0.0,0.0,0.0,0.0,0.0,0.0,0.0,0.0,Clone_4222,69096
69098,0.0,0.0,0.0,0.0,0.0,0.0,0.0,0.0,1.0,0.0,Clone_4375,69098
69100,0.0,0.0,0.0,0.0,0.0,0.0,0.0,1.0,0.0,0.0,Clone_2014,69100
69101,0.0,0.0,0.0,0.0,0.0,1.0,0.0,0.0,0.0,0.0,Clone_2349,69101
69104,0.7222222222222222,0.0,0.0,0.0,0.0,0.1111111111111111,0.1666666666666666,0.0,0.0,0.0,Clone_2466,69104
69105,0.0,0.0,0.0,0.0,0.0,0.0,0.0,0.0,1.0,0.0,Clone_1691,69105
69106,0.0,0.0,0.0,0.0,0.0,0.0,1.0,0.0,0.0,0.0,Clone_3802,69106
69112,0.0,0.0,0.0,0.0,0.0,0.0,0.0,1.0,0.0,0.0,Clone_5048,69112
69113,0.0,0.0,0.0,0.0,0.0,0.0208333333333333,0.0208333333333333,0.0,0.9583333333333334,0.0,Clone_2190,69113
69115,0.0,0.0,0.0,0.0,0.0,0.0,1.0,0.0,0.0,0.0,Clone_523,69115
69116,0.0,0.0,0.0,0.0,0.0,0.0,0.0,0.4473684210526316,0.5526315789473685,0.0,Clone_2224,69116
69118,0.925925925925926,0.0,0.0,0.0,0.0,0.0,0.0,0.037037037037037,0.037037037037037,0.0,Clone_5025,69118
69120,0.0,0.0,0.0,0.0,0.0,0.0,0.0,0.1568627450980392,0.8431372549019608,0.0,Clone_1978,69120
69121,0.0,0.0,0.0,0.0,0.0,0.037037037037037,0.0,0.0,0.9629629629629628,0.0,Clone_1212,69121
69126,0.0,0.0,0.0,0.0,0.0,0.0263157894736842,0.0,0.2763157894736842,0.6973684210526315,0.0,Clone_3869,69126
69134,0.0,0.0,0.0,0.0,0.0,0.0,0.0,0.0,1.0,0.0,Clone_2611,69134
69135,0.0,0.0,0.0,0.7142857142857143,0.0,0.0,0.2857142857142857,0.0,0.0,0.0,Clone_998,69135
69136,0.0,0.0,0.0,0.0,0.0,0.0,0.0,0.0,1.0,0.0,Clone_2320,69136
69137,0.0,0.0,0.0,0.0,0.0,0.0,0.0,0.0,1.0,0.0,Clone_4085,69137
69139,0.0,0.0,0.0,0.0,0.0,0.0,0.0,0.0,1.0,0.0,Clone_2592,69139
69140,0.0,0.0,0.0,0.0,0.0,0.0,0.0,0.417910447761194,0.582089552238806,0.0,Clone_3165,69140
69141,0.0,0.0,0.0,0.0,0.0,0.0,0.0,1.0,0.0,0.0,Clone_2150,69141
69144,0.0,0.0,0.0,0.0,0.0,0.0,0.0,0.0,0.0,1.0,Clone_1660,69144
69146,0.0,0.0,0.0,0.0,0.0,0.0,0.0,0.0,1.0,0.0,Clone_82,69146
69151,0.0,0.0,0.0,0.0,0.0,0.0,0.0,0.5,0.5,0.0,Clone_4957,69151
69152,0.0,0.0,0.0,0.0,0.0,0.0,0.0,0.0,1.0,0.0,Clone_2,69152
69154,0.0,0.0,0.0,0.0,0.0,0.0,1.0,0.0,0.0,0.0,Clone_2511,69154
69163,0.0,0.0,0.0,1.0,0.0,0.0,0.0,0.0,0.0,0.0,Clone_3538,69163
69164,0.0,0.0,0.0,0.0,0.0,0.0,0.0,0.0,1.0,0.0,Clone_3992,69164
69165,0.0,0.0,0.0,0.0,0.0,0.0,1.0,0.0,0.0,0.0,Clone_352,69165
69168,0.0,0.0,0.0,0.0,0.0,0.0,0.0,0.7,0.3,0.0,Clone_4304,69168
69170,0.0,0.0,0.0,0.0,0.0,0.0,0.0,1.0,0.0,0.0,Clone_1892,69170
69171,0.0,0.0,0.0,0.0,0.0,0.0,0.0,1.0,0.0,0.0,Clone_1583,69171
69173,0.0,0.0,0.0,0.0,0.0,0.0,0.0,0.0,1.0,0.0,Clone_4620,69173
69178,0.0,0.0,0.0,0.0,0.0,0.0,0.0,0.0,1.0,0.0,Clone_5547,69178
69181,0.9473684210526316,0.0,0.0,0.0,0.0,0.0,0.0526315789473684,0.0,0.0,0.0,Clone_2255,69181
69184,0.0,1.0,0.0,0.0,0.0,0.0,0.0,0.0,0.0,0.0,Clone_3178,69184
69188,0.0,0.0,0.0,0.0,0.0,0.0,0.0,1.0,0.0,0.0,Clone_4873,69188
69192,0.0,0.0,0.0,0.0,0.0,0.0,0.0,1.0,0.0,0.0,Clone_2855,69192
69197,0.0,0.0,0.0,0.0,0.0,0.0,0.9473684210526316,0.0,0.0526315789473684,0.0,Clone_5062,69197
69198,0.0,0.0,0.0,0.0,0.0,0.0,1.0,0.0,0.0,0.0,Clone_1950,69198
69207,0.0,0.0,0.0,0.0,0.0,0.0,0.9473684210526316,0.0,0.0526315789473684,0.0,Clone_5062,69207
69213,0.0,0.0,0.0,0.0,0.0,0.0,0.0,1.0,0.0,0.0,Clone_210,69213
69219,0.0,0.0,0.0,0.0,0.0,0.0,0.0,1.0,0.0,0.0,Clone_4908,69219
69223,0.0,0.0,0.0,0.0,0.0,0.0,0.0,1.0,0.0,0.0,Clone_4142,69223
69225,0.9591836734693876,0.0,0.0,0.0,0.0,0.0,0.0204081632653061,0.0,0.0204081632653061,0.0,Clone_982,69225
69228,0.0,0.0,0.0,0.0,1.0,0.0,0.0,0.0,0.0,0.0,Clone_1510,69228
69229,0.0,0.0,0.0,0.0,0.0,0.0,0.0,1.0,0.0,0.0,Clone_5267,69229
69230,0.0,0.0,0.0,0.0,0.0,0.0,1.0,0.0,0.0,0.0,Clone_2464,69230
69233,0.6666666666666666,0.0,0.3333333333333333,0.0,0.0,0.0,0.0,0.0,0.0,0.0,Clone_4095,69233
69238,0.0,0.0,0.0,0.4,0.0,0.0,0.6,0.0,0.0,0.0,Clone_2891,69238
69242,0.0,0.0,0.0,0.0,0.0,0.0,1.0,0.0,0.0,0.0,Clone_3065,69242
69248,0.0,0.0,0.0,0.0,0.0,0.0,0.0,0.0,1.0,0.0,Clone_3830,69248
69251,0.0,1.0,0.0,0.0,0.0,0.0,0.0,0.0,0.0,0.0,Clone_323,69251
69254,0.0,0.0,0.0,0.0,0.0,0.0,0.0,0.0,1.0,0.0,Clone_5547,69254
69257,0.0,0.0,0.0,0.4,0.0,0.0,0.6,0.0,0.0,0.0,Clone_2891,69257
69262,0.0,0.0,0.0,1.0,0.0,0.0,0.0,0.0,0.0,0.0,Clone_2714,69262
69265,0.1666666666666666,0.0,0.0,0.6666666666666666,0.0,0.0,0.1666666666666666,0.0,0.0,0.0,Clone_1565,69265
69268,0.0526315789473684,0.0,0.0,0.0,0.0,0.0,0.0,0.0,0.9473684210526316,0.0,Clone_2618,69268
69269,0.0,0.0,0.0,0.0,0.0,0.0,0.0,0.8823529411764706,0.1176470588235294,0.0,Clone_1899,69269
69270,0.0,0.0,0.0,0.0,0.0,0.0,0.0,1.0,0.0,0.0,Clone_4578,69270
69271,0.0,0.0,0.0,0.0,0.0,0.0,0.0,1.0,0.0,0.0,Clone_121,69271
69275,0.0,0.0,0.0,0.0,0.0,0.0,0.0,0.0,1.0,0.0,Clone_2325,69275
69276,0.0769230769230769,0.0,0.0769230769230769,0.0769230769230769,0.0,0.7692307692307693,0.0,0.0,0.0,0.0,Clone_5156,69276
69277,0.3333333333333333,0.0,0.0,0.0,0.0,0.0,0.6666666666666666,0.0,0.0,0.0,Clone_2123,69277
69280,0.0,0.0,0.0,0.0,0.0,0.0,0.0,0.0,1.0,0.0,Clone_4321,69280
69284,0.0,0.0,0.0,0.0,0.0,0.0,0.0,0.6666666666666666,0.3333333333333333,0.0,Clone_593,69284
69290,1.0,0.0,0.0,0.0,0.0,0.0,0.0,0.0,0.0,0.0,Clone_2973,69290
69296,0.0,0.0,0.0,0.0,0.0,0.0,0.0,1.0,0.0,0.0,Clone_1730,69296
69297,0.0,1.0,0.0,0.0,0.0,0.0,0.0,0.0,0.0,0.0,Clone_4929,69297
69299,0.9565217391304348,0.0,0.0434782608695652,0.0,0.0,0.0,0.0,0.0,0.0,0.0,Clone_4419,69299
69301,0.0,0.0,0.0,0.0,0.0,0.0,0.0,1.0,0.0,0.0,Clone_1583,69301
69308,0.0,0.0,0.0,0.0,0.0,0.0,0.0,0.0,1.0,0.0,Clone_2319,69308
69312,0.0,0.0,0.0,0.0,0.0,0.0,0.0,0.0,1.0,0.0,Clone_3016,69312
69313,0.0,0.0,0.0,0.0,0.0,0.0,1.0,0.0,0.0,0.0,Clone_1950,69313
69317,0.0,0.0,0.0,0.0,0.0,0.0,0.0,0.5,0.5,0.0,Clone_5801,69317
69322,0.0,0.0,0.0,0.0,0.0,0.0,1.0,0.0,0.0,0.0,Clone_352,69322
69324,0.9761904761904762,0.0,0.0,0.0,0.0,0.0,0.0,0.0238095238095238,0.0,0.0,Clone_5663,69324
69326,0.0,0.0,0.0,0.0,0.0,0.0,0.0,0.3333333333333333,0.6666666666666666,0.0,Clone_4897,69326
